:020000040800F2
:1000000000000220910B0008C1080008C908000880
:10001000DD080008F10800080509000800000000DC
:1000200000000000000000000000000019090008A6
:1000300027090008000000003509000843090008EE
:10004000E10B0008E10B0008E10B0008E10B0008E0
:10005000E10B0008E10B0008E10B0008E10B0008D0
:10006000E10B0008E10B0008E10B0008E10B0008C0
:10007000E10B0008E10B0008E10B0008E10B0008B0
:10008000E10B0008E10B0008E10B00080000000094
:10009000000000000000000000000000E10B00086C
:1000A000E10B0008E10B0008E10B0008E10B000880
:1000B000E10B0008E10B0008E10B0008E10B000870
:1000C000E10B0008E10B0008E10B0008E10B000860
:1000D000E10B0008E10B0008E10B00080000000044
:1000E000E10B0008E10B0008E10B00080000000034
:1000F000000000000000000000000000E10B00080C
:1001000000000000E10B0008E10B0008E10B000813
:1001100000000000000000000000000000000000DF
:10012000E10B0008E10B0008E10B0008E10B0008FF
:10013000E10B0008000000000000000000000000CB
:10014000000000000000000000000000510900084D
:10015000E10B0008E10B0008E10B0008E10B0008CF
:10016000E10B0008E10B00080000000000000000A7
:10017000000000000000000000000000000000007F
:1001800000000000E10B000800000000000000007B
:08019000E10B0008E10B00087F
:1001A00010B5054C237833B9044B13B10448AFF3B1
:1001B00000800123237010BD5009002000000000C2
:1001C0008499010808B5034B1BB103490348AFF3F9
:1001D000008008BD00000000540900208499010837
:1001E000034613F8012B002AFBD1181A0138704777
:1001F00001F0FF01102A2BDB10F0070F08D010F8D8
:10020000013B013A8B422DD010F0070F42B3F6D1DB
:10021000F0B441EA012141EA014122F007047FF0F4
:1002200000070023F0E80256083C85EA010586EA4B
:10023000010685FA47F5A3FA87F586FA47F6A5FA87
:1002400087F68EB9EED1F0BC01F0FF0102F0070293
:1002500032B110F8013B013A83EA010313B1F8D13E
:100260000020704701387047002D06BF354603381F
:10027000073815F0010F07D1013015F4807F02BF58
:10028000013015F4C03F0130F0BC0138704700BFA9
:1002900053B94AB9002908BF00281CBF4FF0FF31ED
:1002A0004FF0FF3000F088B9ADF1080C6DE904CED5
:1002B00000F006F8DDF804E0DDE9022304B0704741
:1002C0002DE9F047089D8E4604468846002B4AD10A
:1002D0008A42174662D9B2FA82F64EB1C6F12003BD
:1002E00001FA06F820FA03F3B74043EA0808B440DD
:1002F0004FEA174E1FFA87FCB8FBFEF1230C0EFBEA
:10030000118843EA084301FB0CF29A4209D9FB1811
:1003100001F1FF3080F0EA809A4240F2E780023932
:100320003B449A1AA3B2B2FBFEF00EFB102243EA42
:10033000024300FB0CFC9C4509D9FB1800F1FF327D
:1003400080F0D6809C4540F2D3803B44023840EA9E
:100350000140A3EB0C0300211DB1F3400022C5E9CD
:100360000032BDE8F0878B4205D90DB1C5E9000127
:1003700000210846F5E7B3FA83F1002946D1734519
:1003800002D3824200F20581841A6EEB030201203F
:100390009046002DE5D0C5E90048E2E7002A00F0CC
:1003A0009080B2FA82F6002E40F0A4808A1A030CE4
:1003B0004FEA174E80B2BCB20121B2FBFEFC0EFB2D
:1003C0001C2243EA024304FB0CF29A4207D9FB18B1
:1003D0000CF1FF3802D29A4200F2E080C4469B1A28
:1003E000B3FBFEF20EFB123340EA034302FB04F4BC
:1003F0009C4207D9FB1802F1FF3002D29C4200F266
:10040000CA8002461B1B42EA0C40A5E7C1F1200648
:100410008B4022FA06F71F430EFA01F420FA06F386
:100420002EFA06FE4FEA1749234300FA01F81FFA95
:1004300087FCBEFBF9F01C0C09FB10EE44EA0E44ED
:1004400000FB0CFEA64502FA01F209D93C1900F1A5
:10045000FF3A80F09C80A64540F2998002383C44E7
:10046000A4EB0E041FFA83FEB4FBF9F309FB13445B
:100470004EEA044403FB0CFCA44508D93C1903F1E3
:10048000FF3E80F08280A4457FD9023B3C4443EA92
:100490000040A4EB0C04A0FB02EC64457346E1466B
:1004A00062D35FD05DB1B8EB030264EB090404FAD8
:1004B00006F622FA01F31E43CC40C5E90064002190
:1004C0004FE7B1FBF2FC010C41EA0E4180B240EA79
:1004D00001423B4638463C46B846BE462026B1FB64
:1004E000F7F1A2EB080241EA0C4166E7014618E782
:1004F00010462CE7C6F120022EFA02F3B740B140B5
:1005000020FA02F24FEA174E0A43B3FBFEF8BCB2E0
:100510000EFB1833110C41EA034108FB04F9B0400B
:1005200089454FEA104380B23ED9791808F1FF3C63
:1005300001D289451FD8A1EB0901B1FBFEF909FBE6
:1005400004F80EFB191192B242EA0142424529D247
:10055000BA1809F1FF31C4D24245C2D2A9F1020151
:100560003A44BEE7F0459DD2BEEB02036CEB070CAC
:100570000138E14696E7A7EB09094944A8F1020CC6
:10058000B1FBFEF909FB04F8DBE773467FE7504651
:1005900066E70846FDE63B44023A33E7ACF1020C5D
:1005A0003B441CE749469CE7A1EB0901C446B1FB6B
:1005B000FEF909FB04F8C4E7704700BF80B5D6B068
:1005C00000AF00F00FFB4F4B5B6FC7F854314D4B42
:1005D0005B6F4C4A43F08073536700F0B3F800F050
:1005E00019F917F089FF00F03DFA41F2883000F068
:1005F0006BFBD7F8543103F08053002B03D04248F3
:1006000000F074FA34E0D7F8543103F08043002B43
:1006100003D03E4800F06AFA2AE0D7F8543103F0DC
:100620000053002B03D03A4800F060FA20E0D7F8DE
:10063000543103F08063002B03D0364800F056FAA3
:1006400016E0D7F8543103F00073002B03D0324882
:1006500000F04CFA0CE0D7F8543103F00063002BA3
:1006600003D02E4800F042FA02E02D4800F03EFA96
:100670004FF47A7000F028FB2A4800F037FA4FF464
:100680007A7000F021FB284800F030FA4FF47A70BD
:1006900000F01AFB254B1B6807F58A70244A40219D
:1006A00018F026FD07F58A73184600F01FFA1F4B55
:1006B0001B6819461F4804F0D9FA4FF47A7000F00D
:1006C00003FB4FF47A7000F0FFFA1B4800F00EFABB
:1006D0004FF47A7000F0F8FA04F0DCFA174800F0F2
:1006E00005FA4FF47A7000F0EFFA04F02DFA14488E
:1006F00004F070FA124806F02BFA642000F0E4FAD5
:1007000000BFF2E700380240B0990108C49901081F
:10071000DC990108FC990108089A01081C9A010853
:100720002C9A0108449A0108489A01084C1C0208B6
:100730004C9A01084C9C01085C9A0108609A0108D7
:100740006C09002080B594B000AF07F1200330227F
:100750000021184618F002FD07F10C0300221A6070
:100760005A609A60DA601A610023BB60274B1B6CE9
:10077000264A43F080531364244B1B6C03F08053D0
:10078000BB60BB6800237B60214B1B68204A43F49D
:10079000404313601E4B1B6803F440437B607B683F
:1007A00001233B624FF480337B620223BB634FF42F
:1007B0008003FB630F233B6490237B640423BB64AF
:1007C0000523FB6407F12003184601F089FF034667
:1007D000002B01D000F046F80F23FB6002233B61A1
:1007E00000237B614FF48053BB610023FB6107F161
:1007F0000C030121184602F0EBF90346002B01D04F
:1008000000F030F800BF5037BD4680BD00380240D0
:100810000070004080B483B000AF00237B60104BB9
:100820001B6B0F4A43F0800313630D4B1B6B03F0EC
:1008300080037B607B6800233B60094B1B6B084A8D
:1008400043F001031363064B1B6B03F001033B6092
:100850003B6800BF0C37BD465DF8047B704700BFA6
:100860000038024080B400AF72B600BF00BFFDE7A1
:1008700080B483B000AF00237B60104B5B6C0F4AE9
:1008800043F4804353640D4B5B6C03F480437B6003
:100890007B6800233B60094B1B6C084A43F0805384
:1008A0001364064B1B6C03F080533B603B6800BF36
:1008B0000C37BD465DF8047B704700BF003802402E
:1008C00080B400AF00BFFDE780B500AF024800F084
:1008D0000DF900BFFDE700BF649A010880B500AFC5
:1008E000024800F003F900BFFDE700BF709A01085D
:1008F00080B500AF024800F0F9F800BFFDE700BF87
:100900007C9A010880B500AF024800F0EFF800BF04
:10091000FDE700BF889A010880B400AF00BFBD4664
:100920005DF8047B704780B400AF00BFBD465DF842
:10093000047B704780B400AF00BFBD465DF8047B08
:10094000704780B500AF00F09FF900BF80BD000088
:1009500080B500AF024800F0B5FD00BF80BD00BF0C
:100960004CD6012080B400AF01231846BD465DF887
:10097000047B704780B582B000AF7860396018F0B2
:1009800049FC034616221A604FF0FF331846083719
:10099000BD4680BD80B582B000AF78604FF0FF31BA
:1009A0007868FFF7E7FF00BFFDE7000080B586B07D
:1009B00000AF7860144A154BD31A7B617B693B61A9
:1009C000134B1B68002B02D1114B124A1A60104BBB
:1009D0001A687B6813443A699A4207D218F01AFCE5
:1009E00003460C221A604FF0FF3309E0084B1B68E6
:1009F000FB60074B1A687B681344054A1360FB6869
:100A000018461837BD4680BD0000022000040000D3
:100A10006C630020A0DE012080B400AF064BD3F849
:100A20008830054A43F47003C2F8883000BFBD46E1
:100A30005DF8047B704700BF00ED00E080B483B038
:100A400000AF0346FB80FB880133FB80FB88FF2B54
:100A500001D90023FB80FB8818460C37BD465DF8A2
:100A6000047B704780B400AF064B00221A80064B0F
:100A700000221A80054B01221A7000BFBD465DF8A6
:100A8000047B70477064002072640020746400204E
:100A900080B584B000AF78600B467B807B68002B0C
:100AA00002D07B88002B01D1012318E00E4B1B786C
:100AB000DBB2002B01D1032311E07B881946786853
:100AC00017F0DEFD0346FB73FB7B002B01D10023F7
:100AD00005E0FB7B012B01D1022300E00123184636
:100AE0001037BD4680BD00BF7464002080B584B05F
:100AF00000AF78607B68002B01D101230AE07868A1
:100B0000FFF76EFB0346FB81FB8919467868FFF708
:100B1000BFFF034618461037BD4680BD80B584B080
:100B200000AF786039607B68002B24D00023FB6025
:100B30001CE0144B1B889BB21846FFF77FFF03464F
:100B40007B81114B1B889BB27A899A4215D07A68B7
:100B5000FB6813440B4A128892B219780B4B9954D4
:100B6000084A7B891380FB680133FB60FA683B68A5
:100B70009A42DED302E000BF00E000BF1037BD465E
:100B800080BD00BF7064002072640020706300208C
:100B9000DFF834D0FFF740FF0C480D490D4A002321
:100BA00002E0D458C4500433C4188C42F9D30A4A22
:100BB0000A4C002301E013600432A242FBD318F078
:100BC0002FFBFFF7FBFC7047000002200000002015
:100BD0004C090020281F0208500900209CDE01203B
:100BE000FEE7000080B500AF0E4B1B680D4A43F4D2
:100BF000007313600B4B1B680A4A43F48063136055
:100C0000084B1B68074A43F480731360032000F00D
:100C10004FF90F2000F008F8FFF72AFE00231846CE
:100C200080BD00BF003C024080B582B000AF78605C
:100C3000124B1A68124B1B7819464FF47A73B3FBA8
:100C4000F1F3B2FBF3F3184600F067F90346002B0B
:100C500001D001230EE07B680F2B0AD800227968AF
:100C60004FF0FF3000F02FF9064A7B681360002335
:100C700000E0012318460837BD4680BD0000002073
:100C8000080000200400002080B400AF064B1B7851
:100C90001A46064B1B681344044A136000BFBD4646
:100CA0005DF8047B704700BF0800002078640020D6
:100CB00080B400AF034B1B681846BD465DF8047B4B
:100CC000704700BF7864002080B584B000AF7860C2
:100CD000FFF7EEFFB8607B68FB60FB68B3F1FF3F96
:100CE00005D00A4B1B781A46FB681344FB6000BF13
:100CF000FFF7DEFF0246BB68D31AFA689A42F7D8BC
:100D000000BF00BF1037BD4680BD00BF08000020F7
:100D100080B485B000AF78607B6803F00703FB60A8
:100D20000C4BDB68BB60BA684FF6FF031340BB6037
:100D3000FB681A02BB68134343F0BF6343F40033FC
:100D4000BB60044ABB68D36000BF1437BD465DF882
:100D5000047B704700ED00E080B400AF044BDB681B
:100D60001B0A03F007031846BD465DF8047B704775
:100D700000ED00E080B483B000AF0346FB7197F94B
:100D80000730002B0BDBFB7903F01F02074997F9B3
:100D900007305B09012000FA02F241F8232000BF6E
:100DA0000C37BD465DF8047B704700BF00E100E0F2
:100DB00080B483B000AF03463960FB7197F9073008
:100DC000002B0ADB3B68DAB20C4997F907301201B5
:100DD000D2B20B4483F800230AE03B68DAB2084938
:100DE000FB7903F00F03043B1201D2B20B441A76D5
:100DF00000BF0C37BD465DF8047B704700E100E0A2
:100E000000ED00E080B489B000AFF860B9607A60AE
:100E1000FB6803F00703FB61FB69C3F10703042BC5
:100E200028BF0423BB61FB690433062B02D9FB698D
:100E3000033B00E000237B614FF0FF32BB6902FA05
:100E400003F3DA43BB681A407B699A404FF0FF31E5
:100E50007B6901FA03F3D9437B680B4013431846BF
:100E60002437BD465DF8047B7047000080B582B032
:100E700000AF78607B68013BB3F1807F01D3012331
:100E80000FE00A4A7B68013B53600F214FF0FF30AF
:100E9000FFF78EFF054B00229A60044B07221A6071
:100EA000002318460837BD4680BD00BF10E000E0B3
:100EB00080B582B000AF78607868FFF729FF00BF87
:100EC0000837BD4680BD80B586B000AF0346B96027
:100ED0007A60FB7300237B61FFF73EFF78617A68DD
:100EE000B9687869FFF78EFF024697F90F3011460F
:100EF0001846FFF75DFF00BF1837BD4680BD80B5BF
:100F000082B000AF0346FB7197F907301846FFF730
:100F100031FF00BF0837BD4680BD80B582B000AF4D
:100F200078607868FFF7A2FF034618460837BD4689
:100F300080BD000080B489B000AF786039600023C4
:100F40007B6100233B610023BB610023FB6159E10E
:100F50000122FB6902FA03F37B613B681B687A6933
:100F600013403B613A697B699A4240F048813B6893
:100F70005B6803F00303012B05D03B685B6803F05B
:100F80000303022B30D17B689B68BB61FB695B006C
:100F9000032202FA03F3DB43BA691340BB613B68E7
:100FA000DA68FB695B0002FA03F3BA691343BB61B9
:100FB0007B68BA699A607B685B68BB610122FB69E8
:100FC00002FA03F3DB43BA691340BB613B685B6819
:100FD0001B0903F00102FB6902FA03F3BA69134328
:100FE000BB617B68BA695A603B685B6803F00303C6
:100FF000032B17D07B68DB68BB61FB695B000322B6
:1010000002FA03F3DB43BA691340BB613B689A6899
:10101000FB695B0002FA03F3BA691343BB617B68A7
:10102000BA69DA603B685B6803F00303022B23D1E3
:10103000FB69DA087B68083253F82230BB61FB6930
:1010400003F007039B000F2202FA03F3DB43BA69A4
:101050001340BB613B681A69FB6903F007039B00FF
:1010600002FA03F3BA691343BB61FB69DA087B68D0
:101070000832B96943F822107B681B68BB61FB69C1
:101080005B00032202FA03F3DB43BA691340BB613E
:101090003B685B6803F00302FB695B0002FA03F341
:1010A000BA691343BB617B68BA691A603B685B68C5
:1010B00003F44033002B00F0A2800023FB60574B69
:1010C0005B6C564A43F480435364544B5B6C03F4AB
:1010D0008043FB60FB68524AFB699B08023352F86D
:1010E0002330BB61FB6903F003039B000F2202FA6C
:1010F00003F3DB43BA691340BB617B68494A9342FF
:1011000019D07B68484A934213D07B68474A934280
:101110000DD07B68464A934207D07B68454A93428C
:1011200001D1042308E0072306E0032304E002239F
:1011300002E0012300E00023FA6902F003029200BA
:101140009340BA691343BB613549FB699B0802337D
:10115000BA6941F82320384B9B68BB613B69DB438C
:10116000BA691340BB613B685B6803F48013002BD2
:1011700003D0BA693B691343BB612F4ABB699360D3
:101180002D4BDB68BB613B69DB43BA691340BB6134
:101190003B685B6803F40013002B03D0BA693B691A
:1011A0001343BB61244ABB69D360234B5B68BB61BB
:1011B0003B69DB43BA691340BB613B685B6803F47E
:1011C0000033002B03D0BA693B691343BB611A4A51
:1011D000BB695360184B1B68BB613B69DB43BA6951
:1011E0001340BB613B685B6803F48033002B03D082
:1011F000BA693B691343BB610F4ABB691360FB6962
:101200000133FB61FB690F2B7FF6A2AE00BF00BF6D
:101210002437BD465DF8047B704700BF00380240AC
:101220000038014000000240000402400008024073
:10123000000C024000100240003C014080B586B026
:1012400002AF78607B68002B01D1012301E17B684C
:101250001B68BB607B6893F89534DBB2002B06D12A
:101260007B68002283F89424786817F051FB7B6830
:10127000032283F89524BB68B3F1A04F02D17B68A9
:1012800000229A717B681B68184601F070FF7B682A
:1012900018687B681A7C8DF8002004330ECB01F0AF
:1012A0004FFE0346002B05D07B68022283F895246D
:1012B0000123CEE07B681B680021184601F068FF1F
:1012C0000346002B05D07B68022283F89524012376
:1012D000BFE00023FB734AE0FA7B79681346DB002A
:1012E00013449B000B44153301221A70FA7B796872
:1012F0001346DB0013449B000B441433FA7B1A7033
:10130000FA7BFB7B98B279681346DB0013449B00A1
:101310000B442E3302461A80FA7B79681346DB00B1
:1013200013449B000B44183300221A70FA7B79682F
:101330001346DB0013449B000B441C3300221A604D
:10134000FA7B79681346DB0013449B000B4420337F
:1013500000221A60FA7B79681346DB0013449B0075
:101360000B44243300221A60FB7B0133FB737B6840
:101370001B79FA7B9A42AFD30023FB7344E0FA7BDC
:1013800079681346DB0013449B000B4403F255239A
:1013900000221A70FA7B79681346DB0013449B0025
:1013A0000B4403F51573FA7B1A70FA7B79681346C0
:1013B000DB0013449B000B4403F5167300221A70E4
:1013C000FA7B79681346DB0013449B000B4403F55A
:1013D000177300221A60FA7B79681346DB00134406
:1013E0009B000B4403F5187300221A60FA7B79689E
:1013F0001346DB0013449B000B4403F519730022D2
:101400001A60FB7B0133FB737B681B79FA7B9A4282
:10141000B5D37B6818687B681A7C8DF8002004338C
:101420000ECB01F001FF0346002B05D07B680222A2
:1014300083F8952401230CE07B6800225A747B68B2
:10144000012283F895247B681B68184602F04BFF45
:10145000002318461037BD4680BD80B584B000AF6C
:1014600078607B681B68FB607B6893F89434012B81
:1014700001D1022322E07B68012283F89424FB68D7
:10148000DB6803F04003002B09D07B685B7B012BFA
:1014900005D1FB689B6B43F48032FB689A637B68E1
:1014A0001B68184601F052FE7B681B68184602F064
:1014B000F9FE7B68002283F8942400231846103735
:1014C000BD4680BD90B58DB000AF78607B681B686D
:1014D0003B623B6AFB617B681B68184602F0B7FF02
:1014E0000346002B40F08C847B681B68184602F092
:1014F0001BFF0346002B00F08284FB6903F50063A9
:101500009B681B0AC3F30D027B68C3F8D4247B6875
:101510001B68184602F008FF034603F00203022B83
:1015200007D17B681B685A697B681B6802F002025E
:101530005A617B681B68184602F0F6FE034603F00A
:101540001003102B61D17B681B689A697B681B684C
:1015500022F010029A613B6A1B6ABB61BB6903F00F
:101560000F021346DB0013449B0003F514737A68E3
:10157000134404337B61BB6903F4F013B3F5802F8C
:1015800024D1BA6947F6F0731340002B35D07B693C
:10159000D968BB691B099BB2C3F30A039BB21A4605
:1015A000386A02F02DFD7B69DA68BB691B09C3F359
:1015B0000A031A447B69DA607B695A69BB691B09B3
:1015C000C3F30A031A447B695A6116E0BB6903F44A
:1015D000F013B3F5402F10D17B6803F29C4308222F
:1015E0001946386A02F00CFD7B695A69BB691B0910
:1015F000C3F30A031A447B695A617B681B689A69C2
:101600007B681B6842F010029A617B681B68184671
:1016100002F08AFE034603F40023B3F5002F40F0E6
:10162000A78000237B627B681B68184602F08FFE50
:10163000B86299E0BB6A03F00103002B00F08E80D2
:101640007B681B687A6AD2B21146184602F0B3FE74
:1016500038613B6903F00103002B0CD07B6A5A010F
:10166000FB69134403F530631A4601239360796ADA
:10167000786800F0A3FE3B6903F00803002B0CD050
:101680007B6A5A01FB69134403F530631A46082349
:101690009360796A786800F079FF3B6903F0100382
:1016A000002B08D07B6A5A01FB69134403F53063B1
:1016B0001A46102393603B6903F00203002B30D0DD
:1016C0003B6A5B6903F08003802B09D1FB6903F55A
:1016D00000635B68FA6902F5006243F4806353605B
:1016E0007A6A1346DB0013449B0003F514737A688F
:1016F000134404337B617B69DB78012B08D17B6960
:101700000022DA707B6ADBB21946786817F0FCF9C0
:101710007B6A5A01FB69134403F530631A460223BE
:1017200093603B6903F02003002B08D07B6A5A01C9
:10173000FB69134403F530631A46202393603B6929
:1017400003F40053002B09D07B6A5A01FB69134450
:1017500003F530631A464FF4005393607B6A0133FC
:101760007B62BB6A5B08BB62BB6A002B7FF462AF23
:101770007B681B68184602F0D7FD034603F48023FC
:10178000B3F5802F40F0DB807B681B68184602F0C1
:10179000F8FDB86200237B62CDE0BB6A03F0010371
:1017A000002B00F0C2807B681B687A6AD2B21146B7
:1017B000184602F01EFE38613B6903F00103002B5E
:1017C00057D07B6A03F00F03012202FA03F3FB6098
:1017D000FB6903F500635A6BFB68DB43F96901F5AC
:1017E000006113404B637B6A5A01FB69134403F5A4
:1017F00010631A46012393607B689B79012B32D1D9
:1018000079687A6A1346DB0013449B000B4420334B
:10181000196878687A6A1346DB0013449B00034416
:101820001C331B68194478687A6A1346DB0013443A
:101830009B000344203319607B6A002B13D1796825
:101840007A6A1346DB0013449B000B4424331B6865
:10185000002B08D17B6818687B6803F29C431A460A
:10186000012102F025FE7B6ADBB21946786817F089
:10187000D0F83B6903F00803002B08D07B6A5A01BB
:10188000FB69134403F510631A46082393603B6910
:1018900003F01003002B08D07B6A5A01FB69134444
:1018A00003F510631A46102393603B6903F040036D
:1018B000002B08D07B6A5A01FB69134403F51063BF
:1018C0001A46402393603B6903F00203002B23D0A8
:1018D000796A386A01F00CFE7A6A1346DB00134419
:1018E0009B0010337A68134404337B617B69DB7897
:1018F000012B08D17B690022DA707B6ADBB21946C2
:10190000786817F013F97B6A5A01FB69134403F5F1
:1019100010631A46022393603B6903F08003002B97
:1019200003D0796A786800F0BDFC7B6A01337B6282
:10193000BB6A5B08BB62BB6A002B7FF42EAF7B687F
:101940001B68184602F0F0FC034603F00043B3F1B5
:10195000004F22D1FB6903F500635B68FA6902F569
:10196000006223F0010353607B6893F8CC34012BB1
:1019700008D17B68002283F8CC240021786800F02D
:10198000A3FE02E0786817F0B1F87B681B685A691B
:101990007B681B6802F000425A617B681B6818462E
:1019A00002F0C2FC034603F40063B3F5006F12D1EA
:1019B000FB6903F500639B6803F00103012B02D16F
:1019C000786817F06DF87B681B685A697B681B683C
:1019D00002F400625A617B681B68184602F0A4FC9E
:1019E000034603F48053B3F5805F40F0B780FB6992
:1019F00003F500635B68FA6902F5006223F00103F6
:101A000053607B681B681021184601F071FD0023AC
:101A1000FB6246E0FB6A5A01FB69134403F510635D
:101A20001A464FF67F339360FB6A5A01FB691344F1
:101A300003F510631B68FA6A5101FA690A4402F55A
:101A4000106223F400131360FB6A5A01FB6913440C
:101A500003F530631A464FF67F339360FB6A5A01F1
:101A6000FB69134403F530631B68FA6A5101FA6994
:101A70000A4402F5306223F400131360FB6A5A0132
:101A8000FB69134403F530631B68FA6A5101FA6974
:101A90000A4402F5306243F000631360FB6A0133CD
:101AA000FB627B681B791A46FB6A9342B2D3FB69DF
:101AB00003F50063DB69FA6902F5006243F0011384
:101AC000D3617B68DB7B002B16D0FB6903F50063D9
:101AD000D3F88430FA6902F5006243F00B03C2F8D0
:101AE0008430FB6903F500635B6CFA6902F5006200
:101AF00043F00B03536415E0FB6903F500635B6976
:101B0000FA6902F5006243F4005343F02B0353617A
:101B1000FB6903F500631B69FA6902F5006243F093
:101B20000B031361FB6903F500631B68FA6902F597
:101B3000006223F4FE6313607B6818687B68997900
:101B40007B6803F29C431A4602F0B2FC7B681B6878
:101B50005A697B681B6802F480525A617B681B6873
:101B6000184602F0E1FB034603F40053B3F5005FAF
:101B700023D17B681B68184602F077FC7B681B68E2
:101B8000184601F02EFD03461A467B68DA717B6821
:101B90001C6801F0C9F901467B68DB791A462046CA
:101BA00001F032FA786816F05CFF7B681B685A69AE
:101BB0007B681B6802F400525A617B681B681846F8
:101BC00002F0B2FB034603F00803082B0AD1786841
:101BD00016F039FF7B681B685A697B681B6802F046
:101BE00008025A617B681B68184602F09DFB034699
:101BF00003F08003802B23D13B6A9B6923F0800292
:101C00003B6A9A6101237B6214E079687A6A134621
:101C1000DB0013449B000B4403F257231B78012B7A
:101C200005D17B6ADBB21946786800F00AFB7B6A53
:101C300001337B627B681B791A467B6A9342E4D34B
:101C40007B681B68184602F06FFB034603F48013A1
:101C5000B3F5801F3CD101237B622BE07B6A5A01E4
:101C6000FB69134403F510631B68BB6179687A6AEA
:101C70001346DB0013449B000B4418331B78012BE5
:101C800015D1BB69002B12DA79687A6A1346DB003A
:101C900013449B000B44173301221A707B6ADBB29A
:101CA00063F07F03DBB21946786800F0CAFA7B6AFA
:101CB00001337B627B681B791A467B6A9342CDD3E2
:101CC0007B681B685A697B681B6802F480125A6142
:101CD0007B681B68184602F027FB034603F40013D9
:101CE000B3F5001F56D101237B6245E07B6A5A01A0
:101CF000FB69134403F530631B68BB6179687A6A3A
:101D00001346DB0013449B000B4403F516731B784A
:101D1000012B2ED1BB69002B2BDABB691A0C7B6817
:101D2000D3F8D434534003F00103002B21D1796858
:101D30007A6A1346DB0013449B000B4403F25723DB
:101D400001221A703B6A9B6943F080023B6A9A61E8
:101D50003B6A5B6903F08003002B0AD1FB6903F542
:101D600000635B68FA6902F5006243F40073536034
:101D700008E07B6A01337B627B681B791A467B6AC9
:101D80009342B3D37B681B685A697B681B6802F473
:101D900000125A617B681B68184602F0C5FA0346B8
:101DA00003F08043B3F1804F0AD1786816F0D0FE7B
:101DB0007B681B685A697B681B6802F080425A6125
:101DC0007B681B68184602F0AFFA034603F0040371
:101DD000042B15D17B681B685B68BB61BB6903F092
:101DE0000403002B02D0786816F0C0FE7B681B68E5
:101DF00059687B681B68BA690A435A6000E000BFF3
:101E00003437BD4690BD80B582B000AF78600B46D8
:101E1000FB707B6893F89434012B01D1022312E00C
:101E20007B68012283F894247B68FA785A747B6873
:101E30001B68FA781146184602F00EFA7B680022F9
:101E400083F89424002318460837BD4680BD80B52A
:101E500084B000AF7860084611461A460346FB700E
:101E60000B463B801346BB700023FB7297F903308F
:101E7000002B0FDAFB7803F00F021346DB0013444C
:101E80009B0010337A6813440433FB60FB68012223
:101E90005A700FE0FB7803F00F021346DB00134487
:101EA0009B0003F514737A6813440433FB60FB68EA
:101EB00000225A70FB7803F00F03DAB2FB681A7045
:101EC0003B88C3F30A02FB689A60FB68BA781A7110
:101ED000FB685B78002B04D0FB681B781A46FB6814
:101EE0005A83BB78022B02D1FB6800225A717B68AF
:101EF00093F89434012B01D102230EE07B68012278
:101F000083F894247B681B68F968184601F08EFBFF
:101F10007B68002283F89424FB7A18461037BD466C
:101F200080BD80B584B000AF78600B46FB7097F938
:101F30000330002B0FDAFB7803F00F021346DB00AF
:101F400013449B0010337A6813440433FB60FB682E
:101F500001225A700FE0FB7803F00F021346DB00FA
:101F600013449B0003F514737A6813440433FB6035
:101F7000FB6800225A70FB7803F00F03DAB2FB68AB
:101F80001A707B6893F89434012B01D102230EE080
:101F90007B68012283F894247B681B68F9681846E3
:101FA00001F0CCFB7B68002283F8942400231846C0
:101FB0001037BD4680BD80B586B000AFF8607A604E
:101FC0003B600B46FB72FB7A03F00F021346DB000B
:101FD00013449B0003F51473FA68134404337B61C4
:101FE0007B697A68DA607B693A681A617B690022EA
:101FF0005A617B6900225A70FB7A03F00F03DAB250
:102000007B691A70FB689B79012B02D17A687B6926
:10201000DA61FB681868FB689B791A46796901F0F8
:1020200069FC002318461837BD4680BD80B483B0D4
:1020300000AF78600B46FB70FB7803F00F02796805
:102040001346DB0013449B000B4403F51A731B6813
:1020500018460C37BD465DF8047B704780B586B0E6
:1020600000AFF8607A603B600B46FB72FB7A03F0CE
:102070000F021346DB0013449B001033FA6813442D
:1020800004337B617B697A68DA607B693A681A613C
:102090007B6900225A617B6901225A70FB7A03F046
:1020A0000F03DAB27B691A70FB689B79012B02D1AE
:1020B0007A687B69DA61FB681868FB689B791A4665
:1020C000796901F017FC002318461837BD4680BD1A
:1020D00080B584B000AF78600B46FB70FB7803F0EE
:1020E0000F037A681279934201D901234FE097F9DF
:1020F0000330002B0FDAFB7803F00F021346DB00EE
:1021000013449B0010337A6813440433FB60FB686C
:1021100001225A700DE0FA781346DB0013449B004D
:1021200003F514737A6813440433FB60FB680022E0
:102130005A70FB6801229A70FB7803F00F03DAB241
:10214000FB681A707B6893F89434012B01D1022349
:102150001DE07B68012283F894247B681B68F96882
:10216000184601F0A5FFFB7803F00F03002B09D1FF
:102170007B6818687B6899797B6803F29C431A46F0
:1021800002F096F97B68002283F894240023184615
:102190001037BD4680BD80B584B000AF78600B4677
:1021A000FB70FB7803F00F037A681279934201D930
:1021B000012342E097F90330002B0FDAFB7803F09C
:1021C0000F021346DB0013449B0010337A6813445C
:1021D0000433FB60FB6801225A700FE0FB7803F0C8
:1021E0000F021346DB0013449B0003F514737A6857
:1021F00013440433FB60FB6800225A70FB68002222
:102200009A70FB7803F00F03DAB2FB681A707B68F0
:1022100093F89434012B01D102230EE07B68012254
:1022200083F894247B681B68F968184601F0AEFFB8
:102230007B68002283F89424002318461037BD469B
:1022400080BD80B584B000AF78600B46FB7097F915
:102250000330002B0CDAFB7803F00F021346DB008F
:1022600013449B0010337A6813440433FB600CE082
:10227000FB7803F00F021346DB0013449B0003F5C9
:1022800014737A6813440433FB607B681B68F96835
:10229000184601F0CDFD0346FB72FB7A1846103755
:1022A000BD4680BD80B58AB002AF786039607B687A
:1022B0001B687B617B693B613A681346DB00134412
:1022C0009B0010337A6813440433FB60FB685A693F
:1022D000FB681B699A4201D901236BE0FB681A690C
:1022E000FB685B69D31AFB61FB689B68FA699A42D9
:1022F00002D9FB689B68FB61FB6903339B08BB61E8
:102300002AE0FB681A69FB685B69D31AFB61FB680A
:102310009B68FA699A4202D9FB689B68FB61FB697A
:1023200003339B08BB61FB68D9683B68DAB2FB6981
:1023300098B27B689B7900930346786901F022FE8E
:10234000FB68DA68FB691A44FB68DA60FB685A6963
:10235000FB691A44FB685A613B685A013B691344A4
:1023600003F510639B699BB2BA699A4209D8FB686E
:102370005A69FB681B699A4203D2FB681B69002BF0
:10238000BFD1FB681A69FB685B699A4211D83B6848
:1023900003F00F03012202FA03F3BB603B6903F56C
:1023A00000635A6BBB68DB43396901F50061134078
:1023B0004B63002318462037BD4680BD80B588B0EA
:1023C00000AF786039607B681B68FB61FB69BB61AB
:1023D000FB693C3304331B687B613B685A01BB6972
:1023E000134403F530639B683B617B689B79012B49
:1023F0007BD13B6903F00803002B15D07B69614A50
:10240000934240F2B9803B6903F40043002B00F093
:10241000B3803B685A01BB69134403F530631A4625
:102420004FF400439360A7E03B6903F02003002BC7
:1024300009D03B685A01BB69134403F530631A465F
:102440002023936098E03B6903F02803002B40F0C1
:1024500093807B694B4A93420FD93B6903F4004355
:10246000002B0AD03B685A01BB69134403F5306363
:102470001A464FF4004393607EE03A681346DB004F
:1024800013449B0003F514737A6813440433FB6010
:10249000FB681A6A3B685901BB690B4403F530635A
:1024A0001B69C3F31203D21AFB685A613B68002B05
:1024B00014D1FB681B69002B09D17B6818687B6805
:1024C00003F29C431A46012101F0F2FF06E0FB688B
:1024D000DA68FB685B691A44FB68DA603B68DBB268
:1024E0001946786816F07AFA46E07B69264A9342E4
:1024F00024D13B6903F40043002B0AD03B685A0106
:10250000BB69134403F530631A464FF400439360EC
:1025100032E03B6903F02003002B08D03B685A01EE
:10252000BB69134403F530631A46202393603B686C
:10253000DBB21946786816F051FA1DE03B68002BB3
:1025400014D179683A681346DB0013449B000B44AE
:1025500003F519731B68002B08D17B6818687B682A
:1025600003F29C431A46002101F0A2FF3B68DBB254
:102570001946786816F032FA002318462037BD460F
:1025800080BD00BF0A30544F0A31544F80B586B029
:1025900000AF786039607B681B687B617B693B6159
:1025A0007B693C3304331B68FB603B685A013B6921
:1025B000134403F530639B68BB60FB68154A934284
:1025C0000ED9BB6803F40043002B09D03B685A01C5
:1025D0003B69134403F530631A464FF4004393609C
:1025E000786816F0E9F9FB680A4A93420CD97B68CF
:1025F0009B79012B08D17B6818687B6803F29C43A8
:102600001A46012101F054FF002318461837BD4631
:1026100080BD00BF0A30544F80B485B000AF7860F1
:102620000B46FB7013463B807B681B685B6ABB6094
:10263000FB78002B07D13B8819047B681B68BA68BC
:102640000A439A6228E07B681B689B6A1B0CBA6885
:102650001344BB600023FB730DE07B681A68FB7BAF
:1026600040339B0013445B681B0CBA681344BB6087
:10267000FB7B0133FB73FA7BFB78013B9A42ECD383
:102680003B8818047B681968FB78013BBA680243F1
:1026900040339B000B445A60002318461437BD4654
:1026A0005DF8047B704780B483B000AF78600B4660
:1026B0007B807B681B687A885A62002318460C3737
:1026C000BD465DF8047B704780B483B000AF78608E
:1026D0000B46FB7000BF0C37BD465DF8047B7047AE
:1026E00080B586B000AF78607B68002B01D10123F4
:1026F00067E27B681B6803F00103002B75D0884BF1
:102700009B6803F00C03042B0CD0854B9B6803F0F3
:102710000C03082B12D1824B5B6803F48003B3F5E2
:10272000800F0BD17E4B1B6803F40033002B5BD072
:102730007B685B68002B57D1012342E27B685B68B2
:10274000B3F5803F06D1764B1B68754A43F480335E
:1027500013601DE07B685B68B3F5A02F0CD1704B54
:102760001B686F4A43F4802313606D4B1B686C4AEF
:1027700043F4803313600BE0694B1B68684A23F411
:1027800080331360664B1B68654A23F48023136013
:102790007B685B68002B13D0FEF78AFA386108E08B
:1027A000FEF786FA02463B69D31A642B01D903234C
:1027B00007E25B4B1B6803F40033002BF0D014E0FE
:1027C000FEF776FA386108E0FEF772FA02463B69D6
:1027D000D31A642B01D90323F3E1514B1B6803F493
:1027E0000033002BF0D100E000BF7B681B6803F0D2
:1027F0000203002B63D04A4B9B6803F00C03002BB1
:102800000BD0474B9B6803F00C03082B1CD1444BA7
:102810005B6803F48003002B16D1414B1B6803F067
:102820000203002B05D07B68DB68012B01D001235C
:10283000C7E13B4B1B6823F0F8027B681B69DB0098
:10284000374913430B603AE07B68DB68002B20D0EC
:10285000344B01221A60FEF72BFA386108E0FEF7CC
:1028600027FA02463B69D31A022B01D90323A8E1B8
:102870002B4B1B6803F00203002BF0D0284B1B6886
:1028800023F0F8027B681B69DB00254913430B60CA
:1028900015E0244B00221A60FEF70AFA386108E0BE
:1028A000FEF706FA02463B69D31A022B01D903232D
:1028B00087E11B4B1B6803F00203002BF0D17B6800
:1028C0001B6803F00803002B36D07B685B69002B84
:1028D00016D0154B01221A60FEF7EAF9386108E0BC
:1028E000FEF7E6F902463B69D31A022B01D903230E
:1028F00067E10B4B5B6F03F00203002BF0D01BE092
:10290000094B00221A60FEF7D3F938610EE0FEF79A
:10291000CFF902463B69D31A022B07D9032350E1B2
:102920000038024000004742800E4742884B5B6FF0
:1029300003F00203002BEAD17B681B6803F0040359
:10294000002B00F097800023FB75814B1B6C03F07C
:102950008053002B0FD10023BB607D4B1B6C7C4A46
:1029600043F0805313647A4B1B6C03F08053BB60BD
:10297000BB680123FB75774B1B6803F48073002B46
:1029800018D1744B1B68734A43F480731360FEF7CD
:102990008FF9386108E0FEF78BF902463B69D31ADC
:1029A000022B01D903230CE16A4B1B6803F48073EB
:1029B000002BF0D07B689B68012B06D1644B1B6F0A
:1029C000634A43F0010313671CE07B689B68052B97
:1029D0000CD15F4B1B6F5E4A43F0040313675C4BE3
:1029E0001B6F5B4A43F0010313670BE0584B1B6FEF
:1029F000574A23F001031367554B1B6F544A23F0CA
:102A0000040313677B689B68002B15D0FEF750F911
:102A100038610AE0FEF74CF902463B69D31A41F2ED
:102A20008832934201D90323CBE0494B1B6F03F05B
:102A30000203002BEED014E0FEF73AF938610AE009
:102A4000FEF736F902463B69D31A41F288329342C7
:102A500001D90323B5E03E4B1B6F03F00203002BAB
:102A6000EED1FB7D012B05D1394B1B6C384A23F08D
:102A7000805313647B689B69002B00F0A180344B6A
:102A80009B6803F00C03082B5CD07B689B69022BCE
:102A900041D1314B00221A60FEF70AF9386108E093
:102AA000FEF706F902463B69D31A022B01D903232C
:102AB00087E0274B1B6803F00073002BF0D17B6885
:102AC000DA697B681B6A1A437B685B6A9B011A435D
:102AD0007B689B6A5B08013B1B041A437B68DB6ACB
:102AE0001B061B4913434B601B4B01221A60FEF768
:102AF000DFF8386108E0FEF7DBF802463B69D31ADD
:102B0000022B01D903235CE0114B1B6803F0007317
:102B1000002BF0D054E0104B00221A60FEF7C8F8EA
:102B2000386108E0FEF7C4F802463B69D31A022B6D
:102B300001D9032345E0064B1B6803F00073002B0B
:102B4000F0D13DE07B689B69012B07D1012338E080
:102B50000038024000700040600047421B4B5B6839
:102B6000FB607B689B69012B28D0FB6803F4800223
:102B70007B68DB699A4221D1FB6803F03F027B68E6
:102B80001B6A9A421AD1FA6847F6C07313407A68F2
:102B9000526A9201934211D1FB6803F440327B6880
:102BA0009B6A5B08013B1B049A4207D1FB6803F058
:102BB00070627B68DB6A1B069A4201D0012300E049
:102BC000002318461837BD4680BD00BF00380240BC
:102BD00080B584B000AF786039607B68002B01D18C
:102BE0000123CCE0684B1B6803F007033A689A4264
:102BF0000CD9654B3A68D2B21A70634B1B6803F06C
:102C000007033A689A4201D00123B8E07B681B6849
:102C100003F00203002B20D07B681B6803F0040341
:102C2000002B05D0594B9B68584A43F4E0539360FE
:102C30007B681B6803F00803002B05D0534B9B688F
:102C4000524A43F460439360504B9B6823F0F00278
:102C50007B689B684D4913438B607B681B6803F05E
:102C60000103002B44D07B685B68012B07D1474BE5
:102C70001B6803F40033002B19D101237FE07B682C
:102C80005B68022B03D07B685B68032B07D13F4B4B
:102C90001B6803F00073002B09D101236FE03B4B4D
:102CA0001B6803F00203002B01D1012367E0374BBF
:102CB0009B6823F003027B685B68344913438B6095
:102CC000FDF7F6FFF8600AE0FDF7F2FF0246FB6849
:102CD000D31A41F28832934201D903234FE02B4BA0
:102CE0009B6803F00C027B685B689B009A42EBD107
:102CF000254B1B6803F007033A689A420CD2224B1B
:102D00003A68D2B21A70204B1B6803F007033A6886
:102D10009A4201D0012332E07B681B6803F0040370
:102D2000002B08D0194B9B6823F4E0527B68DB68CA
:102D3000164913438B607B681B6803F00803002B64
:102D400009D0124B9B6823F460427B681B69DB004F
:102D50000E4913438B6000F021F802460B4B9B6831
:102D60001B0903F00F030A49CB5C22FA03F3094A5B
:102D70001360094B1B681846FDF756FF00231846E1
:102D80001037BD4680BD00BF003C02400038024005
:102D90003C9C010800000020040000202DE9B04FF9
:102DA00090B000AF00237B630023FB6300233B63F1
:102DB0000023BB63594B9B6803F00C03082B0DD019
:102DC000082B00F2A180002B02D0042B03D09BE043
:102DD000534BBB639BE0534BBB6398E04F4B5B682B
:102DE00003F03F037B634D4B5B6803F48003002BD0
:102DF00028D04A4B5B689B0900223B627A623B6A9F
:102E0000C3F308000021474B03FB01F2002300FB42
:102E100003F31344434AA0FB0212FA620A46BA6261
:102E2000FA6A1344FB627B6B0022BB61FA61D7E94B
:102E30000623D7E90A01FDF72BFA02460B46134693
:102E4000FB6353E0354B5B689B0900223B617A6171
:102E50003B69C3F3080A4FF0000B52465B464FF044
:102E600000004FF00001590141EAD26150010246D1
:102E70000B46B2EB0A0863EB0B094FF000024FF070
:102E800000034FEA891343EA98634FEA8812B2EBD2
:102E9000080463EB09054FF000024FF00003EB005C
:102EA00043EA5473E20014461D4614EB0A033B60E8
:102EB00045EB0B037B604FF000024FF00003D7E9B6
:102EC000004529468B02214643EA915321468A0256
:102ED000104619467B6B0022BB60FA60D7E90223DB
:102EE000FDF7D6F902460B461346FB630B4B5B68B6
:102EF0001B0C03F0030301335B003B63FA6B3B6B7A
:102F0000B2FBF3F3BB6302E0054BBB6300BFBB6BDB
:102F100018464037BD46BDE8B08F00BF00380240BC
:102F20000024F40040787D0180B400AF034B1B689F
:102F30001846BD465DF8047B704700BF00000020C6
:102F400084B080B584B000AF786007F11C0080E8E1
:102F50000E0097F82130012B23D17B689B6B23F463
:102F600080327B689A637B68DB6823F4840323F0F8
:102F700040037A68D3607B68DB6823F440127B6887
:102F8000DA6097F82830012B05D17B68DB6843F4C1
:102F900080127B68DA60786801F0E8FA0346FB7318
:102FA0001BE07B68DB6843F040027B68DA6078688E
:102FB00001F0DCFA0346FB7397F82530002B06D1AD
:102FC0007B689B6B43F480327B689A6305E07B6887
:102FD0009B6B23F480327B689A63BB7F012B0BD100
:102FE0007B689B6843F006027B689A607B689B68FD
:102FF00043F020027B689A60FB7B18461037BD4681
:10300000BDE8804004B0704780B487B000AFF8607E
:10301000B9601346FB71FB79022B65D1BB68414A4D
:10302000934206D9BB68404A934202D20F237B6188
:1030300062E0BB683C4A934206D3BB683B4A93427A
:1030400002D20E237B6157E0BB68384A934206D315
:10305000BB68374A934202D20D237B614CE0BB68C8
:10306000334A934206D3BB68324A934202D80C23B8
:103070007B6141E0BB682F4A934206D9BB682E4A68
:10308000934202D80B237B6136E0BB682A4A934205
:1030900006D9BB68294A934202D80A237B612BE0F8
:1030A000BB68264A934206D9BB68254A934202D29E
:1030B00009237B6120E0BB68214A934206D3BB68A9
:1030C000204A934202D808237B6115E0BB681D4A61
:1030D000934206D9BB681C4A934202D207237B6104
:1030E0000AE006237B6107E0FB79002B02D109236C
:1030F0007B6101E009237B61FB68DB6823F470528C
:10310000FB68DA60FB68DA687B699B0203F4705342
:103110001A43FB68DA60002318461C37BD465DF889
:10312000047B7047BFACD800C0E1E4000024F40089
:10313000807306019F491A01FF2C31013FA44C0105
:1031400000366E011FABA6010048E80180B483B0D1
:1031500000AF78607B689B6843F001027B689A60EF
:10316000002318460C37BD465DF8047B704780B4D9
:1031700083B000AF78607B689B6823F001027B68B6
:103180009A60002318460C37BD465DF8047B7047F3
:1031900080B584B000AF78600B46FB700023FB6005
:1031A0007B68DB6823F0C0427B68DA60FB78012B28
:1031B00015D17B68DB6843F000527B68DA600A2037
:1031C000FDF782FDFB680A33FB60786801F03FF988
:1031D0000346012B1ED0FB68C72BF0D91AE0FB7801
:1031E000002B15D17B68DB6843F080427B68DA6096
:1031F0000A20FDF769FDFB680A33FB60786801F07F
:1032000026F90346002B05D0FB68C72BF0D901E057
:10321000012305E0FB68C82B01D1012300E0002356
:1032200018461037BD4680BD84B080B586B000AF6B
:10323000786007F1240080E80E000023FB757B68AE
:10324000FB6000233B6109E07A683B6940339B00E7
:10325000134400225A603B6901333B613B690E2BEA
:10326000F2D997F82E30002B1CD1FB6803F50063D0
:103270005B68FA6802F5006243F0020353607B6802
:103280009B6B43F400127B689A637B689B6B23F40F
:1032900000227B689A637B689B6B23F480227B68A7
:1032A0009A630BE07B689B6B23F400127B689A6344
:1032B0007B689B6B43F400227B689A63FB6803F591
:1032C00060631A460023136097F82930012B0DD153
:1032D00097F82730002B04D10021786800F068F9B6
:1032E00008E00121786800F063F903E003217868C1
:1032F00000F05EF91021786800F0FAF80346002B20
:1033000001D00123FB75786800F024F90346002BF7
:1033100001D00123FB75FB6803F500631A46002307
:103320001361FB6803F500631A4600235361FB68D1
:1033300003F500631A460023D36100233B6143E099
:103340003B695A01FB68134403F510631B6803F0E3
:103350000043B3F1004F18D13B69002B0AD13B6900
:103360005A01FB68134403F510631A464FF00063DB
:10337000136013E03B695A01FB68134403F51063C3
:103380001A464FF09043136008E03B695A01FB680E
:10339000134403F510631A46002313603B695A0176
:1033A000FB68134403F510631A46002313613B695D
:1033B0005A01FB68134403F510631A464FF67F3336
:1033C00093603B6901333B6197F824301A463B69AF
:1033D0009342B5D300233B6143E03B695A01FB684C
:1033E000134403F530631B6803F00043B3F1004F4F
:1033F00018D13B69002B0AD13B695A01FB68134481
:1034000003F530631A464FF00063136013E03B6925
:103410005A01FB68134403F530631A464FF090439A
:10342000136008E03B695A01FB68134403F53063FD
:103430001A46002313603B695A01FB68134403F5E5
:1034400030631A46002313613B695A01FB68134439
:1034500003F530631A464FF67F3393603B690133BF
:103460003B6197F824301A463B699342B5D3FB6819
:1034700003F500631B69FA6802F5006223F48073A8
:1034800013617B6800229A617B686FF080425A6109
:1034900097F82630002B05D17B689B6943F010021A
:1034A0007B689A617B689A69104B13437A689361D1
:1034B00097F82A30002B05D07B689B6943F00802FF
:1034C0007B689A6197F82E30012B07D17B689B6946
:1034D00043F0804343F004037A689361FB7D184610
:1034E0001837BD46BDE8804004B0704700383C80C6
:1034F00080B485B000AF786039600023FB60FB6862
:103500000133FB60FB68B3F1706F01D903231BE04B
:103510007B681B69002BF2DA0023FB603B689B0190
:1035200043F020027B681A61FB680133FB60FB6893
:10353000B3F1706F01D9032306E07B681B6903F0C8
:103540002003202BF0D0002318461437BD465DF829
:10355000047B704780B485B000AF78600023FB60C7
:10356000FB680133FB60FB68B3F1706F01D9032383
:1035700018E07B681B69002BF2DA0023FB607B6894
:1035800010221A61FB680133FB60FB68B3F1706FB6
:1035900001D9032306E07B681B6903F01003102B9D
:1035A000F0D0002318461437BD465DF8047B704701
:1035B00080B485B000AF78600B46FB707B68FB6021
:1035C000FB6803F500631A68FB78F96801F5006190
:1035D00013430B60002318461437BD465DF8047B87
:1035E000704780B487B000AF78607B683B613B690F
:1035F00003F500639B6803F00603FB60FB68002B88
:1036000002D10023FB750AE0FB68022B02D0FB68A5
:10361000062B02D10223FB7501E00F23FB75FB7D16
:1036200018461C37BD465DF8047B704780B485B0F2
:1036300000AF786039607B68FB603B681B78BB60DB
:103640003B685B78012B3AD1FB6803F50063DA69CC
:103650003B681B7803F00F03012101FA03F39BB2CF
:10366000F96801F500611343CB61BB685A01FB683F
:10367000134403F510631B6803F40043002B55D17A
:10368000BB685A01FB68134403F510631A683B6872
:103690009B68C3F30A013B681B799B041943BB6811
:1036A0009B050B431343BA685101FA680A4402F5BB
:1036B000106243F0805343F40043136036E0FB682C
:1036C00003F50063DA693B681B7803F00F030121FF
:1036D00001FA03F31B04F96801F500611343CB61A0
:1036E000BB685A01FB68134403F530631B6803F49D
:1036F0000043002B1AD1BB685A01FB68134403F541
:1037000030631A683B689B68C3F30A013B681B7906
:103710009B040B431343BA685101FA680A4402F54B
:10372000306243F0805343F4004313600023184693
:103730001437BD465DF8047B7047000080B485B047
:1037400000AF786039607B68FB603B681B78BB60CA
:103750003B685B78012B61D1BB685A01FB6813445D
:1037600003F510631B6803F00043B3F1004F1FD152
:10377000BB685A01FB68134403F510631B68BA6801
:103780005101FA680A4402F5106243F000631360C5
:10379000BB685A01FB68134403F510631B68BA68E1
:1037A0005101FA680A4402F5106243F08043136045
:1037B000FB6803F50063DA6B3B681B7803F00F03CB
:1037C000012101FA03F39BB2DB43F96801F50061C3
:1037D0001340CB63FB6803F50063DA693B681B7831
:1037E00003F00F03012101FA03F39BB2DB43F968F5
:1037F00001F500611340CB61BB685A01FB681344BB
:1038000003F510631A68BB685901FB680B4403F5A4
:1038100010631946354B13400B6060E0BB685A01DA
:10382000FB68134403F530631B6803F00043B3F1F6
:10383000004F1FD1BB685A01FB68134403F5306386
:103840001B68BA685101FA680A4402F5306243F015
:1038500000631360BB685A01FB68134403F53063CF
:103860001B68BA685101FA680A4402F5306243F0F5
:1038700080431360FB6803F50063DA6B3B681B78D9
:1038800003F00F03012101FA03F31B04DB43F96882
:1038900001F500611340CB63FB6803F50063DA694F
:1038A0003B681B7803F00F03012101FA03F31B04AB
:1038B000DB43F96801F500611340CB61BB685A0135
:1038C000FB68134403F530631A68BB685901FB6851
:1038D0000B4403F530631946054B13400B6000237E
:1038E00018461437BD465DF8047B7047007833EC0A
:1038F0000078F3EF80B58AB002AFF860B960134684
:10390000FB71FB68FB61BB681B78BB61BB685B78C4
:10391000012B40F07F81BB681B69002B32D1BB6952
:103920005A01FB69134403F510631B69BA6951011D
:10393000FA690A4402F5106223F0FF5323F4C0131E
:103940001361BB695A01FB69134403F510631B69DA
:10395000BA695101FA690A4402F5106243F400237E
:103960001361BB695A01FB69134403F510631B69BA
:10397000BA695101FA690A4402F51062DB0CDB04F2
:10398000136197E0BB695A01FB69134403F51063A7
:103990001B69BA695101FA690A4402F51062DB0C2D
:1039A000DB041361BB695A01FB69134403F510631F
:1039B0001B69BA695101FA690A4402F5106223F0E1
:1039C000FF5323F4C0131361BB69002B1AD1BB68EA
:1039D0001A69BB689B689A4203D9BB689A68BB683E
:1039E0001A61BB695A01FB69134403F510631B6933
:1039F000BA695101FA690A4402F5106243F40023DE
:103A0000136144E0BB681A69BB689B6813445A1E83
:103A1000BB689B68B2FBF3F3FB82BB695A01FB698D
:103A2000134403F510631A69FB8AD904A44B0B40B5
:103A3000B9694801F969014401F5106113430B614B
:103A4000BB681B79012B22D1BB695A01FB69134466
:103A500003F510631B69BA695101FA690A4402F55A
:103A6000106223F0C0431361BB695A01FB69134420
:103A700003F510631A69FB8A5B0703F0C043B96959
:103A80004801F969014401F5106113430B61BB69F9
:103A90005A01FB69134403F510631A69BB681B697B
:103AA000C3F31203B9694801F969014401F51061D2
:103AB00013430B61FB79012B4BD1BB68DB69002BF6
:103AC00009D0BB695A01FB69134403F510631A4618
:103AD000BB68DB695361BB681B79012B28D1FB698B
:103AE00003F500639B6803F48073002B10D1BB695E
:103AF0005A01FB69134403F510631B68BA6951014D
:103B0000FA690A4402F5106243F0005313600FE0B3
:103B1000BB695A01FB69134403F510631B68BA695A
:103B20005101FA690A4402F5106243F080531360B0
:103B3000BB695A01FB69134403F510631B68BA693A
:103B40005101FA690A4402F5106243F0044313601C
:103B500066E1BB695A01FB69134403F510631B68F6
:103B6000BA695101FA690A4402F5106243F004434C
:103B70001360BB681B79012B15D0BB681B69002B38
:103B800000F04E81FB6903F500635A6BBB681B783C
:103B900003F00F03012101FA03F3F96901F5006154
:103BA00013434B633CE1FB6903F500639B6803F43B
:103BB0008073002B10D1BB695A01FB69134403F5D4
:103BC00010631B68BA695101FA690A4402F5106270
:103BD00043F0005313600FE0BB695A01FB691344C3
:103BE00003F510631B68BA695101FA690A4402F5CA
:103BF000106243F080531360BB68D968BB681A78C1
:103C0000BB681B6998B2FB7900930346F86800F023
:103C1000B9F905E1BB695A01FB69134403F5306347
:103C20001B69BA695101FA690A4402F53062DB0C7A
:103C3000DB041361BB695A01FB69134403F530636C
:103C40001B69BA695101FA690A4402F5306223F02E
:103C5000FF5323F4C0131361BB69002B32D1BB683F
:103C60001B69002B03D0BB689A68BB681A61BB68EC
:103C70009A68BB681A62BB695A01FB69134403F571
:103C800030631A69BB681B6AC3F31203B969480140
:103C9000F969014401F5306113430B61BB695A01B5
:103CA000FB69134403F530631B69BA695101FA6972
:103CB0000A4402F5306243F40023136162E000BF5E
:103CC0000000F81FBB681B69002B23D1BB695A0198
:103CD000FB69134403F530631A69BB689B68C3F33F
:103CE0001203B9694801F969014401F530611343D0
:103CF0000B61BB695A01FB69134403F530631B690F
:103D0000BA695101FA690A4402F5306243F40023AA
:103D1000136137E0BB681A69BB689B6813445A1E7D
:103D2000BB689B68B2FBF3F3FB82BB689B68FA8AB3
:103D300003FB02F2BB681A62BB695A01FB691344B8
:103D400003F530631A69FB8AD904384B0B40B96913
:103D50004801F969014401F5306113430B61BB6906
:103D60005A01FB69134403F530631A69BB681B6A87
:103D7000C3F31203B9694801F969014401F53061DF
:103D800013430B61FB79012B0DD1BB68DB68002B62
:103D900009D0BB68D968BB695A01FB69134403F5B4
:103DA00030630A465A61BB681B79012B28D1FB6935
:103DB00003F500639B6803F48073002B10D1BB698B
:103DC0005A01FB69134403F530631B68BA6951015A
:103DD000FA690A4402F5306243F0005313600FE0C1
:103DE000BB695A01FB69134403F530631B68BA6968
:103DF0005101FA690A4402F5306243F080531360BE
:103E0000BB695A01FB69134403F530631B68BA6947
:103E10005101FA690A4402F5306243F00443136029
:103E2000002318462037BD4680BD00BF0000F81FA4
:103E300080B487B000AF786039600023FB60002356
:103E4000FB757B683B613B685B78012B4AD13B6823
:103E50001B785A013B69134403F510631B6803F098
:103E60000043B3F1004F40F086803B681B785A0155
:103E70003B69134403F510631B683A6812785101DB
:103E80003A690A4402F5106243F0006313603B682C
:103E90001B785A013B69134403F510631B683A68A9
:103EA000127851013A690A4402F5106243F08043E6
:103EB0001360FB680133FB60FB6842F210729342AF
:103EC00002D90123FB7556E03B681B785A013B6918
:103ED000134403F510631B6803F00043B3F1004F74
:103EE000E7D048E03B681B785A013B69134403F56F
:103EF00030631B6803F00043B3F1004F3BD13B68D4
:103F00001B785A013B69134403F530631B683A6818
:103F1000127851013A690A4402F5306243F00063B5
:103F200013603B681B785A013B69134403F5306307
:103F30001B683A68127851013A690A4402F5306206
:103F400043F080431360FB680133FB60FB6842F27F
:103F50001072934202D90123FB750CE03B681B7879
:103F60005A013B69134403F530631B6803F00043B7
:103F7000B3F1004FE7D0FB7D18461C37BD465DF816
:103F8000047B704780B489B000AFF860B960114617
:103F90001A460B46FB711346BB80FB687B61BB680E
:103FA000FB6197F82830002B23D1BB8803339B0893
:103FB0003B610023BB6118E0FB791A037B69134462
:103FC00003F580531A46FB691B681360FB690133D4
:103FD000FB61FB690133FB61FB690133FB61FB6939
:103FE0000133FB61BB690133BB61BA693B699A422A
:103FF000E2D3002318462437BD465DF8047B7047A2
:1040000080B48BB000AFF860B9601346FB80FB68EA
:10401000BB61BB687B62FB889B089BB27B61FB88B2
:1040200003F00303FB8300233B6214E0BB6903F549
:1040300080531A687B6A1A607B6A01337B627B6AF1
:1040400001337B627B6A01337B627B6A01337B6273
:104050003B6A01333B623A6A7B699A42E6D3FB8B47
:10406000002B1ED000233B62BB6903F580531A4628
:1040700007F1100312681A603A693B6ADBB2DB0091
:1040800022FA03F3DAB27B6A1A703B6A01333B62AD
:104090007B6A01337B62FB8B013BFB83FB8B002B39
:1040A000EAD17B6A18462C37BD465DF8047B704721
:1040B00080B485B000AF786039607B68FB603B6896
:1040C0001B78BB603B685B78012B2CD1BB685A0125
:1040D000FB68134403F510631B68002B12DBBB68FD
:1040E000002B0FD0BB685A01FB68134403F5106323
:1040F0001B68BA685101FA680A4402F5106223F09D
:1041000080431360BB685A01FB68134403F51063D6
:104110001B68BA685101FA680A4402F5106243F458
:10412000001313602BE0BB685A01FB68134403F5CE
:1041300030631B68002B12DBBB68002B0FD0BB6801
:104140005A01FB68134403F530631B68BA685101D8
:10415000FA680A4402F5306223F080431360BB68BA
:104160005A01FB68134403F530631B68BA685101B8
:10417000FA680A4402F5306243F400131360002326
:1041800018461437BD465DF8047B704780B485B08F
:1041900000AF786039607B68FB603B681B78BB6070
:1041A0003B685B78012B28D1BB685A01FB6813443C
:1041B00003F510631B68BA685101FA680A4402F5F6
:1041C000106223F4001313603B681B79032B03D0A8
:1041D0003B681B79022B38D1BB685A01FB6813443A
:1041E00003F510631B68BA685101FA680A4402F5C6
:1041F000106243F08053136027E0BB685A01FB68EC
:10420000134403F530631B68BA685101FA680A4425
:1042100002F5306223F4001313603B681B79032B13
:1042200003D03B681B79022B0FD1BB685A01FB6896
:10423000134403F530631B68BA685101FA680A44F5
:1042400002F5306243F080531360002318461437A0
:10425000BD465DF8047B704780B485B000AF7860E0
:104260000B46FB707B68FB60FB6803F500631B6813
:10427000FA6802F5006223F4FE631360FB6803F53D
:1042800000631A68FB781B0103F4FE63F96801F50B
:10429000006113430B60002318461437BD465DF8D8
:1042A000047B704780B485B000AF78607B68FB60AA
:1042B000FB6803F560631B68FA6802F5606223F02F
:1042C00003031360FB6803F500635B68FA6802F59B
:1042D000006223F002035360002318461437BD46E2
:1042E0005DF8047B704780B485B000AF78607B6870
:1042F000FB60FB6803F560631B68FA6802F56062A7
:1043000023F003031360FB6803F500635B68FA683E
:1043100002F5006243F0020353600023184614378D
:10432000BD465DF8047B704780B485B000AF78600F
:104330007B685B69FB607B689B69FA681340FB6084
:10434000FB6818461437BD465DF8047B704780B49F
:1043500085B000AF78607B68FB60FB6803F50063A5
:104360009B69BB60FB6803F50063DB69BA681340B7
:10437000BB60BB681B0C18461437BD465DF8047B58
:10438000704780B485B000AF78607B68FB60FB68E5
:1043900003F500639B69BB60FB6803F50063DB69A1
:1043A000BA681340BB60BB689BB218461437BD4661
:1043B0005DF8047B704780B485B000AF78600B4631
:1043C000FB707B68FB60FB785A01FB68134403F5C4
:1043D00030639B68BB60FB6803F500635B69BA6888
:1043E0001340BB60BB6818461437BD465DF8047BBC
:1043F000704780B487B000AF78600B46FB707B6875
:104400007B617B6903F500631B693B617B6903F595
:1044100000635B6BFB60FB7803F00F03FA6822FA22
:1044200003F3DB01DBB23A6913433B61FB785A01CA
:104430007B69134403F510639B683A691340BB60C2
:10444000BB6818461C37BD465DF8047B704780B4D6
:1044500083B000AF78607B685B6903F001031846A6
:104460000C37BD465DF8047B704780B485B000AF63
:1044700078607B68FB60FB6803F510631B68FA6873
:1044800002F5106223F4FF6323F007031360FB6857
:1044900003F500635B68FA6802F5006243F4807319
:1044A0005360002318461437BD465DF8047B7047FF
:1044B00080B487B000AFF8600B467A60FB72FB688F
:1044C0007B61FB683C3304331B683B613B69264AD4
:1044D00093420AD97B6903F530631B6803F00043FC
:1044E000B3F1004F01D1002337E07B6903F530635E
:1044F0001A46002313617B6903F530631B697A69EF
:1045000002F5306243F4002313617B6903F53063E5
:104510001B697A6902F5306243F0180313617B6905
:1045200003F530631B697A6902F5306243F0C043DA
:104530001361FB7A012B0FD17B6903F530631A46B7
:104540007B6853617B6903F530631B687A6902F508
:10455000306243F080231360002318461C37BD46A9
:104560005DF8047B704700BF0A30544F80B485B0BB
:1045700000AF78600023FB60FB680133FB60FB68E1
:10458000B3F1706F01D9032322E07B681B69002B14
:10459000F2DA0A23FB6002E0FB68013BFB60FB6888
:1045A000002BF9D17B681B6943F001027B681A611B
:1045B000FB680133FB60FB68B3F1706F01D9032323
:1045C00006E07B681B6903F00103012BF0D0002398
:1045D00018461437BD465DF8047B704780B582B03D
:1045E00000AF78607B6818464FF434431A460021C8
:1045F00014F0B4FD7B6803F5304303F580634FF49A
:1046000000520021184614F0A9FD7B6803F55043C1
:1046100003F580634FF400520021184614F09EFD0C
:104620007B6803F5704303F58063A02200211846E0
:1046300014F094FD7B6803F5704303F594638022C6
:104640000021184614F08AFD7B6803F5704303F5DA
:10465000A4637F220021184614F080FD7B68184671
:104660000837BD4680BD80B483B000AF78607B68FA
:104670001A460023136053609360D36013617B6814
:10468000143300221A605A609A60DA601A615A6123
:10469000C3F817207B68012283F82F207B68002253
:1046A0001A867B68002283F832207B68002283F818
:1046B00033207B68002283F834207B68002283F853
:1046C00035207B68002283F836207B68002283F83F
:1046D00037207B6800221A877B68002283F83A2003
:1046E0007B68002283F83B207B68002283F83C2013
:1046F0007B6818460C37BD465DF8047B704780B474
:1047000083B000AF78607B681A4600231360536063
:1047100013817B680A3300221A605A601A817B6811
:1047200000221A757B6800225A757B6800229A75F0
:104730007B680022DA757B6800221A767B6800228B
:104740005A767B6801229A767B6818460C37BD46FC
:104750005DF8047B704780B582B000AF78607B68FD
:104760001846FFF780FF7B683E331846FFF7C7FF08
:104770007B680022A3F85A207B68002283F85C2023
:104780007B68002283F85D207B68002283F85E202E
:104790007B68002283F85F207B68002283F860201A
:1047A0007B68002283F861207B68002283F8622006
:1047B0007B68002283F863207B68002283F86420F2
:1047C0007B68002283F865207B68002283F86620DE
:1047D0007B68002283F867207B6818460837BD464F
:1047E00080BD80B582B000AF78607B68184630230A
:1047F0001A46002114F0B2FC7B68303300221A60A4
:104800005A609A60DA607B68403300221A607B68E5
:10481000443300221A607B680022A3F848207B689A
:104820000022A3F84A207B68002283F84C207B6892
:10483000002283F84D207B68002283F84E207B689D
:10484000002283F84F207B68002283F850207B6889
:10485000002283F851207B68002283F852207B6875
:10486000002283F853207B68002283F854207B6861
:1048700018460837BD4680BD80B483B000AF78606D
:1048800079684FF000024FF00003C1E900237B6814
:1048900000221A727B6800225A727B6800229A7288
:1048A0007B680022DA727B6800221A737B68002220
:1048B0005A737B6818460C37BD465DF8047B704719
:1048C00080B582B000AF78607B681846FFF7D4FFF0
:1048D0007B6800221A827B6800229A747B6800221F
:1048E000DA747B6800221A757B6800225A757B682F
:1048F00000229A757B680022DA757B6800221A769E
:104900007B6800225A767B6800229A767B6818467C
:104910000837BD4680BD80B483B000AF78607B6847
:1049200000221A707B6800225A707B6800229A70FD
:104930007B680022DA707B6818460C37BD465DF84C
:10494000047B704780B582B000AF78607B68184602
:10495000FFF747FF7B685833184600F0BFF97B68C4
:104960005C33184600F003FA7B686033184600F0A9
:10497000FEF97B6800225A667B6868331846FFF7A9
:104980009FFF7B6888331846FFF7C5FF7B680022CE
:10499000C3F88C207B680022C3F890207B681846FF
:1049A0000837BD4680BD80B582B000AF78607B68B7
:1049B0006033184600F0EBF97B685C33184600F072
:1049C000E6F97B685833184600F098F97B6818467A
:1049D0000837BD4680BD80B483B000AF78607B6887
:1049E00000221A807B6800225A807B6800221A719C
:1049F0007B6800225A717B6800229A717B680022D2
:104A0000DA717B6800221A727B6800225A727B6816
:104A100000229A727B680022DA727B6800221A7385
:104A20007B6800225A737B6800229A737B6800229D
:104A3000DA737B6800221A747B6800225A747B68E0
:104A400000229A747B680022DA747B6800221A754F
:104A50007B6800225A757B6800229A757B6818462D
:104A60000C37BD465DF8047B704780B483B000AF5F
:104A700078607B6800221A807B6800229A707B68CD
:104A80000022DA707B6800221A717B6800225A715A
:104A90007B6800229A717B680022DA717B680022B1
:104AA0001A727B6818460C37BD465DF8047B704768
:104AB00080B483B000AF78607B680F221A707B6887
:104AC0000F225A707B6818460C37BD465DF8047B90
:104AD000704780B582B000AF78607B681846FFF7FA
:104AE0007DFD7B6803F57543A0331846FFF733FE61
:104AF0007B6803F5764308331846FFF723FF7B688E
:104B000003F57643A03319464FF000024FF000033F
:104B1000C1E900237B6803F57643A8331846FFF705
:104B20005AFF7B6803F57643C0331846FFF79DFFB5
:104B30007B6803F57643CA331846FFF7B9FF7B68F5
:104B400018460837BD4680BD80B582B000AF00234F
:104B50007B601CE01B4802F0CBF9034607EE903A5D
:104B6000F8EE677AC7ED007A174B93ED007AD7ED30
:104B7000007A77EE277A144BC3ED007AD7ED007AEE
:104B8000FCEEE77A17EE902A7B6813447B600E4BAD
:104B9000D3ED007A9FED0D7AF4EEC77AF1EE10FABC
:104BA000D8D9094BD3ED007A9FED087A77EEC77A12
:104BB000054BC3ED007A064A7B68136000BF0837D7
:104BC000BD4680BD80640020505B012000288946DE
:104BD000585B012080B485B000AF78600023FB6093
:104BE00036E0214AFB6832F813307B817B894FF62F
:104BF000FF72934205D17A68FB68134400221A7051
:104C000023E07B894AF66B52934205D17A68FB68B0
:104C1000134401221A7018E07B8945F295229342D1
:104C200005D17A68FB68134402221A700DE07B8973
:104C3000012B05D17A68FB68134403221A7004E043
:104C40007A68FB68134400221A70FB680133FB602A
:104C5000FB68B3F5B44FC4D300BF00BF1437BD46E3
:104C60005DF8047B704700BF8064002080B582B08F
:104C700000AF786039603B687A680449044800F006
:104C80008BFA00BF0837BD4680BD00BF806400209E
:104C9000885A012080B500AF024800F0B1FF00BF84
:104CA00080BD00BF8064002080B582B000AF786016
:104CB0007B68184600F08AF87B6818460837BD46BE
:104CC00080BD80B582B000AF78607B681846FFF782
:104CD000EBFF7B6818460837BD4680BD80B582B0C3
:104CE00000AF78607B6800221A607B681846FFF787
:104CF000E8FF7B6818460837BD4680BD80B584B0A4
:104D000000AF78607B68184600F06DF8F860FB68CB
:104D10001B68002B09D0786800F072F80246FB6827
:104D20001B681946104600F078F8FB6800221A60EC
:104D30007B6818461037BD4680BD80B582B000AF95
:104D400078607B68184600F077F87B68184608376B
:104D5000BD4680BD80B582B000AF78607B681846E4
:104D6000FFF7EBFF7B6818460837BD4680BD80B56E
:104D700082B000AF78607B6800221A607B681846BA
:104D8000FFF7E8FF7B6818460837BD4680BD80B551
:104D900084B000AF78607B68184600F05AF8F8607D
:104DA000FB681B68002B09D0786800F05FF80246AA
:104DB000FB681B681946104600F065F8FB68002286
:104DC0001A607B6818461037BD4680BD80B582B03A
:104DD00000AF78607B68184600F064F87B6818467E
:104DE0000837BD4680BD80B582B000AF78607B6873
:104DF000184600F067F8034618460837BD4680BDE0
:104E000080B582B000AF78607B68184600F067F824
:104E1000034618460837BD4680BD80B582B000AF56
:104E2000786039603B68002B02D0386814F07AF85B
:104E300000BF0837BD4680BD80B582B000AF786046
:104E40007B68184600F058F87B6818460837BD465E
:104E500080BD80B582B000AF78607B68184600F0F6
:104E60005BF8034618460837BD4680BD80B582B062
:104E700000AF78607B68184600F05BF80346184680
:104E80000837BD4680BD80B582B000AF786039601C
:104E90003B68002B02D0386814F044F800BF083794
:104EA000BD4680BD80B582B000AF7860786800F004
:104EB0004DF87B68184600F055F87B6818460837AF
:104EC000BD4680BD80B582B000AF78607B68184673
:104ED00000F056F8034618460837BD4680BD80B539
:104EE00082B000AF78607B68184600F055F8034642
:104EF00018460837BD4680BD80B582B000AF7860E7
:104F0000786800F055F87B68184600F05DF87B681B
:104F100018460837BD4680BD80B582B000AF7860C6
:104F20007B68184600F05EF8034618460837BD4611
:104F300080BD80B582B000AF78607B68184600F015
:104F40005DF8034618460837BD4680BD80B582B07F
:104F500000AF7860786800F05DF87B681846083725
:104F6000BD4680BD80B483B000AF78607B6800220E
:104F70001A607B6818460C37BD465DF8047B7047A5
:104F800080B582B000AF7860786800F04EF80346D4
:104F900018460837BD4680BD80B582B000AF786046
:104FA000786800F04FF8034618460837BD4680BDC4
:104FB00080B582B000AF7860786800F04FF87B6809
:104FC00018460837BD4680BD80B483B000AF786016
:104FD0007B6800221A607B6818460C37BD465DF876
:104FE000047B704780B582B000AF7860786800F0CD
:104FF00040F8034618460837BD4680BD80B582B0EC
:1050000000AF7860786800F041F80346184608372A
:10501000BD4680BD80B483B000AF78607B68184621
:105020000C37BD465DF8047B704780B582B000AF99
:1050300078607B68184600F035F803461846083754
:10504000BD4680BD80B582B000AF7860786800F062
:1050500034F8034618460837BD4680BD80B483B097
:1050600000AF78607B6818460C37BD465DF8047B5E
:10507000704780B582B000AF78607B68184600F05A
:1050800028F8034618460837BD4680BD80B582B073
:1050900000AF7860786800F027F8034618460837B4
:1050A000BD4680BD80B483B000AF78607B68184691
:1050B0000C37BD465DF8047B704780B582B000AF09
:1050C0007860786800F01CF8034618460837BD463B
:1050D00080BD80B483B000AF78607B6818460C3721
:1050E000BD465DF8047B704780B582B000AF786044
:1050F000786800F010F8034618460837BD4680BDB2
:1051000080B483B000AF78607B6818460C37BD462A
:105110005DF8047B704780B483B000AF78607B6833
:1051200018460C37BD465DF8047B704780B500AF6C
:105130000248FFF7CEFC00BF80BD00BF80640020A6
:1051400080B582B000AF78607B6803F576430833A2
:105150001846FFF728FC7B6818460837BD4680BD17
:1051600080B500AF0248FFF7EBFF00BF80BD00BF76
:105170008064002080B500AFFFF7D8FF80BD80B508
:1051800000AFFFF7EDFF80BD80B400AF00231846ED
:10519000BD465DF8047B704780B584B000AFF86011
:1051A000B9607A603B60184B01221A603A687968EE
:1051B000F86800F02BF8144B02221A60F86800F02F
:1051C00035F8114B03221A60F86800F0D5FA0E4B3F
:1051D00004221A60B968F86800F0DAFB0A4B05226D
:1051E0001A60FB68D3F8880002F012F9064B062219
:1051F0001A60B86802F06AFA034B07221A6000BF0F
:105200001037BD4680BD00BF545B012080B485B01F
:1052100000AFF860B9607A60FB68BA685A6600BF90
:105220001437BD465DF8047B7047000090B587B029
:1052300000AF78600023FB7514E07B6803F158022F
:10524000FB7D03F580731946104600F015FE0246FB
:10525000FB7D11787A6813440A4683F84420FB7D6D
:105260000133FB75FB7D032BE7D90023BB7511E0F0
:105270007B6803F15802BB7D03F582731946104623
:1052800000F0FAFD0246BB7D11787A68D154BB7DEF
:105290000133BB75BB7D2F2BEAD900237B7514E04E
:1052A0007B6803F158027B7D03F59A73194610461B
:1052B00000F0E2FD02467B7D11787A6813440A46CD
:1052C00083F830207B7D01337B757B7D0F2BE7D905
:1052D00000233B7514E07B6803F158023B7D03F229
:1052E0003F131946104600F0C7FD02463B7D11787A
:1052F0007A6813440A4683F840203B7D01333B75AE
:105300003B7D032BE7D97B68583340F243111846A5
:1053100000F0B2FD03461A787B6883F84E207B6864
:10532000583340F24B11184600F0A6FD03461B7897
:10533000332B0CBF01230023DBB2002B28D07B686A
:1053400058334FF4A271184600F096FD03461B78BF
:105350001BB21B021CB27B68583340F24511184641
:1053600000F08AFD03461B781BB223431BB29AB29E
:105370007B68A3F848207B68583340F24B111846ED
:1053800000F07AFD03461A787B6883F852200BE020
:105390007B68583340F24B11184600F06DFD034610
:1053A0001A787B6883F852207B6858334FF4A371D6
:1053B000184600F061FD03461A787B6883F84C209C
:1053C0007B68583340F24711184600F055FD0346FC
:1053D0001A787B6883F84D207B6858334FF4A471AA
:1053E000184600F049FD03461A787B6883F84F2081
:1053F0007B68583340F24911184600F03DFD0346E2
:105400001A787B6883F850207B6858334FF4A57175
:10541000184600F031FD03461A787B6883F8512066
:105420007B6858334FF4A671184600F025FD0346FB
:105430001A787B6883F853207B68583340F24D110B
:10544000184600F019FD03461A787B6883F854204B
:105450000023FB724FF49A737B8211E0FC7A7B6825
:1054600058337A8A1146184600F006FD03461B7829
:10547000E31ADBB2013BDBB2FB727B8A01337B8236
:105480007B8AB3F5A67FE9D97B6893F85420FB7A31
:105490009A4207D07B68543307F10B021946A4489F
:1054A00000F008FD7B6858334FF4A771184600F0F0
:1054B000E3FC03461B781BB21B021CB27B6858330B
:1054C00040F24F11184600F0D7FC03461B781BB280
:1054D00023431BB29AB27B68A3F84A2000233B8186
:1054E0000023FB601AE0FB68B3F5A77F12D0FB68CE
:1054F00040F24F1293420DD07B685833F96818463A
:1055000000F0BAFC03461B781A463B8913449BB251
:105510003B8100E000BFFB680133FB607B68D3F890
:105520008C30FA689A42DED37B68B3F84A203B8914
:105530009A4207D07B684A3307F1080219467D4832
:1055400000F0C4FC7B6893F84F30542B00F2EB80E2
:1055500001A252F823F000BFAD560008B75600086C
:10556000C1560008CB560008D5560008DF56000883
:10557000E9560008F3560008FD56000827570008B2
:105580002757000827570008275700082757000803
:1055900027570008275700082757000827570008F3
:1055A00027570008275700082757000827570008E3
:1055B00027570008275700082757000827570008D3
:1055C00027570008275700082757000827570008C3
:1055D00027570008275700082757000827570008B3
:1055E00027570008275700082757000827570008A3
:1055F0002757000827570008275700082757000893
:105600002757000827570008275700082757000882
:105610002757000827570008275700082757000872
:105620002757000827570008275700082757000862
:105630002757000827570008275700082757000852
:105640002757000827570008275700082757000842
:105650002757000827570008275700082757000832
:105660002757000827570008275700082757000822
:105670002757000827570008275700082757000812
:105680002757000827570008275700082757000802
:1056900027570008275700082757000827570008F2
:1056A00009570008135700081D5700087B6801229E
:1056B000A3F8782037E07B680322A3F8782032E053
:1056C0007B680722A3F878202DE07B680F22A3F8DF
:1056D000782028E07B681F22A3F8782023E07B68ED
:1056E0003F22A3F878201EE07B687F22A3F8782071
:1056F00019E07B68FF22A3F8782014E07B6840F271
:10570000FF12A3F878200EE07B684722A3F87820E8
:1057100009E07B684F22A3F8782004E07B685F22D1
:10572000A3F8782000BF00BF1C37BD4690BD00BF66
:10573000989A0108D49A010880B582B000AF7860C9
:1057400039607B683A681146184600F0F8FB7B68C0
:1057500018460837BD4680BD80B582B000AF78607E
:1057600039607B683A6811461846FFF7E5FF7B68A9
:1057700018460837BD4680BD90B589B000AF786047
:105780007B6893F85030052B00F2B68001A252F8E6
:1057900023F000BFAD570008C357000801580008A8
:1057A0003F5800087D580008BB5800087B685C33F0
:1057B0000021184600F096FB7B68002283F87A20CF
:1057C000A4E07B68012283F87A207B6803F15C0403
:1057D0004FF4006013F0A8FB03461A4607F10C03D0
:1057E0001146184600F09CFB07F10C0319462046B1
:1057F000FFF7B2FF07F10C031846FFF7C8FA85E080
:105800007B68012283F87A207B6803F15C044FF403
:10581000005013F089FB03461A4607F110031146A6
:10582000184600F07DFB07F1100319462046FFF7EC
:1058300093FF07F110031846FFF7A9FA66E07B68AB
:10584000042283F87A207B6803F15C044FF4004063
:1058500013F06AFB03461A4607F114031146184673
:1058600000F05EFB07F1140319462046FFF774FFB2
:1058700007F114031846FFF78AFA47E07B68102205
:1058800083F87A207B6803F15C044FF4003013F056
:105890004BFB03461A4607F118031146184600F061
:1058A0003FFB07F1180319462046FFF755FF07F1A4
:1058B00018031846FFF76BFA28E07B68082283F884
:1058C0007A207B6803F15C044FF4803013F02CFBEA
:1058D00003461A4607F11C031146184600F020FB48
:1058E00007F11C0319462046FFF736FF07F11C039A
:1058F0001846FFF74CFA09E0064800F03CFB7B68CD
:105900005C330021184600F0EDFA00BF00BF2437D9
:10591000BD4690BD189B010890B585B000AF78607A
:105920007B68022283F888200023FB7328E07B68D1
:1059300003F15802FB7B03F582731946104600F011
:105940009BFA03461C787B6803F15802FB7B03F14A
:10595000041303F580731946104600F08DFA0346D0
:105960001B789C4214BF01230023DBB2002B04D020
:105970007B68012283F8882006E0FB7B0133FB7300
:10598000FB7B2F2BD3D900BF00BF1437BD4690BD82
:1059900080B586B000AF786039607B68002283F8FC
:1059A00088207B68002283F889207B68002283F8A6
:1059B0008A207B68002283F88B207B6893F84D3027
:1059C000132B00F2158101A252F823F01D5A000892
:1059D000275A0008835A0008E75A0008515B00085C
:1059E000595B0008635B0008F15B0008F15B00088D
:1059F000F15B0008F15B0008F15B0008F15B000857
:105A0000F15B0008F15B0008755B00088F5B000824
:105A1000B15B0008BB5B0008CD5B00087B6800221F
:105A200083F88820E4E07B68012283F888203B68C3
:105A30007B617B6903F57043D3F89436B3F5801F1F
:105A400013D37B6903F57043012283F887267B69B2
:105A500003F57043D3F89436B3F5001F05D37B6983
:105A600003F57043002283F8882600BF7B68D3F8D3
:105A70008C30614A934240F2B6807868FFF74CFF61
:105A8000B1E07B68012283F888207B68012283F8DB
:105A900089203B683B613B6903F57043D3F894363A
:105AA000B3F5801F13D33B6903F57043012283F8DC
:105AB00087263B6903F57043D3F89436B3F5001F8E
:105AC00005D33B6903F57043002283F8882600BFA5
:105AD0007B68D3F88C30484A934240F286807868DD
:105AE000FFF71AFF81E07B68012283F888207B683A
:105AF000012283F88A207B68012283F889203B6891
:105B0000FB60FB6803F57043D3F89436B3F5801F50
:105B100013D3FB6803F57043012283F88726FB68E3
:105B200003F57043D3F89436B3F5001F05D3FB6833
:105B300003F57043002283F8882600BF7B68D3F802
:105B40008C302D4A934252D97868FFF7E5FE4EE03B
:105B50002A4800F010FA4BE07B68032283F8882083
:105B600046E07B68032283F888207B68012283F863
:105B70008A203DE07B68042283F888207B6801222C
:105B800083F88B207B68012283F88A2030E07B68D1
:105B9000042283F888207B68012283F88B207B68AD
:105BA000012283F88A207B68012283F889201FE084
:105BB0007B68042283F888201AE07B68042283F83B
:105BC00088207B68012283F8892011E07B68042209
:105BD00083F888207B68012283F889207B68012272
:105BE00083F88A2004E000BF02E000BF00E000BFAD
:105BF00000BF1837BD4680BD33010400509B01082B
:105C0000F0B585B000AF78607B6803F57043CF22B4
:105C100083F8A0247B6803F570437E2283F8A224D6
:105C20007B6803F57043AB2283F8A4247B6803F5FB
:105C30007043F82283F8A7247B6803F57043E122C0
:105C400083F8AF247B6803F57043802283F8B02487
:105C50007B6803F57043BF2283F8B1247B6803F5AA
:105C60007043F32283F8B2247B6803F57043FF226C
:105C700083F8B3247B6803F57043BF2283F8B42410
:105C80007B6803F570433F2283F8B6247B6803F5F5
:105C90007043002283F8B7247B6803F57043FF222A
:105CA00083F8B8247B6803F57043BF2283F8B924D6
:105CB0007B6803F570437F2283F8BA247B6803F581
:105CC0007043FF2283F8BB247B6803F570439F2257
:105CD00083F8BC247B6803F57043FF2283F8BD245E
:105CE0007B6803F57043BF2283F8BE247B6803F50D
:105CF0007043FF2283F8C0247B6803F57043BF2202
:105D000083F8C3247B6803F57043772283F8C424A7
:105D10007B6803F57043F32283F8C5247B6803F5A1
:105D20007043F12283F8C6247B6803F57043912207
:105D300083F8E0247B6803F57043852283F8E1242F
:105D40007B6803F57043FF2283F8E6247B6803F544
:105D50007043FC2283F8E7247B6803F570434AF61E
:105D6000CC32A3F8C0267B6803F57043012283F888
:105D7000AC267B6803F57043002283F8AD267B6870
:105D800003F57043132283F8AE267B6803F5704356
:105D9000002283F8AF267B6803F57043D82283F88E
:105DA000B0267B6803F57043012283F8B1267B6837
:105DB00003F570434D2283F8B2267B6803F57043E8
:105DC00093F85C36002B01D1802200E0B0227B6882
:105DD00003F5704383F8B3267B6803F570434FF4F3
:105DE0008072A3F8AA267B6803F570434FF6FE7213
:105DF000A3F8A8267B6803F534431033FB60002327
:105E0000BB600FE0FB685A1CFA601949BA680A4483
:105E100012781A70FB685A1CFA6000221A70BB686C
:105E20000133BB60BB68B3F5C87FEBD37B6803F578
:105E3000344303F5C85304330E4A14469C4604F118
:105E4000200E654626460FCE28606960AA60EB608A
:105E500010340CF1100C7445F3D16546234607CB82
:105E600028606960AA6000BF1437BD46F0BD00BF5E
:105E7000501C0208E01D020880B582B000AF7860B7
:105E80003960FFF781F90346002B07D0786800F0EE
:105E90007CF80346002B01D1012300E00023002BF6
:105EA000786800F072F802463B68134418460837D9
:105EB000BD4680BD80B485B000AFF860B9607A603F
:105EC00000BF1437BD465DF8047B704780B485B0D1
:105ED00000AFF860B9607A6000BF1437BD465DF866
:105EE000047B704780B582B000AF786039600021D4
:105EF000786800F057F87B6818460837BD4680BDC3
:105F000080B582B000AF786039607B683A6811462E
:105F1000184600F054F87B6818460837BD4680BD27
:105F200080B582B000AF786039607B683968184608
:105F3000FFF7E6FF7B6818460837BD4680BD80B591
:105F400082B000AF78603960386800F06CF80346C2
:105F50001946786800F047F83868FEF7EAFF03460C
:105F6000184600F075F87868FEF7E3FF7B6818467E
:105F70000837BD4680BD80B483B000AF786000BFF5
:105F80000C37BD465DF8047B704780B582B000AF2A
:105F900078607B68184600F066F8034618460837B4
:105FA000BD4680BD80B582B000AF78603960002109
:105FB000786800F066F800BF0837BD4680BD80B540
:105FC00082B000AF786039607B681846FEF734FF16
:105FD0007868FEF73EFF02463B6813607B68184610
:105FE0000837BD4680BD80B584B000AF78603960A9
:105FF0007868FEF72EFF03461B68FB607868FEF7A3
:1060000028FF02463B681360FB68002B07D07868C6
:10601000FEF78FFF0346F9681846FEF734FF00BF0E
:106020001037BD4680BD80B584B000AF7860786819
:10603000FEF70FFF03461B68FB607868FEF709FF59
:10604000034600221A60FB6818461037BD4680BD23
:1060500080B483B000AF78607B6818460C37BD46CB
:106060005DF8047B704780B582B000AF78607B68D4
:10607000184600F01AF803461B6818460837BD4654
:1060800080BD90B583B000AF786039607C683B46D6
:10609000184600F017F803461B6819462046FFF71C
:1060A000A2FF00BF0C37BD4690BD80B582B000AFE7
:1060B00078607B68184600F010F8034618460837E9
:1060C000BD4680BD80B483B000AF78607B68184661
:1060D0000C37BD465DF8047B704780B582B000AFD9
:1060E0007860786800F005F8034618460837BD4622
:1060F00080BD80B582B000AF78607B68184600F044
:1061000005F8034618460837BD4680BD80B483B005
:1061100000AF78607B6818460C37BD465DF8047B9D
:10612000704780B483B000AF78607B6803F570433C
:1061300093F8A7349B08DBB203F00103002B14BFD4
:1061400001230023DAB27B6803F5704383F8C42689
:106150007B6803F57043B3F8C0361A467B6803F5D5
:10616000704393F8C83642FA03F303F00103002B9F
:1061700014BF01230023DAB27B6803F5704383F870
:10618000C5267B6803F5704393F8C4361A467B68CE
:1061900003F5704393F8C5361340002B14BF012359
:1061A0000023DAB27B6803F5704383F8C6267B6868
:1061B00003F5704393F8C636002B1FD17B6803F5B7
:1061C000704393F8C736012B18D17B6803F57043F1
:1061D00093F8A534FF2B05D17B6803F570430122AA
:1061E00083F8C3267B6803F5704393F8A534013325
:1061F000DAB27B6803F5704383F8A5247B6803F566
:10620000704393F8C6267B6803F5704383F8C7266E
:1062100000BF0C37BD465DF8047B7047B0B5B6B023
:1062200000AF78607B6803F57643A033D3E90023A1
:10623000141D43F100057B6803F57643A033C3E9E1
:1062400000457B68C7F8C430D7F8C430C7F8C03001
:106250004FF64071D7F8C00001F024FB034687F8E1
:10626000BF3097F9BF30002B3FDBD7F8C03003F5C4
:1062700070430022A3F8FA25D7F8C03003F5704325
:10628000002283F8E424D7F8C03003F57543A03327
:10629000D7F8C020C7F8B830002387F8B730C7F860
:1062A000B020D7F8B03003F5704393F8E13423F011
:1062B0000303DAB2D7F8B03003F5704383F8E12472
:1062C000D7F8B03003F5704393F8E12497F8B7306E
:1062D00003F00303DBB21343DAB2D7F8B03003F5AF
:1062E000704383F8E12400BFFFE2D7F8C03003F524
:1062F0007543A033C7F8AC30D7F8C030C7F8A83022
:10630000002387F8A730EBE2D7F8A83003F57043F5
:1063100093F8E43487F8A63097F8A6308F2B2DD960
:10632000D7F8AC30C7F8A030012387F89F30D7F8F2
:10633000A830C7F89830D7F8983003F5704393F831
:10634000E13423F00303DAB2D7F8983003F5704351
:1063500083F8E124D7F8983003F5704393F8E124EB
:1063600097F89F3003F00303DBB21343DAB2D7F898
:10637000983003F5704383F8E1248FE0D7F8AC3010
:10638000B3F85A304F2B2DD8D7F8C030D7F8AC20FF
:10639000C7F89420022287F89320C7F88C30D7F8EA
:1063A0008C3003F5704393F8E13423F00303DAB241
:1063B000D7F88C3003F5704383F8E124D7F88C309C
:1063C00003F5704393F8E12497F8933003F0030347
:1063D000DBB21343DAB2D7F88C3003F5704383F89D
:1063E000E1245BE0D7F8AC3093F85C309F2B2DD8DC
:1063F000D7F8AC30C7F88830032387F88730D7F850
:10640000A830C7F88030D7F8803003F5704393F890
:10641000E13423F00303DAB2D7F8803003F5704398
:1064200083F8E124D7F8803003F5704393F8E12432
:1064300097F8873003F00303DBB21343DAB2D7F8DF
:10644000803003F5704383F8E12427E0D7F8AC30BF
:10645000FB67002387F87B30D7F8A8307B677B6F1A
:1064600003F5704393F8E13423F00303DAB27B6F52
:1064700003F5704383F8E1247B6F03F5704393F8D1
:10648000E12497F87B3003F00303DBB21343DAB265
:106490007B6F03F5704383F8E12400BFD7F8AC307D
:1064A0003B67D7F8A830FB66FB6E03F5704393F8A3
:1064B000E13403F00303DBB287F86B3097F86B30FD
:1064C000032B00F2918101A252F823F08D6600089F
:1064D00077670008DD64000883660008D7F8AC30F1
:1064E000B3F85A3003F00103002B03D1D7F8C000F2
:1064F0000EF05BF8D7F8AC30B3F85A304F2B40F0C1
:106500006E81D7F8C0307B667B6E03F57543A03390
:106510003B667B6EFB653B6E012283F82F203B6E52
:10652000002283F833203B6E1433BB65BB6D002221
:106530009A76BB6D9A7EBB6D5A76002387F85730EA
:1065400018E097F85730BA6D0021D15497F85730BA
:10655000BA6D134400221A7297F85730BA6D13447B
:1065600000221A74BB6D00221A7697F85730013357
:1065700087F8573097F85730072BE2D900BF3B6EAA
:106580003B653B6D0022DA743B6DDA7C3B6D9A749F
:10659000002387F84F300FE097F84F303A6D002115
:1065A000D15497F84F303A6D134400221A7297F87D
:1065B0004F30013387F84F3097F84F30072BEBD926
:1065C0003B6D00221A7400BF3B6E002283F85C20F2
:1065D0007B6E03F5704393F8E33403F00703DAB2FC
:1065E0003B6E83F834203B6E002283F863203B6EC1
:1065F000002283F83A20002387F84E300BE097F80A
:106600004E303A6E1344002283F8482097F84E30FB
:10661000013387F84E3097F84E30092BEFD9FB6DD8
:1066200003F5704393F8EA24FB6D03F5704393F888
:10663000E4349A421BD13B6EBB64052387F8473094
:10664000FB6D3B643B6C03F5704393F8E0341A46F2
:1066500097F8473042FA03F303F00103002B14BF0D
:1066600001230023DBB2002B01D0012300E0002333
:10667000002B04D03B6E012283F8612000BF00BFD5
:10668000ADE0D7F8C0000EF0ADF9ADE0D7F8AC3012
:10669000B3F85A3040F2C712934240F0A280D7F8C4
:1066A000C030FB63FB6B03F57543A033BB63FB6B2F
:1066B0007B63BB6B93F85E30002B0BD0BB6B00226F
:1066C00083F85E20BB6B93F862300133DAB2BB6BA8
:1066D00083F862207B6B03F5704393F8EA247B6BAD
:1066E00003F5704393F8E4349A421BD1BB6B3B63D0
:1066F000052387F82F307B6BBB62BB6A03F57043C1
:1067000093F8E0341A4697F82F3042FA03F303F077
:106710000103002B14BF01230023DBB2002B01D0A7
:10672000012300E00023002B03D0BB6B012283F880
:106730006120BB6B012283F85820BB6B002283F8D9
:106740005620BB6B002283F85720002387F82730A0
:106750000BE097F82730BA6B1344002283F83E20F1
:1067600097F82730013387F8273097F82730092B1F
:10677000EFD900BF35E097F8A630902B33D1D7F88A
:10678000AC30B3F85A30002B2DD1D7F8C0303B6273
:106790003B6A03F57543A033FB613B6A03F5744321
:1067A000A033BB6100237B61BB690F331B785AB2F6
:1067B0007B69DBB2194601238B405BB213435AB2AB
:1067C000BB690F33D2B21A7000BFFB69002283F895
:1067D0006120FB69002283F8622000BF03E000BF54
:1067E00002E000BF00E000BFD7F8AC30B3F85A3089
:1067F00001339AB2D7F8AC30A3F85A20D7F8C0309A
:1068000003F5704393F80736002B02D04FF4E27380
:1068100001E04FF4E4737B82D7F8AC30B3F85A3020
:106820007A8A9A4226D1D7F8AC30002283F86720C2
:10683000D7F8AC300022A3F85A20D7F8A83003F5D7
:10684000704393F8E4340133DAB2D7F8A83003F593
:10685000704383F8E424D7F8A83003F5704393F825
:10686000E434992B06D9D7F8A83003F570430022F9
:1068700083F8E424D7F8A83003F5704393F8E424B0
:10688000D7F8C03003F5704393F8E5349A420FD13E
:10689000D7F8A83003F5704393F8E13443F00403CC
:1068A000DAB2D7F8A83003F5704383F8E1240EE09C
:1068B000D7F8A83003F5704393F8E13423F00403CC
:1068C000DAB2D7F8A83003F5704383F8E124D7F89B
:1068D000C0000DF09BFD97F8A730013387F8A73073
:1068E00097F8A730032B7FF60FADD7F8C430FB60C5
:1068F000FB6803F5704393F8F335002B12D0FB6867
:1069000003F5704393F8F535002B0BD0FB6803F5C6
:10691000704393F8F535013BDAB2FB6803F5704339
:1069200083F8F525FB6803F5704393F8F335002BE6
:1069300018D0FB6803F5704393F8F535002B11D19F
:10694000FB6803F57043002283F8F325FB6803F529
:106950007043012283F8F425FB6803F5704300229D
:1069600083F8F225FB6803F5704393F8F435002BA8
:1069700002D0F8680DF0D0FD00BF00BF7B68C7F8FB
:10698000D430D7F8D43003F57043B3F8C0360433AD
:106990009AB2D7F8D43003F57043A3F8C026D7F8DD
:1069A000D43003F57043B3F8C0361A46D7F8D43064
:1069B00003F5704393F8C23619463D4B5B5C42FACF
:1069C00003F3DAB2D7F8D43003F5704383F8A42484
:1069D000D7F8D43003F5704393F8A73403F00303DA
:1069E00087F8D33097F8D330D7F8D42002F5704227
:1069F00092F8C22611462F4A5B0013440B441A78C2
:106A0000D7F8D43003F5704383F8C826D7F8D430CC
:106A100003F5704393F8C336012B31D1D7F8D43046
:106A200003F5704393F8A624D7F8D43003F57043E8
:106A300083F8A524D7F8D43003F57443A033C7F8FE
:106A4000CC300223C7F8C830D7F8CC300F331B78CE
:106A50005AB2D7F8C830DBB2194601238B405BB27B
:106A600013435AB2D7F8CC300F33D2B21A7000BFEA
:106A7000D7F8D43003F57043022283F8C32613E01D
:106A8000D7F8D43003F5704393F8C336022B06D100
:106A9000D7F8D43003F57043002283F8C326D7F823
:106AA000D400FFF73EFB00BF00BFD837BD46B0BDE6
:106AB000141E02080C1E020880B582B000AF786078
:106AC0000B467B807B8819467868F9F7E1FF00BFA9
:106AD0000837BD4680BD000080B485B000AF786047
:106AE0000B467B804FF6FF73FB810023BB8122E0C6
:106AF000BB897A6813441B781A46FB895340FB8193
:106B00000023FB7211E0FB8903F00103002B06D088
:106B1000FB895B089AB20D4B5340FB8102E0FB8975
:106B20005B08FB81FB7A0133FB72FB7A072BEAD906
:106B3000BB890133BB81BA897B889A42D8D3FB8950
:106B400018461437BD465DF8047B704701A0FFFF6F
:106B500080B584B000AF78604FF4B443BB81224B62
:106B600047221A70204B42225A701F4B01229A7002
:106B7000BB89DAB21C4BDA70BB891B0A9BB2DAB252
:106B8000194B1A710023FB810AE0FB897A681A44C9
:106B9000FB8905331178144AD154FB890133FB81F9
:106BA000FB89B3F5B44FF0D345F605210E48FFF746
:106BB00093FF03467B817B89DAB20B4B03F5A0433D
:106BC00083F8052A7B891B0A9BB2DAB2064B03F5D0
:106BD000A04383F8062A45F607210348FFF76CFF18
:106BE00000BF1037BD4680BD5C5B012080B588B01A
:106BF00000AF78607B6803F5704393F8AF34FB73A4
:106C00007B6803F5704393F8BA36BB73BA7BFB7BA2
:106C100013407B730023FB770023BB770023BB610A
:106C200013E09A4ABB6913441A787B7B1340DBB2AA
:106C3000002B07D0954ABB6913441B78FB77BB69CF
:106C4000BB7705E0BB690133BB61BB69042BE8DDA1
:106C50007B6803F57043022283F8BB267868FFF750
:106C6000DDFA7B6803F5704393F8BC360133DAB282
:106C70007B6803F5704383F8BC267B6803F570439B
:106C8000032283F8BB267868FFF7C8FA7B6803F510
:106C9000704393F8BC360133DAB27B6803F5704376
:106CA00083F8BC267B6803F57043B3F8A836013B34
:106CB0009AB27B6803F57043A3F8A8267B6803F5B6
:106CC0007043042283F8BB267868FFF7A7FA7B6835
:106CD00003F5704393F8BC360133DAB27B6803F5F1
:106CE000704383F8BC267B6803F57043B3F8AA367B
:106CF0001B0A9BB23B737B6803F57043B3F8A8365D
:106D00003A7B1946786801F0F1F87B6803F5704327
:106D100093F8BA36FB727B6803F5704393F8AF348F
:106D2000BB72FA7ABB7A13407B720023FB757B7AC5
:106D3000002B02D10123FB751DE00023FB7700230C
:106D4000BB7700233B6113E0504A3B6913441A7838
:106D50007B7A1340DBB2002B07D04C4A3B691344CB
:106D60001B78FB773B69BB7705E03B6901333B61EF
:106D70003B69042BE8DD7B6803F57043052283F84B
:106D8000BB267868FFF74AFA7B6803F5704393F8EF
:106D9000BC360133DAB27B6803F5704383F8BC2656
:106DA0007B6803F57043B3F8A836013B9AB27B6861
:106DB00003F57043A3F8A8267B6803F5704300220F
:106DC00083F8B6267B6803F57043002283F8B72664
:106DD000FB7D002B0CD07B6803F570430022A3F8E9
:106DE000AA267B6803F57043002283F8BB2649E09E
:106DF0007B6803F57043B3F8AA363B727B6803F5F2
:106E00007043B3F8A8363A7A1946786801F06EF8FC
:106E1000BB7F1F4A32F813207B6803F57043A3F849
:106E2000AA267B6803F5704393F8AF345AB297F9FA
:106E30001F30DB435BB213405BB263F01F035BB2F6
:106E4000DAB27B6803F5704383F8AF247B6803F5FF
:106E50007043062283F8BB267868FFF7DFF97B686A
:106E600003F5704393F8BC360133DAB27B6803F55F
:106E7000704383F8BC267B6803F57043002283F8D7
:106E8000BB2600BF2037BD4680BD00BF181E0208CC
:106E9000201E020880B584B000AF78607B6803F5DF
:106EA0007643A8337A68FB60BA60FB689A7CBB685B
:106EB00003F5704393F8AF341340DBB203F01F03C4
:106EC000DBB2002B08D07B6803F5704393F8B6362D
:106ED000012B01D1012300E00023002B03D07868AF
:106EE000FFF784FE00BF00BF1037BD4680BD000025
:106EF00080B584B000AF78607B6803F570430022F2
:106F000083F8BC267B68BB60BB6803F5704393F8CD
:106F1000BB36002B7DD1BB6803F5704393F8B736C1
:106F2000002B18D0BB6803F5704393F8B736013BCC
:106F3000DAB2BB6803F5704383F8B726BB6803F584
:106F4000704393F8B736002B05D1BB6803F5704347
:106F5000012283F8B626BB6803F57043B3F8AA365E
:106F60001946B86800F03EFD03461A46BB6803F5B3
:106F7000704383F8BD26BB6803F57043B3F8AA36A7
:106F800001339AB2BB6803F57043A3F8AA26BB6825
:106F900003F5704393F8B536002B11D0BB6803F5A9
:106FA0007043002283F8B526BB6803F57043B3F83D
:106FB000AA36013B9AB2BB6803F57043A3F8AA2630
:106FC000BB6803F57043012283F8BB26BB6803F559
:106FD000704393F8BD36CB2B06D1BB6803F57043E5
:106FE000012283F8BE2605E0BB6803F5704300224A
:106FF00083F8BE26B868FFF711F9BB6803F5704344
:1070000093F8BC360133DAB2BB6803F5704383F8FA
:10701000BC26BB6803F5704393F8BB36012B38D10F
:10702000BB6803F5704393F8BD36CB2B31D1BB68F9
:1070300003F57043B3F8AA361946B86800F0D2FCDD
:1070400003461A46BB6803F5704383F8BD26BB6848
:1070500003F57043B3F8AA3601339AB2BB6803F55F
:107060007043A3F8AA26BB6803F57043022283F895
:10707000BB26B868FFF7D2F8BB6803F5704393F8F6
:10708000BC360133DAB2BB6803F5704383F8BC2623
:1070900000BF00BF7B68FB60FB6803F5704393F89B
:1070A000BE36002B0BD1FB6803F5704393F8BD3659
:1070B0001A46124B53F82230F868984710E0FB68E4
:1070C00003F5704393F8BD361A460D4B53F8223042
:1070D000F8689847FB6803F57043002283F8BE26E2
:1070E00000BF7868FFF7D6FE7B6803F5704393F81E
:1070F000BC3618461037BD4680BD00BF0C000020CE
:107100000C04002080B483B000AF78600B467B8015
:107110007B6803F57043D3F86C267B8813441B7897
:1071200018460C37BD465DF8047B704780B487B0C5
:1071300000AF78600B467B807B6803F576430833AD
:107140007B617B88B3F5804F2ED27B6993F87E30CC
:1071500083F00103DBB2002B05D07B695A6E7B887C
:1071600013441B7856E07B6993F87F30002B15D0D1
:107170007B6993F882301BB25B011AB27B69B3F86A
:1071800078301BB213401BB27B817B695B6E7A89BE
:1071900091037A880A4413441B783BE07B695A6E5A
:1071A0007B8813441B7835E0B7F90230002B31DBC4
:1071B0007B6993F87F30002B1BD07B6993F880307C
:1071C00083F00103DBB2002B13D07B6993F882308C
:1071D0001BB25B011AB27B6993F881301BB2134377
:1071E0001AB27B69B3F878301BB213401BB29BB262
:1071F00002E07B6993F881307B827B8A9A037B88EB
:107200001344A3F58043FB607B695A6EFB6813440B
:107210001B78FFE718461C37BD465DF8047B7047B6
:1072200080B586B000AF78600B467B807B6803F545
:10723000764308333B61B7F90230002B06DB7B88CD
:1072400019467868FFF772FF03463AE07B88B3F58A
:10725000404F35D23B6993F88930002B04D03B690D
:1072600093F87B30002B01D1FF232AE00023FB821F
:107270003B6993F88030002B12D03B6993F87E3045
:10728000012B0DD13B6993F87F3083F00103DBB212
:10729000002B05D03B6993F8823003F00303FB8297
:1072A000FB8A5A037B881344A3F52043FB603B69A8
:1072B0005C33F968184600F0D5F803461B7800E007
:1072C000FF2318461837BD4680BD80B483B000AF99
:1072D00078600B467B8013467B7000BF0C37BD4641
:1072E0005DF8047B704780B586B000AF78600B46D0
:1072F0007B8013467B707B6803F5764308333B61E4
:107300007B88B3F5005F0CD27B7803F00F030A2B68
:107310000CBF01230023DBB21A463B6983F87B20B4
:1073200073E07B88B3F5804F15D27B789BB203F076
:107330001F03FB82FB8A002B01D10123FB823B69E7
:10734000B3F87830DAB2FB8ADBB21340DAB23B69C9
:1073500083F8812059E07B88B3F5C04F07D27B7852
:1073600003F00303DAB23B6983F882204DE0B7F9FA
:107370000230002B0BDB7B7803F00103002B14BFE2
:1073800001230023DAB23B6983F87E203DE07B884D
:10739000B3F5404F34D23B6993F88930002B31D09C
:1073A0003B6993F87B30002B2ED00023BB823B69D6
:1073B00093F87E30012B12D13B6993F88030002B7B
:1073C0000DD03B6993F87F3083F00103DBB2002BD3
:1073D00005D03B6993F8823003F00303BB82BB8A7C
:1073E0005A037B881344A3F52043FB603B695C335D
:1073F000F968184600F036F802467B78137004E00E
:1074000000BF02E000BF00E000BF1837BD4680BDEE
:1074100080B483B000AF78603B79002B02D0012BA1
:1074200007D00DE0094B0A4A1A600A4B0A4A1A6053
:1074300006E0064B094A1A60064B094A1A6000BF6B
:1074400000BF0C37BD465DF8047B704764B5012072
:107450000571000868B50120CB7200082172000890
:10746000E772000880B582B000AF78603960FDF740
:107470008BFE0346002B07D0786800F011F8034616
:10748000002B01D1012300E00023002B786800F0DD
:1074900007F802463B68134418460837BD4680BDCE
:1074A00080B582B000AF78607B68184600F005F8C0
:1074B000034618460837BD4680BD80B582B000AF90
:1074C00078607B68184600F006F803461B6818468B
:1074D0000837BD4680BD80B582B000AF78607B685C
:1074E000184600F005F8034618460837BD4680BD2B
:1074F00080B582B000AF7860786800F005F8034688
:1075000018460837BD4680BD80B582B000AF7860B0
:107510007B68184600F005F8034618460837BD4654
:1075200080BD80B483B000AF78607B6818460C37AC
:10753000BD465DF8047B704780B582B000AF7860CF
:107540000B467B80054B1B687A8811467868984704
:10755000034618460837BD4680BD00BF64B501200C
:1075600080B489B000AF78600B467B807B88B3F530
:107570007E4F0DD37B884FF69F62934208D87B885D
:10758000A3F57E437A68134403F574431B7894E0B3
:107590007B884FF69F62934205D97B88B3F57F4F76
:1075A00001D2FF2389E07B88B3F57F4F6BD37B88C3
:1075B0004FF67F72934266D87B68FB617B887B8342
:1075C0007B8BB3F57F4F4DD1FB697B617B6903F505
:1075D000704393F8A03403F03003FB740F23BB74A3
:1075E0007B6903F5704393F8CA367B747B7C03F0A8
:1075F0000103002B03D17B7C43F002037B747B7C73
:1076000003F00403002B03D17B7C43F008037B745D
:10761000FB7C1B09DBB203F00103DBB21A4612014B
:10762000D31A3B74FB7C5B09DBB203F00103DBB2D2
:107630001A461201D31AFB733A7C7B7C1343DAB2ED
:107640007B6903F5704393F8CB16FB7B0B43DBB2EE
:107650001340DAB2FB7C1343DBB263F03F03BB742D
:10766000BB7C0FE07B8BA3F57F43FA69134403F5E2
:107670007443A0331A787B8BA3F57F431249CB5C0C
:107680001343DBB219E07B884FF67F7293420FD928
:107690007B884FF6FF7293420AD07B88A3F57F4325
:1076A000803B7A68134403F5754320331B7804E06C
:1076B0007B6803F5704393F8BA3618462437BD4605
:1076C0005DF8047B704700BF4C1E020880B485B093
:1076D00000AF78600023FB81D3E0FB897F2B1BD8B0
:1076E000FA896D4913465B0013449B000B4400214B
:1076F0001960694913465B0013449B000B44043333
:1077000000211980644913465B0013449B000B441D
:107710000833624A1A60B1E0FB897F2B21D9FB89CB
:107720009F2B1ED8FA897B6803F534415A481346CB
:107730005B0013449B0003441960574913465B00E8
:1077400013449B000B4404334FF400411980524909
:1077500013465B0013449B000B44083300221A605D
:107760008CE0FB899F2B1ED9FB89BF2B1BD8FA8984
:10777000494913465B0013449B000B4400211960E8
:10778000454913465B0013449B000B44043300211E
:107790001980414913465B0013449B000B44083396
:1077A0003E4A1A606AE0FB89BF2B21D9FB89DF2B97
:1077B0001ED8FA897B6803F55441374813465B00AD
:1077C00013449B0003441960334913465B00134480
:1077D0009B000B4404334FF4404119802E4913465B
:1077E0005B0013449B000B44083300221A6045E001
:1077F000FB89DF2B21D9FB89FD2B1ED8FA897B68F9
:1078000003F55441244813465B0013449B00034492
:107810001960214913465B0013449B000B44043359
:107820004FF4604119801C4913465B0013449B00D0
:107830000B44083300221A6020E0FB89FD2B1DD980
:10784000FB89FF2B1AD8FA89134913465B001344AE
:107850009B000B44002119600F4913465B00134441
:107860009B000B440433002119800B4913465B0035
:1078700013449B000B440833094A1A60FB89013307
:10788000FB81FB89FF2B7FF628AF00BF00BF1437B9
:10789000BD465DF8047B70476CB501203975000862
:1078A0006175000880B584B000AF78600B467B80BE
:1078B0007B881B0A9BB2FB73FA7B13465B00134465
:1078C0009B000E4A1344BB60BB681B68002B08D0AA
:1078D000BB681B687A88B9688988521A13441B7878
:1078E00007E0BB689B687A8811467868984703462A
:1078F00000BF18461037BD4680BD00BF6CB50120E3
:1079000080B588B000AF78600B467B807B88B3F58C
:107910007E4F06D37B884FF69F62934201D8FF23A8
:107920005AE07B88B3F57E4F4FD27B6803F57043F6
:1079300093F8E6341B02BB830023FB7742E0FA7F17
:10794000274913465B0013445B000B441B887B8371
:10795000FA7F234913465B0013445B000B44023358
:107960001B883B83BB8BFB827B8BBB823B8B7B82ED
:10797000FA8ABB8A9A4205D3FA8A7B8A9A4201D84C
:10798000012300E00023002B14D07B883B827B8BFB
:10799000FB813B8BBB813A8AFB899A4205D33A8AA9
:1079A000BB899A4201D8012300E00023002B01D0BB
:1079B000012300E00023002B01D0FF230CE0FB7F1C
:1079C0000133FB77FB7F042BB9D97B881946786894
:1079D000FFF768FF034600BF18462037BD4680BD4D
:1079E0002C1E020880B586B000AF78600B467B8005
:1079F0007B6803F57543A0337A683B61FA60FB68E6
:107A000003F5704393F8E13403F00303DBB2FB7535
:107A1000FB7D032B10D17B6803F57043B3F8FA3577
:107A2000522B09D9B7F90230002B05DA7B88B3F560
:107A3000204F01D2FF2314E07B6803F5704393F8D5
:107A4000F435012B06D17B8819467868FFF758FF7B
:107A5000034606E07B8819467868FFF723FF034654
:107A600000BF18461837BD4680BD000080B588B0FD
:107A700000AF78600B467B8013467B70B7F902300D
:107A8000002B06DBBA4B1B687A78798878689847B0
:107A900029E2B7F90230002B0DDA7B88B3F5204FCD
:107AA00009D27B88A3F500437A68134403F5344375
:107AB0007A781A7017E27B88B3F5204F0AD37B8857
:107AC000B3F5404F06D2AA4B1B687A78798878685C
:107AD000984708E27B88B3F5404F0DD37B88B3F518
:107AE000604F09D27B88A3F540437A68134403F5BD
:107AF00054437A781A70F6E17B88B3F5604F0DD362
:107B00007B88B3F57E4F09D27B88A3F560437A6802
:107B1000134403F554437A781A70E4E17B88B3F593
:107B20007E4F0ED37B884FF69F62934209D87B88A5
:107B3000A3F57E437A68134403F574437A781A7088
:107B4000D1E17B88B3F57F4FC0F0A9817B884FF6E8
:107B50007F72934200F2A3817B68FB617B887B8309
:107B60007B787B767B8BA3F57F43462B00F2858168
:107B700001A252F823F000BF957C00087B7E00082C
:107B80007B7E00087B7E0008C37C0008DD7C00084B
:107B9000177D0008437D00087B7E00087B7E00087F
:107BA0007B7E00087B7E00087B7E00087B7E0008D1
:107BB0007B7E00085D7D00087B7E00087B7E0008E0
:107BC0007B7E00087B7E00087B7E00087B7E0008B1
:107BD0007B7E00087B7E00087B7E00087B7E0008A1
:107BE0007B7E00087B7E00087B7E00087B7E000891
:107BF0007B7E00087B7E00087B7E00087B7E000881
:107C00007B7E00087B7E00087B7E00087B7E000870
:107C10007B7E00087B7E00087B7E00087B7E000860
:107C20007B7E00087B7E00087B7E00087B7E000850
:107C30007B7E00087B7E00087B7E00087B7E000840
:107C40007B7E00087B7E00087B7E00087B7E000830
:107C50007B7E00087B7E00087B7E00087B7E000820
:107C60007B7E00087B7E00087B7E00087B7E000810
:107C70007B7E00087B7E0008757D0008257E00085D
:107C80007B7E00087B7E0008917E00087B7E0008DA
:107C90004D7E0008FB6903F5704393F8A0345BB296
:107CA00023F030035AB297F9193003F030035BB276
:107CB00013435BB2DAB2FB6903F5704383F8A02487
:107CC000EBE0FB6903F570430022A3F8C026FB69D3
:107CD00003F57043002283F8A424DEE0FB6903F57A
:107CE000704393F8C336022B00F0D480FB6903F590
:107CF000704393F8C336012B05D1FB6903F570433C
:107D0000002283F8C326FB6903F570431A467B7E85
:107D100082F8A534C1E0FB6903F5704393F8C336DC
:107D2000022B06D1FB6903F570431A467B7E82F86D
:107D3000A534FB6903F570431A467B7E82F8A634AE
:107D4000ABE07B7E63F00703DAB2FB6903F57043B7
:107D500083F8A724F869FEF7E4F99EE07B7E63F0E0
:107D60001F03DAB2FB6903F5704383F8AF2494E094
:107D700068B50120FB6903F5704393F8E0343B7666
:107D800097F91830DBB2DB09FB75FB6903F570432B
:107D90001A467B7E82F8E03497F91930DBB2DB09B2
:107DA000BB75FA7DBB7D9A4276D0BB7D002B05D09A
:107DB000FB6903F57043012283F80726FB6903F58D
:107DC00070430022A3F8FA25FB6903F570430022F3
:107DD00083F8E424FB6903F57543A033FA693B613A
:107DE0000223FB73BA60BB6803F5704393F8E13478
:107DF00023F00303DAB2BB6803F5704383F8E12490
:107E0000BB6803F5704393F8E124FB7B03F00303A5
:107E1000DBB21343DAB2BB6803F5704383F8E124A5
:107E200000BF39E07B7E23F00703DAB2FB6903F57C
:107E3000704393F8E13403F00703DBB21343DAB283
:107E4000FB6903F5704383F8E12426E07B8BA3F5FF
:107E50007F43FA69134403F57443A0337A7E1A70A2
:107E6000FB6903F57043012283F8F325FB6903F5F1
:107E70007043022283F8F5250FE07B8BA3F57F4347
:107E8000FA69134403F57443A0337A7E1A7004E050
:107E900000BF02E000BF00E000BF00BF23E07B881E
:107EA0004FF67F72934210D97B884FF6FF72934250
:107EB0000BD07B88A3F57F43803B7A68134403F59E
:107EC000754320337A781A700DE07B884FF6FF7285
:107ED000934207D17B6803F570431A467B7882F89A
:107EE000BA3600E000BF2037BD4680BD80B582B005
:107EF00000AF78600B467B8013467B707A787B8876
:107F000019467868FFF7B2FD00BF0837BD4680BD4F
:107F100080B588B000AF78600B467B8013467B70DD
:107F2000B7F90230002B16DA7B88B3F5204F12D256
:107F30007B6803F57543A0337A68BB617A617B691E
:107F400003F5704393F8E13403F00303DBB2FB77EE
:107F5000FB7F032B38D07B88B3F57E4F22D37B8801
:107F60004FF69F6293421DD87B6803F5704393F8E8
:107F7000F435002B2AD17B6803F57543A0337A686A
:107F80003B61FA60FB6803F5704393F8E13403F05A
:107F90000303DBB2BB77BB7F022B19D0BB7F032B64
:107FA0000AD115E07B884FF69F62934205D97B8802
:107FB000B3F57F4F0ED300E000BF7A787B88194677
:107FC0007868FFF793FF06E000BF04E000BF02E01F
:107FD00000BF00E000BF2037BD4680BD80B483B045
:107FE00000AF78607B6803F57043002283F8BB26FE
:107FF00000BF0C37BD465DF8047B704780B485B088
:1080000000AFF860B9607A607B681A78BB681A7054
:10801000FB6803F57043002283F8BB2600BF1437CA
:10802000BD465DF8047B704780B582B000AF7860D4
:108030000B46FB7013463B80FA783B8819467868FC
:10804000FFF766FF7B6803F57043022283F8BB26C7
:108050007868FEF7E3F87B6803F5704393F8BC3665
:108060000133DAB27B6803F5704383F8BC267B6882
:1080700003F57043002283F8BB2600BF0837BD46D6
:1080800080BD80B584B000AF78600B46FB707B6824
:1080900003F57043B3F8AA3619467868FFF7A2FCD7
:1080A0000346FB737B6803F57043B3F8AA360133CC
:1080B0009AB27B6803F57043A3F8AA26FB7B9BB2B8
:1080C000A3F58073BB817B6803F57043022283F8BC
:1080D000BB267868FEF7A2F87B6803F5704393F837
:1080E000BC360133DAB27B6803F5704383F8BC26F3
:1080F000FA78BB8919467868FFF70AFF7B6803F5B1
:108100007043032283F8BB267868FEF787F87B6804
:1081100003F5704393F8BC360133DAB27B6803F59C
:10812000704383F8BC267B6803F57043002283F814
:10813000BB2600BF1037BD4680BD80B584B000AF00
:10814000786039607B6803F57043B3F8AA36194646
:108150007868FFF747FC0346FB737B6803F57043C1
:10816000B3F8AA3601339AB27B6803F57043A3F8DB
:10817000AA267B6803F57043022283F8BB26786841
:10818000FEF74CF87B6803F5704393F8BC36013377
:10819000DAB27B6803F5704383F8BC26FB7B9BB2A5
:1081A000A3F580739BB219467868FFF71BFC034662
:1081B000BB733B68BA7B1A707B6803F5704303227C
:1081C00083F8BB267868FEF729F87B6803F57043CF
:1081D00093F8BC360133DAB27B6803F5704383F859
:1081E000BC267B6803F57043002283F8BB2600BFE2
:1081F0001037BD4680BD80B584B000AF78600B46B7
:10820000FB701346BB70FB789BB2A3F58073FB81B8
:10821000BA78FB8919467868FFF77AFE7B6803F520
:108220007043022283F8BB267868FDF7F7FF7B686E
:1082300003F5704393F8BC360133DAB27B6803F57B
:10824000704383F8BC267B6803F57043002283F8F3
:10825000BB2600BF1037BD4680BD80B586B000AFDD
:10826000F860B9601346FB71FB799BB2A3F580738C
:10827000FB82FB8A1946F868FFF7B4FB03461A46EF
:10828000BB681A70FB6803F57043022283F8BB26B3
:10829000F868FDF7C3FFFB6803F5704393F8BC363D
:1082A0000133DAB2FB6803F5704383F8BC26FB6840
:1082B00003F57043002283F8BB2600BF1837BD4684
:1082C00080BD80B584B000AFF860B9601346FB8014
:1082D000FB881946F868FFF785FB03461A46BB681A
:1082E0001A70FB6803F57043022283F8BB26F86816
:1082F000FDF794FFFB6803F5704393F8BC36013338
:10830000DAB2FB6803F5704383F8BC26FB6803F51B
:108310007043002283F8BB2600BF1037BD4680BDE6
:1083200080B592B000AFF860B9607A60FB6803F581
:108330007043B3F8AA361946F868FFF753FB0346B3
:1083400087F84730FB6803F57043B3F8AA3601336A
:108350009AB2FB6803F57043A3F8AA26FB6803F5FD
:108360007043022283F8BB26F868FDF757FFFB68CD
:1083700003F5704393F8BC360133DAB2FB6803F5BA
:10838000704383F8BC26FB6803F57643A833BB63D0
:10839000002387F83730BB6BDB7A5BB203F07003E6
:1083A0005AB297F93730DB015BB213435BB2DAB2F2
:1083B000BB6BDA7200BFFB6803F57643A8333B64FE
:1083C000002387F83F303B6CDB7A5BB223F04F032E
:1083D0005AB297F93F309B015BB213435BB2DAB2FA
:1083E0003B6CDA7200BFFB6803F57043B3F8A83644
:1083F00003F00F0297F8473003F00F0313440F2BDD
:1084000017DDFB6803F57643A8333B63012387F848
:108410002F303B6BDB7A5BB223F02F035AB297F914
:108420002F305B015BB213435BB2DAB23B6BDA72A3
:1084300017E0FB6803F57643A833BB62002387F897
:108440002730BB6ADB7A5BB223F02F035AB297F96D
:1084500027305B015BB213435BB2DAB2BB6ADA72FC
:1084600000BFFB6803F57043B3F8A836DAB297F89B
:1084700047301344FF2B16DDFB6803F57643A83322
:108480003B620123FB773B6ADB7A5BB223F01F037D
:108490005AB297F91F301B015BB213435BB2DAB2D9
:1084A0003B6ADA7216E0FB6803F57643A833BB61DA
:1084B0000023FB75BB69DB7A5BB223F01F035AB262
:1084C00097F917301B015BB213435BB2DAB2BB6999
:1084D000DA7200BFFB6803F57043032283F8BB2602
:1084E000F868FDF79BFEFB6803F5704393F8BC3614
:1084F0000133DAB2FB6803F5704383F8BC26FB68EE
:1085000003F57043B3F8A82697F947309BB213449C
:10851000A7F84430B7F844301B0A9BB2DAB2BB6804
:108520001A70B7F84430DAB27B681A70FB6803F54A
:108530007043002283F8BB2600BF4837BD4680BD8C
:1085400080B582B000AF78600B467B807B6803F516
:1085500070431A467B88A2F8A8367B6803F57043FF
:10856000022283F8BB267868FDF758FE7B6803F586
:10857000704393F8BC360133DAB27B6803F570437D
:1085800083F8BC267B6803F57043002283F8BB2682
:1085900000BF0837BD4680BD80B584B000AF7860AD
:1085A00039607B6803F57043B3F8AA3619467868DA
:1085B000FFF718FA0346FB737B6803F57043B3F8C3
:1085C000AA3601339AB27B6803F57043A3F8AA2652
:1085D0007B6803F57043022283F8BB267868FDF7B9
:1085E0001DFE7B6803F5704393F8BC360133DAB2A5
:1085F0007B6803F5704383F8BC263B68FA7B1A70EE
:108600007B6803F57043002283F8BB2600BF103758
:10861000BD4680BD80B584B000AF786039607B68AE
:1086200003F57043B3F8AA3619467868FFF7DAF90C
:108630000346FB737B6803F57043B3F8AA36013336
:108640009AB27B6803F57043A3F8AA267B6803F50A
:108650007043022283F8BB267868FDF7DFFD7B6854
:1086600003F5704393F8BC360133DAB27B6803F547
:10867000704383F8BC267B6803F57043B3F8AA36D1
:1086800019467868FFF7AEF90346BB737B6803F5BC
:108690007043B3F8AA3601339AB27B6803F570438E
:1086A000A3F8AA26BB7B1BB21B021AB2FB7B1BB230
:1086B00013431BB2BB817B6803F57043032283F82D
:1086C000BB267868FDF7AAFD7B6803F5704393F835
:1086D000BC360133DAB27B6803F5704383F8BC26FD
:1086E000BB8919467868FFF77DF90346FB737B6801
:1086F00003F57043042283F8BB267868FDF78EFDEE
:108700007B6803F5704393F8BC360133DAB27B68BB
:1087100003F5704383F8BC263B68FA7B1A707B68CC
:1087200003F57043002283F8BB2600BF1037BD4617
:1087300080BD80B586B000AFF860B9607A60FB6834
:1087400003F57043B3F8AA361946F868FFF74AF9FB
:108750000346FB75FB6803F57043B3F8AA36013393
:108760009AB2FB6803F57043A3F8AA26FB6803F5E9
:108770007043022283F8BB26F868FDF74FFDFB68C3
:1087800003F5704393F8BC360133DAB2FB6803F5A6
:10879000704383F8BC26FB6803F57043B3F8AA3630
:1087A0001946F868FFF71EF90346BB75FB6803F529
:1087B0007043B3F8AA3601339AB2FB6803F57043ED
:1087C000A3F8AA26FB6803F57043032283F8BB26AF
:1087D000F868FDF723FDFB6803F5704393F8BC369A
:1087E0000133DAB2FB6803F5704383F8BC26BB683B
:1087F000BA7D1A707B68FA7D1A70FB6803F57043C6
:10880000002283F8BB2600BF1837BD4680BD80B567
:1088100084B000AF78600B467B807B6803F57043C3
:10882000B3F8AA3619467868FFF7DCF80346FB73FD
:108830007B6803F57043B3F8AA3601339AB27B68BC
:1088400003F57043A3F8AA267B6803F57043022260
:1088500083F8BB267868FDF7E1FC7B6803F570437D
:1088600093F8BC360133DAB27B6803F5704383F8C2
:10887000BC26FA7B7B8819467868FFF749FB7B6842
:1088800003F57043032283F8BB267868FDF7C6FC26
:108890007B6803F5704393F8BC360133DAB27B682A
:1088A00003F5704383F8BC267B6803F57043002210
:1088B00083F8BB2600BF1037BD4680BD80B584B0AD
:1088C00000AF78607B6803F57043B3F8AA361946A9
:1088D0007868FFF787F80346FB737B6803F57043FE
:1088E000B3F8AA3601339AB27B6803F57043A3F854
:1088F000AA267B6803F57043022283F8BB267868BA
:10890000FDF78CFC7B6803F5704393F8BC360133AC
:10891000DAB27B6803F5704383F8BC267B6803F505
:108920007043B3F8AA3619467868FFF75BF8034638
:10893000BB737B6803F57043B3F8AA3601339AB270
:108940007B6803F57043A3F8AA26BB7B1BB21B020E
:108950001AB2FB7B1BB213431BB2BB817B6803F5CE
:108960007043032283F8BB267868FDF757FC7B68C9
:1089700003F5704393F8BC360133DAB27B6803F534
:10898000704383F8BC267B6803F57043B3F8A836C0
:10899000DAB2BB8919467868FFF7BAFABB890133A6
:1089A000BB817B6803F57043042283F8BB2678689B
:1089B000FDF734FC7B6803F5704393F8BC36013354
:1089C000DAB27B6803F5704383F8BC267B6803F555
:1089D0007043B3F8A8361B0A9BB2DAB2BB891946BA
:1089E0007868FFF795FA7B6803F57043052283F8F2
:1089F000BB267868FDF712FC7B6803F5704393F89B
:108A0000BC360133DAB27B6803F5704383F8BC26C9
:108A10007B6803F57043002283F8BB2600BF103744
:108A2000BD4680BD80B584B000AF78607B6803F53B
:108A30007043B3F8AA3619467868FEF7D3FF0346A9
:108A4000FB737B6803F57043B3F8AA3601339AB21F
:108A50007B6803F57043A3F8AA267B6803F570438F
:108A6000022283F8BB267868FDF7D8FB7B6803F504
:108A7000704393F8BC360133DAB27B6803F5704378
:108A800083F8BC267B6803F57043B3F8AA36194611
:108A90007868FEF7A7FF0346BB737B6803F5704356
:108AA000B3F8AA3601339AB27B6803F57043A3F892
:108AB000AA26BB7B1BB21B021AB2FB7B1BB2134361
:108AC0001BB2BB817B6803F57043032283F8BB268E
:108AD0007868FDF7A3FB7B6803F5704393F8BC3619
:108AE0000133DAB27B6803F5704383F8BC267B68F8
:108AF00003F570431A46BB89A2F8A8367B6803F5D4
:108B00007043002283F8BB2600BF1037BD4680BDEE
:108B100080B584B000AF78600B46FB707B6803F5CE
:108B20007043B3F8AA3619467868FEF75BFF034630
:108B3000FB737B6803F57043B3F8AA3601339AB22E
:108B40007B6803F57043A3F8AA267B6803F570439E
:108B5000022283F8BB267868FDF760FB7B6803F58B
:108B6000704393F8BC360133DAB27B6803F5704387
:108B700083F8BC267B6803F57043B3F8AA36194620
:108B80007868FEF72FFF0346BB737B6803F57043DD
:108B9000B3F8AA3601339AB27B6803F57043A3F8A1
:108BA000AA26BB7B1BB21B021AB2FB7B1BB2134370
:108BB0001BB2BB817B6803F57043032283F8BB269D
:108BC0007868FDF72BFB7B6803F5704393F8BC36A0
:108BD0000133DAB27B6803F5704383F8BC26FA7878
:108BE000BB8919467868FFF793F97B6803F57043F2
:108BF000042283F8BB267868FDF710FB7B6803F539
:108C0000704393F8BC360133DAB27B6803F57043E6
:108C100083F8BC267B6803F57043002283F8BB26EB
:108C200000BF1037BD4680BD80B48DB000AF786006
:108C30007B6803F5704393F8AC3687F82F3097F8CC
:108C40002F30DB0987F82E3097F82F305B0087F83C
:108C50002F3097F82F2097F82E30134387F82F30B6
:108C60007B6803F570431A4697F82F3082F8AC36CC
:108C70007B6803F57643A8333B610023FB733B69B4
:108C8000DB7A5BB203F070035AB297F90F30DB0165
:108C90005BB213435BB2DAB23B69DA7200BF7B6846
:108CA00003F57643A833BB610023FB75BB69DB7A10
:108CB0005BB223F02F035AB297F917305B015BB216
:108CC00013435BB2DAB2BB69DA7200BF7B6803F5AB
:108CD0007643A8333B620023FB773B6ADB7A5BB2C7
:108CE00023F04F035AB297F91F309B015BB2134335
:108CF0005BB2DAB23B6ADA7200BF7B6803F5764397
:108D0000A83397F82E20002A14BF01220022D2B2E5
:108D1000BB62134687F82730BB6ADB7A5BB223F06D
:108D20001F035AB297F927301B015BB213435BB2A2
:108D3000DAB2BB6ADA7200BF7B6803F570430022C7
:108D400083F8BB2600BF3437BD465DF8047B70470F
:108D500080B48DB000AF78607B6803F5704393F802
:108D6000AC3687F82F3097F82F3003F0010387F8DF
:108D70002E3097F82E30DB0187F82D3097F82F3002
:108D80005B0887F82F3097F82F2097F82D30134382
:108D900087F82F307B6803F570431A4697F82F3019
:108DA00082F8AC367B6803F57643A8333B61002339
:108DB000FB733B69DB7A5BB203F070035AB297F93D
:108DC0000F30DB015BB213435BB2DAB23B69DA729C
:108DD00000BF7B6803F57643A833BB610023FB75B6
:108DE000BB69DB7A5BB223F02F035AB297F91730D5
:108DF0005B015BB213435BB2DAB2BB69DA7200BFEC
:108E00007B6803F57643A8333B620023FB773B6A1C
:108E1000DB7A5BB223F04F035AB297F91F309B0104
:108E20005BB213435BB2DAB23B6ADA7200BF7B68B3
:108E300003F57643A83397F82E20002A14BF0122A9
:108E40000022D2B2BB62134687F82730BB6ADB7AB6
:108E50005BB223F01F035AB297F927301B015BB2B4
:108E600013435BB2DAB2BB6ADA7200BF7B6803F508
:108E70007043002283F8BB2600BF3437BD465DF83F
:108E8000047B704780B48DB000AF78607B6803F5D9
:108E9000704393F8AC3687F82F3097F82F30DB0902
:108EA00087F82E3097F82F305B0087F82F307B68DB
:108EB00003F57643A833BB60BB68DB7A1B09DBB2E2
:108EC00003F00103DAB297F82F30134387F82F30FD
:108ED0007B6803F570431A4697F82F3082F8AC365A
:108EE0007B6803F57643A8333B610023FB733B6942
:108EF000DB7A5BB203F070035AB297F90F30DB01F3
:108F00005BB213435BB2DAB23B69DA7200BF7B68D3
:108F100003F57643A833BB610023FB75BB69DB7A9D
:108F20005BB223F04F035AB297F917309B015BB243
:108F300013435BB2DAB2BB69DA7200BF7B6803F538
:108F40007643A8333B620023FB773B6ADB7A5BB254
:108F500023F02F035AB297F91F305B015BB2134322
:108F60005BB2DAB23B6ADA7200BF7B6803F5764324
:108F7000A83397F82E20002A14BF01220022D2B273
:108F8000BB62134687F82730BB6ADB7A5BB223F0FB
:108F90001F035AB297F927301B015BB213435BB230
:108FA000DAB2BB6ADA7200BF7B6803F57043002255
:108FB00083F8BB2600BF3437BD465DF8047B70479D
:108FC00080B48DB000AF78607B6803F5704393F890
:108FD000AC3687F82F307B6803F57643A833BB6047
:108FE000BB68DB7A1B09DBB203F00103DBB2DB01F8
:108FF00087F82E3097F82F3003F0010387F82D30D3
:1090000097F82F305B0887F82F3097F82F2097F8C4
:109010002E30134387F82F307B6803F570431A46D0
:1090200097F82F3082F8AC367B6803F57643A83387
:109030003B610023FB733B69DB7A5BB203F0700397
:109040005AB297F90F30DB015BB213435BB2DAB26D
:109050003B69DA7200BF7B6803F57643A833BB61D6
:109060000023FB75BB69DB7A5BB223F04F035AB276
:1090700097F917309B015BB213435BB2DAB2BB695D
:10908000DA7200BF7B6803F57643A8333B620023A6
:10909000FB773B6ADB7A5BB223F02F035AB297F976
:1090A0001F305B015BB213435BB2DAB23B6ADA7228
:1090B00000BF7B6803F57643A83397F82D20002A7C
:1090C00014BF01220022D2B2BB62134687F82730B8
:1090D000BB6ADB7A5BB223F01F035AB297F92730E1
:1090E0001B015BB213435BB2DAB2BB6ADA7200BF38
:1090F0007B6803F57043002283F8BB2600BF34373A
:10910000BD465DF8047B704780B491B000AF7860D5
:10911000002387F83F307B6803F5704393F8AC3643
:10912000BB87002387F83B307B6803F57643A83381
:109130007B637B6BDB7A9B09DBB203F00103DBB261
:10914000002B0CBF01230023DBB2002B43D07B6834
:1091500003F57643A8333B633B6BDB7A5B09DBB2F9
:1091600003F00103DBB2002B04D1BB8F03F00F032C
:10917000092B01DD012300E00023002B05D097F827
:109180003F3043F0060387F83F307B6803F57643B2
:10919000A833FB62FB6ADB7A1B09DBB203F0010335
:1091A000DBB2002B02D1BB8F992B01D9012300E048
:1091B0000023002B08D097F83F3043F0600387F876
:1091C0003F30012387F83B3097F83F309AB2BB8F8E
:1091D0001344BB873AE07B6803F57643A833BB6250
:1091E000BB6ADB7A5B09DBB203F00103DBB2002B65
:1091F00014BF01230023DBB2002B05D097F83F30CA
:1092000043F0060387F83F307B6803F57643A833C5
:109210007B627B6ADB7A1B09DBB203F00103DBB202
:10922000002B14BF01230023DBB2002B08D097F8DA
:109230003F3043F0600387F83F30012387F83B302D
:1092400097F83F309BB2BA8FD31ABB87BB8FDBB284
:10925000BB87BB8FDAB27B6803F5704383F8AC261B
:109260007B6803F57643A833BA8F002A0CBF01222E
:109270000022D2B23B611346FB733B69DB7A5BB2DF
:1092800003F070035AB297F90F30DB015BB213435E
:109290005BB2DAB23B69DA7200BF7B6803F57643F2
:1092A000A833BB610023FB75BB69DB7A5BB223F09B
:1092B0002F035AB297F917305B015BB213435BB2CD
:1092C000DAB2BB69DA7200BF7B6803F57643A83374
:1092D0003B6297F83B30FB773B6ADB7A5BB223F06B
:1092E0001F035AB297F91F301B015BB213435BB2E5
:1092F000DAB23B6ADA7200BF7B6803F57043002282
:1093000083F8BB2600BF4437BD465DF8047B704739
:1093100080B487B000AF78607B6803F5704393F842
:10932000AC36DB43DAB27B6803F5704383F8AC26D6
:109330007B6803F57643A833FB600123FB72FB686F
:10934000DB7A5BB223F04F035AB297F90B309B01E3
:109350005BB213435BB2DAB2FB68DA7200BF7B68C0
:1093600003F57643A8337B610123FB747B69DB7AC9
:109370005BB223F02F035AB297F913305B015BB253
:1093800013435BB2DAB27B69DA7200BF7B6803F524
:109390007043002283F8BB2600BF1C37BD465DF832
:1093A000047B704780B489B000AF78607B6803F5B8
:1093B0007643A833FB600023FB72FB68DB7A5BB269
:1093C00023F04F035AB297F90B309B015BB2134362
:1093D0005BB2DAB2FB68DA7200BF7B6803F57643F2
:1093E000A8337B610023FB747B69DB7A5BB223F0DB
:1093F0002F035AB297F913305B015BB213435BB290
:10940000DAB27B69DA7200BF7B6803F57643A83372
:10941000FB610123FB76FB69DB7A5BB223F01F0360
:109420005AB297F91B301B015BB213435BB2DAB23D
:10943000FB69DA7200BF7B6803F57043002283F892
:10944000BB2600BF2437BD465DF8047B704780B45F
:109450008BB000AF78607B6803F57643A833FB6080
:109460000023FB72FB68DB7A5BB223F04F035AB236
:1094700097F90B309B015BB213435BB2DAB2FB6826
:10948000DA7200BF7B6803F57643A8337B61002363
:10949000FB747B69DB7A5BB223F02F035AB297F936
:1094A00013305B015BB213435BB2DAB27B69DA72F1
:1094B00000BF7B6803F57643A833BB61BB69DB7AE9
:1094C0001B09DBB203F00103DBB2002B0CBF01234D
:1094D000002387F827307B6803F57643A8333B6287
:1094E00097F82730FB773B6ADB7A5BB223F01F03E8
:1094F0005AB297F91F301B015BB213435BB2DAB269
:109500003B6ADA7200BF7B6803F57043002283F880
:10951000BB2600BF2C37BD465DF8047B704780B585
:1095200094B000AFF860B9607A603B607B681B78EC
:1095300087F84F30BB6D1B7887F84E3097F84F3067
:109540009AB297F84E309BB21344A7F84C30B7F854
:109550004C30DAB27B681A70FB6803F57643A833A7
:109560007B610023FB747B69DB7A5BB223F04F03E2
:109570005AB297F913309B015BB213435BB2DAB274
:109580007B69DA7200BFFB6803F57643A83397F86E
:109590004F2002F00F0197F84E2002F00F020A440C
:1095A0000F2ACCBF01220022D2B2FB611346FB7608
:1095B000FB69DB7A5BB223F02F035AB297F91B30B9
:1095C0005B015BB213435BB2DAB2FB69DA7200BFD4
:1095D000FB6803F57643A833B7F84C20FF2A8CBF0D
:1095E00001220022D2B27B62134687F823307B6AC5
:1095F000DB7A5BB223F01F035AB297F923301B01C9
:109600005BB213435BB2DAB27B6ADA7200BFFB680B
:1096100003F57043022283F8BB26F868FCF7FEFDD1
:10962000FB6803F5704393F8BC360133DAB2FB688C
:1096300003F5704383F8BC26BB681B7887F84B3072
:109640003B681B7887F84A3097F84B309AB297F806
:109650004A309BB213449AB2FB6803F57643A833B1
:10966000BB62BB6ADB7A1B09DBB203F00103DBB22E
:109670001344A7F84C30B7F84C30DAB2BB681A7014
:10968000FB6803F57643A8333B63002387F82F304C
:109690003B6BDB7A5BB223F04F035AB297F92F3062
:1096A0009B015BB213435BB2DAB23B6BDA7200BF71
:1096B000FB6803F57643A83397F84B2002F00F01BF
:1096C00097F84A2002F00F021144FA6802F5764238
:1096D000A8327A637A6BD27A1209D2B202F001020E
:1096E000D2B20A440F2ACCBF01220022D2B2FB63BD
:1096F000134687F83B30FB6BDB7A5BB223F02F031A
:109700005AB297F93B305B015BB213435BB2DAB2FA
:10971000FB6BDA7200BFFB6803F57643A833B7F83A
:109720004C20FF2A8CBF01220022D2B27B64134658
:1097300087F843307B6CDB7A5BB223F01F035AB2AD
:1097400097F943301B015BB213435BB2DAB27B6C17
:10975000DA7200BFFB6803F57043002283F8BB2672
:1097600000BF5037BD4680BD80B594B000AFF860F3
:10977000B9607A603B607B681B7887F84F303B6844
:109780001B8887F84E3097F84F309AB297F84E30D2
:109790009BB21344A7F84C30B7F84C30DAB27B6870
:1097A0001A70FB6803F57643A8337B610023FB74D2
:1097B0007B69DB7A5BB223F04F035AB297F913301F
:1097C0009B015BB213435BB2DAB27B69DA7200BF12
:1097D000FB6803F57643A83397F84F2002F00F019A
:1097E00097F84E2002F00F020A440F2ACCBF012244
:1097F0000022D2B2FB611346FB76FB69DB7A5BB2D7
:1098000023F02F035AB297F91B305B015BB213436D
:109810005BB2DAB2FB69DA7200BFFB6803F576432C
:10982000A833B7F84C20FF2A8CBF01220022D2B205
:109830007B62134687F823307B6ADB7A5BB223F0C6
:109840001F035AB297F923301B015BB213435BB27B
:10985000DAB27B6ADA7200BFFB6803F5704302225A
:1098600083F8BB26F868FCF7D9FCFB6803F5704366
:1098700093F8BC360133DAB2FB6803F5704383F822
:10988000BC26BB681B7887F84B303B681B881B0ADB
:109890009BB287F84A3097F84B309AB297F84A3023
:1098A0009BB213449AB2FB6803F57643A833BB62BC
:1098B000BB6ADB7A1B09DBB203F00103DBB21344A2
:1098C000A7F84C30B7F84C30DAB2BB681A70FB68B6
:1098D00003F57643A8333B63002387F82F303B6BB7
:1098E000DB7A5BB223F04F035AB297F92F309B011A
:1098F0005BB213435BB2DAB23B6BDA7200BFFB6858
:1099000003F57643A83397F84B2002F00F0197F840
:109910004A2002F00F021144FA6802F57642A8329A
:109920007A637A6BD27A1209D2B202F00102D2B211
:109930000A440F2ACCBF01220022D2B2FB63134695
:1099400087F83B30FB6BDB7A5BB223F02F035AB214
:1099500097F93B305B015BB213435BB2DAB2FB6B4E
:10996000DA7200BFFB6803F57643A833B7F84C20E2
:10997000FF2A8CBF01220022D2B27B64134687F8F3
:1099800043307B6CDB7A5BB223F01F035AB297F94A
:1099900043301B015BB213435BB2DAB27B6CDA7209
:1099A00000BFFB6803F57043002283F8BB2600BFAD
:1099B0005037BD4680BD80B495B000AFF860B96047
:1099C0007A60BB681B7887F84F307B681B7887F814
:1099D0004E3097F84F309AB297F84E309BB21344FE
:1099E000A7F84C30B7F84C30DBB2002B17D1FB682E
:1099F00003F57643A833BB64012387F84730BB6C7B
:109A0000DB7A5BB203F070035AB297F94730DB019F
:109A10005BB213435BB2DAB2BB6CDA7217E0FB687D
:109A200003F57643A8333B64002387F83F303B6C53
:109A3000DB7A5BB203F070035AB297F93F30DB0177
:109A40005BB213435BB2DAB23B6CDA7200BFFB6805
:109A500003F57643A833BB63002387F83730BB6B2D
:109A6000DB7A5BB223F04F035AB297F937309B0190
:109A70005BB213435BB2DAB2BB6BDA7200BF97F82A
:109A80004F3003F00F0297F84E3003F00F031344EA
:109A90000F2B17DDFB6803F57643A8333B630123E7
:109AA00087F82F303B6BDB7A5BB223F02F035AB27F
:109AB00097F92F305B015BB213435BB2DAB23B6BB9
:109AC000DA7217E0FB6803F57643A833BB62002324
:109AD00087F82730BB6ADB7A5BB223F02F035AB2D8
:109AE00097F927305B015BB213435BB2DAB2BB6A12
:109AF000DA7200BFB7F84C30FF2B16D9FB6803F5BC
:109B00007643A8333B620123FB773B6ADB7A5BB287
:109B100023F01F035AB297F91F301B015BB21343A6
:109B20005BB2DAB23B6ADA7216E0FB6803F57643A1
:109B3000A833BB610023FB75BB69DB7A5BB223F002
:109B40001F035AB297F917301B015BB213435BB284
:109B5000DAB2BB69DA7200BFB7F84C30DAB2BB6870
:109B60001A70FB6803F57043002283F8BB2600BF20
:109B70005437BD465DF8047B704780B594B000AFA4
:109B8000F860B9601346FB80FB881946F868FDF75A
:109B900029FF034687F84F30FB6803F57043022224
:109BA00083F8BB26F868FCF739FBFB6803F57043C4
:109BB00093F8BC360133DAB2FB6803F5704383F8DF
:109BC000BC26BB681B781A4697F84F309BB21344EB
:109BD000A7F84C30B7F84C30DBB2002B17D1FB683C
:109BE00003F57643A833BB64012387F84730BB6C89
:109BF000DB7A5BB203F070035AB297F94730DB01AE
:109C00005BB213435BB2DAB2BB6CDA7217E0FB688B
:109C100003F57643A8333B64002387F83F303B6C61
:109C2000DB7A5BB203F070035AB297F93F30DB0185
:109C30005BB213435BB2DAB23B6CDA7200BFFB6813
:109C400003F57643A833BB63002387F83730BB6B3B
:109C5000DB7A5BB223F04F035AB297F937309B019E
:109C60005BB213435BB2DAB2BB6BDA7200BFBB68A4
:109C70001B7803F00F0297F84F3003F00F031344E3
:109C80000F2B17DDFB6803F57643A8333B630123F5
:109C900087F82F303B6BDB7A5BB223F02F035AB28D
:109CA00097F92F305B015BB213435BB2DAB23B6BC7
:109CB000DA7217E0FB6803F57643A833BB62002332
:109CC00087F82730BB6ADB7A5BB223F02F035AB2E6
:109CD00097F927305B015BB213435BB2DAB2BB6A20
:109CE000DA7200BFB7F84C30FF2B16D9FB6803F5CA
:109CF0007643A8333B620123FB773B6ADB7A5BB296
:109D000023F01F035AB297F91F301B015BB21343B4
:109D10005BB2DAB23B6ADA7216E0FB6803F57643AF
:109D2000A833BB610023FB75BB69DB7A5BB223F010
:109D30001F035AB297F917301B015BB213435BB292
:109D4000DAB2BB69DA7200BFB7F84C30DAB2BB687E
:109D50001A70FB6803F57043002283F8BB2600BF2E
:109D60005037BD4680BD80B592B000AF7860396095
:109D70007B6803F57043B3F8AA3619467868FDF797
:109D800031FE034687F847307B6803F57043B3F82C
:109D9000AA3601339AB27B6803F57043A3F8AA266A
:109DA0003B681B781A4697F847309BB21344A7F8D4
:109DB00044307B6803F57043022283F8BB26786841
:109DC000FCF72CFA7B6803F5704393F8BC3601333B
:109DD000DAB27B6803F5704383F8BC263B681B78D6
:109DE00087F84330B7F84430DAB23B681A703B6802
:109DF0001B78002B17D17B6803F57643A833FB63F0
:109E0000012387F83B30FB6BDB7A5BB203F0700316
:109E10005AB297F93B30DB015BB213435BB2DAB263
:109E2000FB6BDA7217E07B6803F57643A8337B633C
:109E3000002387F833307B6BDB7A5BB203F070036F
:109E40005AB297F93330DB015BB213435BB2DAB23B
:109E50007B6BDA7200BF7B6803F57643A833FB6245
:109E6000002387F82B30FB6ADB7A5BB223F04F03C9
:109E70005AB297F92B309B015BB213435BB2DAB253
:109E8000FB6ADA7200BF97F8433003F00F0297F8CD
:109E9000473003F00F0313440F2B17DD7B6803F5E6
:109EA0007643A8337B62012387F823307B6ADB7A11
:109EB0005BB223F02F035AB297F923305B015BB2F8
:109EC00013435BB2DAB27B6ADA7216E07B6803F5A1
:109ED0007643A833FB610023FB76FB69DB7A5BB238
:109EE00023F02F035AB297F91B305B015BB2134387
:109EF0005BB2DAB2FB69DA7200BFB7F84430FF2B0D
:109F000016D97B6803F57643A8337B610123FB7484
:109F10007B69DB7A5BB223F01F035AB297F91330E7
:109F20001B015BB213435BB2DAB27B69DA7216E0F3
:109F30007B6803F57643A833FB600023FB72FB6864
:109F4000DB7A5BB223F01F035AB297F90B301B0187
:109F50005BB213435BB2DAB2FB68DA7200BF7B68B4
:109F600003F57043002283F8BB2600BF4837BD4687
:109F700080BD80B58EB000AF78607B6803F570431C
:109F8000B3F8AA3619467868FDF72CFD034687F822
:109F900037307B6803F57043B3F8AA3601339AB2C1
:109FA0007B6803F57043A3F8AA267B6803F570432A
:109FB000022283F8BB267868FCF730F97B6803F54A
:109FC000704393F8BC360133DAB27B6803F5704313
:109FD00083F8BC267B6803F57043B3F8A836BB86CC
:109FE00097F937307B867A8EBB8E13443B86BB8EC7
:109FF00087F82F307B6803F57643A8333B61002355
:10A00000FB733B69DB7A5BB203F070035AB297F9DA
:10A010000F30DB015BB213435BB2DAB23B69DA7239
:10A0200000BF7B6803F57643A833BB610023FB7553
:10A03000BB69DB7A5BB223F04F035AB297F9173052
:10A040009B015BB213435BB2DAB2BB69DA7200BF49
:10A050007B6803F57643A83397F82F2002F00F01B1
:10A0600097F8372002F00F020A440F2ACCBF0122D2
:10A070000022D2B23B621346FB773B6ADB7A5BB2CB
:10A0800023F02F035AB297F91F305B015BB21343E1
:10A090005BB2DAB23B6ADA7200BF7B6803F57643E3
:10A0A000A83397F82F1097F837200A44FF2ACCBF1F
:10A0B00001220022D2B2BB62134687F82730BB6A66
:10A0C000DB7A5BB223F01F035AB297F927301B01EA
:10A0D0005BB213435BB2DAB2BB6ADA7200BF7B6871
:10A0E00003F57043032283F8BB267868FCF796F8E3
:10A0F0007B6803F5704393F8BC360133DAB27B68B2
:10A1000003F5704383F8BC267B6803F57043042293
:10A1100083F8BB267868FCF781F87B6803F5704309
:10A1200093F8BC360133DAB27B6803F5704383F8E9
:10A13000BC267B6803F570431A463B8EA2F8A8360E
:10A140007B6803F57043002283F8BB2600BF3837D5
:10A15000BD4680BD80B497B000AFF860B9607A604A
:10A16000BB681B7887F857307B681B7887F85630B8
:10A1700097F857309AB297F856309BB213449AB278
:10A18000FB6803F57643A8333B653B6DDB7A1B091F
:10A19000DBB203F00103DBB21344A7F85430B7F885
:10A1A0005430DBB2002B17D1FB6803F57643A8339C
:10A1B000FB64012387F84B30FB6CDB7A5BB203F066
:10A1C00070035AB297F94B30DB015BB213435BB2B9
:10A1D000DAB2FB6CDA7217E0FB6803F57643A8335A
:10A1E0007B64002387F843307B6CDB7A5BB203F03F
:10A1F00070035AB297F94330DB015BB213435BB291
:10A20000DAB27B6CDA7200BFFB6803F57643A833E1
:10A21000BB63002387F83730BB6BDB7A5BB223F07C
:10A220004F035AB297F937309B015BB213435BB2CD
:10A23000DAB2BB6BDA7200BF97F8573003F00F0247
:10A2400097F8563003F00F031A44FB6803F5764382
:10A25000A833FB63FB6BDB7A1B09DBB203F0010362
:10A26000DBB213440F2BCCBF01230023DBB2002B46
:10A2700017D0FB6803F57643A8333B63012387F8C7
:10A280002F303B6BDB7A5BB223F02F035AB297F986
:10A290002F305B015BB213435BB2DAB23B6BDA7215
:10A2A00017E0FB6803F57643A833BB62002387F809
:10A2B0002730BB6ADB7A5BB223F02F035AB297F9DF
:10A2C00027305B015BB213435BB2DAB2BB6ADA726E
:10A2D00000BFB7F85430FF2B16D9FB6803F576435F
:10A2E000A8333B620123FB773B6ADB7A5BB223F046
:10A2F0001F035AB297F91F301B015BB213435BB2C5
:10A30000DAB23B6ADA7216E0FB6803F57643A833EB
:10A31000BB610023FB75BB69DB7A5BB223F01F03D3
:10A320005AB297F917301B015BB213435BB2DAB232
:10A33000BB69DA7200BFB7F85430DAB2BB681A7082
:10A34000FB6803F57043002283F8BB2600BF5C372F
:10A35000BD465DF8047B704780B596B000AFF860ED
:10A36000B9601346FB80FB881946F868FDF73AFB95
:10A37000034687F85730FB6803F57043022283F8E1
:10A38000BB26F868FBF74AFFFB6803F5704393F8B8
:10A39000BC360133DAB2FB6803F5704383F8BC26A0
:10A3A000BB681B781A4697F857309BB213449AB291
:10A3B000FB6803F57643A833BB64BB6CDB7A1B09EF
:10A3C000DBB203F00103DBB21344A7F85430FB689F
:10A3D00003F57643A8333B65002387F84F303B6D88
:10A3E000DB7A5BB223F04F035AB297F94F309B01EF
:10A3F0005BB213435BB2DAB23B6DDA7200BFB7F8FF
:10A400005430DBB2002B17D1FB6803F57643A83339
:10A410007B64012387F843307B6CDB7A5BB203F00B
:10A4200070035AB297F94330DB015BB213435BB25E
:10A43000DAB27B6CDA7217E0FB6803F57643A83377
:10A44000FB63002387F83B30FB6BDB7A5BB203F0E6
:10A4500070035AB297F93B30DB015BB213435BB236
:10A46000DAB2FB6BDA7200BFBB681B7803F00F0235
:10A4700097F8573003F00F031A44FB6803F576434F
:10A48000A8337B637B6BDB7A1B09DBB203F0010330
:10A49000DBB213440F2BCCBF01230023DBB2002B14
:10A4A00017D0FB6803F57643A8333B63012387F895
:10A4B0002F303B6BDB7A5BB223F02F035AB297F954
:10A4C0002F305B015BB213435BB2DAB23B6BDA72E3
:10A4D00017E0FB6803F57643A833BB62002387F8D7
:10A4E0002730BB6ADB7A5BB223F02F035AB297F9AD
:10A4F00027305B015BB213435BB2DAB2BB6ADA723C
:10A5000000BFB7F85430FF2B16D9FB6803F576432C
:10A51000A8333B620123FB773B6ADB7A5BB223F013
:10A520001F035AB297F91F301B015BB213435BB292
:10A53000DAB23B6ADA7216E0FB6803F57643A833B9
:10A54000BB610023FB75BB69DB7A5BB223F01F03A1
:10A550005AB297F917301B015BB213435BB2DAB200
:10A56000BB69DA7200BFB7F85430DAB2BB681A7050
:10A57000FB6803F57043002283F8BB2600BF583701
:10A58000BD4680BD80B594B000AF786039607B680F
:10A5900003F57043B3F8AA3619467868FDF722FA36
:10A5A000034687F84F307B6803F57043B3F8AA364B
:10A5B00001339AB27B6803F57043A3F8AA267B683F
:10A5C00003F57043022283F8BB267868FBF726FE6A
:10A5D0007B6803F5704393F8BC360133DAB27B68CD
:10A5E00003F5704383F8BC263B681B7887F84E3030
:10A5F0007B6803F57643A8337B647B6CDB7A1B09AD
:10A60000DBB203F00103DBB287F84D3097F84E3030
:10A610009AB297F84F309BB213449AB297F84D30E4
:10A620009BB21344A7F84A30B7F84A30DAB23B6815
:10A630001A703B681B78002B17D17B6803F57643B3
:10A64000A8333B64012387F83F303B6CDB7A5BB275
:10A6500003F070035AB297F93F30DB015BB213434A
:10A660005BB2DAB23B6CDA7217E07B6803F57643D3
:10A67000A833BB63002387F83730BB6BDB7A5BB250
:10A6800003F070035AB297F93730DB015BB2134322
:10A690005BB2DAB2BB6BDA7200BF7B6803F576435C
:10A6A000A8333B63002387F82F303B6BDB7A5BB228
:10A6B00023F04F035AB297F92F309B015BB213433B
:10A6C0005BB2DAB23B6BDA7200BF97F84E3003F040
:10A6D0000F0297F84F3003F00F031A4497F84D30EC
:10A6E00013440F2B17DD7B6803F57643A833BB6259
:10A6F000012387F82730BB6ADB7A5BB223F02F0394
:10A700005AB297F927305B015BB213435BB2DAB2FE
:10A71000BB6ADA7216E07B6803F57643A8333B62C6
:10A720000023FB773B6ADB7A5BB223F02F035AB23C
:10A7300097F91F305B015BB213435BB2DAB23B6A3D
:10A74000DA7200BFB7F84A30FF2B16D97B6803F5E1
:10A750007643A833BB610123FB75BB69DB7A5BB22F
:10A7600023F01F035AB297F917301B015BB2134352
:10A770005BB2DAB2BB69DA7216E07B6803F5764346
:10A78000A8333B610023FB733B69DB7A5BB223F0A8
:10A790001F035AB297F90F301B015BB213435BB230
:10A7A000DAB23B69DA7200BFB7F84A30DAB23B6816
:10A7B0001A707B6803F57043002283F8BB2600BF44
:10A7C0005037BD4680BD80B48DB000AF7860396031
:10A7D0007B6803F5704393F8AC3687F82F303B68FD
:10A7E0001B7887F82E3097F82F2097F82E30D31A41
:10A7F000DAB27B6803F5704383F8AC267B6803F517
:10A800007643A8337A6802F5704292F8AC26002AA3
:10A810000CBF01220022D2B23B611346FB733B699D
:10A82000DB7A5BB203F070035AB297F90F30DB01A9
:10A830005BB213435BB2DAB23B69DA7200BF7B688A
:10A8400003F57643A833BB610123FB75BB69DB7A53
:10A850005BB223F04F035AB297F917309B015BB2FA
:10A8600013435BB2DAB2BB69DA7200BF7B6803F5EF
:10A870007643A83397F82F2002F00F0197F82E2087
:10A8800002F00F029142B4BF01220022D2B23B6219
:10A890001346FB773B6ADB7A5BB223F02F035AB295
:10A8A00097F91F305B015BB213435BB2DAB23B6ACC
:10A8B000DA7200BF7B6803F57643A83397F82F1050
:10A8C00097F82E20914234BF01220022D2B2BB62FF
:10A8D000134687F82730BB6ADB7A5BB223F01F038D
:10A8E0005AB297F927301B015BB213435BB2DAB25D
:10A8F000BB6ADA7200BF7B6803F57043002283F8FD
:10A90000BB2600BF3437BD465DF8047B704780B579
:10A9100092B000AF78600B467B807B8819467868E0
:10A92000FDF760F8034687F847307B6803F570430E
:10A93000022283F8BB267868FBF770FC7B6803F57E
:10A94000704393F8BC360133DAB27B6803F5704389
:10A9500083F8BC267B6803F5704393F8AC2697F820
:10A960004730D31ADBB2A7F84430B7F84430DBB233
:10A97000002B17D17B6803F57643A8333B64012392
:10A9800087F83F303B6CDB7A5BB203F070035AB25E
:10A9900097F93F30DB015BB213435BB2DAB23B6C39
:10A9A000DA7217E07B6803F57643A833BB630023B4
:10A9B00087F83730BB6BDB7A5BB203F070035AB2B7
:10A9C00097F93730DB015BB213435BB2DAB2BB6B92
:10A9D000DA7200BF7B6803F57643A8333B6301233B
:10A9E00087F82F303B6BDB7A5BB223F04F035AB210
:10A9F00097F92F309B015BB213435BB2DAB23B6B2A
:10AA0000DA7200BF7B6803F5704393F8AC3603F04D
:10AA10000F0297F8473003F00F039A4217DA7B686A
:10AA200003F57643A833BB62012387F82730BB6A5E
:10AA3000DB7A5BB223F02F035AB297F927305B0120
:10AA40005BB213435BB2DAB2BB6ADA7216E07B68C0
:10AA500003F57643A8333B620023FB773B6ADB7A3E
:10AA60005BB223F02F035AB297F91F305B015BB240
:10AA700013435BB2DAB23B6ADA7200BF7B6803F55C
:10AA8000704393F8AC3697F847209A4216D97B6802
:10AA900003F57643A833BB610123FB75BB69DB7A01
:10AAA0005BB223F01F035AB297F917301B015BB258
:10AAB00013435BB2DAB2BB69DA7216E07B6803F566
:10AAC0007643A8333B610023FB733B69DB7A5BB2BF
:10AAD00023F01F035AB297F90F301B015BB21343E7
:10AAE0005BB2DAB23B69DA7200BFB7F84430DAB26F
:10AAF0007B6803F5704383F8AC267B6803F57043ED
:10AB0000002283F8BB2600BF4837BD4680BD80B514
:10AB100092B000AF78607B6803F57043B3F8AA3653
:10AB200019467868FCF75EFF034687F847307B6874
:10AB300003F57043B3F8AA3601339AB27B6803F584
:10AB40007043A3F8AA267B6803F57043022283F8BA
:10AB5000BB267868FBF762FB7B6803F5704393F8CC
:10AB6000BC360133DAB27B6803F5704383F8BC2648
:10AB70007B6803F5704393F8AC2697F84730D31AF7
:10AB8000DBB2A7F844307B6803F57643A8333B6417
:10AB9000012387F83F303B6CDB7A5BB223F04F0335
:10ABA0005AB297F93F309B015BB213435BB2DAB202
:10ABB0003B6CDA7200BFB7F84430DBB2002B17D120
:10ABC0007B6803F57643A833BB63012387F83730EE
:10ABD000BB6BDB7A5BB203F070035AB297F9373084
:10ABE000DB015BB213435BB2DAB2BB6BDA7217E024
:10ABF0007B6803F57643A8333B63002387F82F3047
:10AC00003B6BDB7A5BB203F070035AB297F92F30DB
:10AC1000DB015BB213435BB2DAB23B6BDA7200BFAB
:10AC20007B6803F5704393F8AC3603F00F0297F896
:10AC3000473003F00F039A4217DA7B6803F5764337
:10AC4000A833BB62012387F82730BB6ADB7A5BB28B
:10AC500023F02F035AB297F927305B015BB21343FD
:10AC60005BB2DAB2BB6ADA7216E07B6803F5764350
:10AC7000A8333B620023FB773B6ADB7A5BB223F0AD
:10AC80002F035AB297F91F305B015BB213435BB2DB
:10AC9000DAB23B6ADA7200BF7B6803F5704393F85F
:10ACA000AC3697F847209A4216D97B6803F576436D
:10ACB000A833BB610123FB75BB69DB7A5BB223F070
:10ACC0001F035AB297F917301B015BB213435BB2F3
:10ACD000DAB2BB69DA7216E07B6803F57643A83313
:10ACE0003B610023FB733B69DB7A5BB223F01F03FC
:10ACF0005AB297F90F301B015BB213435BB2DAB261
:10AD00003B69DA7200BFB7F84430DAB27B6803F50A
:10AD1000704383F8AC267B6803F57043002283F808
:10AD2000BB2600BF4837BD4680BD80B491B000AFA0
:10AD3000F860B9601346FB71BB681B7887F83F3039
:10AD4000FB7987F83E3097F83F2097F83E30D21ACB
:10AD5000FB6803F57643A8333B613B69DB7A1B094B
:10AD6000DBB203F00103DBB2D31ABB63BB6BDAB215
:10AD7000BB681A70FB6803F57643A833BA6812788B
:10AD8000002A0CBF01220022D2B2BB611346FB7520
:10AD9000BB69DB7A5BB203F070035AB297F91730E4
:10ADA000DB015BB213435BB2DAB2BB69DA7200BF9C
:10ADB000FB6803F57643A8333B620123FB773B6ACC
:10ADC000DB7A5BB223F04F035AB297F91F309B0135
:10ADD0005BB213435BB2DAB23B6ADA7200BFFB6864
:10ADE00003F57643A83397F83F2002F00F0197F858
:10ADF0003E2002F00F02891AFA6802F57642A83264
:10AE00007A627A6AD27A1209D2B202F00102D2B21E
:10AE10008A1AD20FD2B2FB62134687F82B30FB6A34
:10AE2000DB7A5BB223F02F035AB297F92B305B0128
:10AE30005BB213435BB2DAB2FB6ADA7200BFFB6843
:10AE400003F57643A833BA6BD20FD2B27B631346B5
:10AE500087F833307B6BDB7A5BB223F01F035AB287
:10AE600097F933301B015BB213435BB2DAB27B6BF1
:10AE7000DA7200BFFB6803F57043002283F8BB263B
:10AE800000BF4437BD465DF8047B704780B594B081
:10AE900000AFF860B9601346FB80FB881946F8687C
:10AEA000FCF7A0FD034687F84F30FB6803F57043BD
:10AEB000022283F8BB26F868FBF7B0F9FB6803F5BC
:10AEC000704393F8BC360133DAB2FB6803F5704384
:10AED00083F8BC26BB681B7887F84E30FB6803F507
:10AEE0007643A8333B633B6BDB7A1B09DBB203F091
:10AEF0000103DBB2002B14BF0123002387F84D3080
:10AF000097F84E2097F84F30D21A97F84D30D31A51
:10AF1000BB64BB6C87F84730FB6803F57643A83306
:10AF2000BB63012387F83730BB6BDB7A5BB223F05E
:10AF30004F035AB297F937309B015BB213435BB2B0
:10AF4000DAB2BB6BDA7200BFFB6803F57643A83355
:10AF500097F84720002A0CBF01220022D2B23B649E
:10AF6000134687F83F303B6CDB7A5BB203F070032B
:10AF70005AB297F93F30DB015BB213435BB2DAB2EE
:10AF80003B6CDA7200BF97F84E3003F00F0297F86F
:10AF90004F3003F00F03D21A97F84D30D31A002B1D
:10AFA00017DAFB6803F57643A833FB62012387F8C1
:10AFB0002B30FB6ADB7A5BB223F02F035AB297F98E
:10AFC0002B305B015BB213435BB2DAB2FB6ADA721D
:10AFD00017E0FB6803F57643A8337B62002387F80C
:10AFE00023307B6ADB7A5BB223F02F035AB297F9E6
:10AFF00023305B015BB213435BB2DAB27B6ADA7275
:10B0000000BFBB6C002B16DAFB6803F57643A83350
:10B01000FB610123FB76FB69DB7A5BB223F01F0344
:10B020005AB297F91B301B015BB213435BB2DAB221
:10B03000FB69DA7216E0FB6803F57643A8337B619F
:10B040000023FB747B69DB7A5BB223F01F035AB2E7
:10B0500097F913301B015BB213435BB2DAB27B6921
:10B06000DA7200BFBB6CDAB2BB681A70FB6803F51A
:10B070007043002283F8BB2600BF5037BD4680BD19
:10B0800080B594B000AF786039607B6803F5704399
:10B09000B3F8AA3619467868FCF7A4FC034687F88B
:10B0A0004F307B6803F57043B3F8AA3601339AB288
:10B0B0007B6803F57043A3F8AA263B681A787B687F
:10B0C00003F57643A8333B643B6CDB7A1B09DBB2A8
:10B0D00003F00103D9B297F84F300B44DBB2D31A17
:10B0E000DBB2A7F84C307B6803F57643A8337B646A
:10B0F0007B6CDB7A1B09DBB203F00103DBB2002BB4
:10B1000014BF0123002387F84B307B6803F570439D
:10B11000022283F8BB267868FBF780F87B6803F58A
:10B12000704393F8BC360133DAB27B6803F57043A1
:10B1300083F8BC26B7F84C30DBB2002B17D17B6804
:10B1400003F57643A833FB63012387F83B30FB6BA1
:10B15000DB7A5BB203F070035AB297F93B30DB0144
:10B160005BB213435BB2DAB2FB6BDA7217E07B6857
:10B1700003F57643A8337B63002387F833307B6B7A
:10B18000DB7A5BB203F070035AB297F93330DB011C
:10B190005BB213435BB2DAB27B6BDA7200BF7B68DF
:10B1A00003F57643A833FB62012387F82B30FB6A53
:10B1B000DB7A5BB223F04F035AB297F92B309B0135
:10B1C0005BB213435BB2DAB2FB6ADA7200BF3B6870
:10B1D0001B7803F00F0297F84F3003F00F0197F838
:10B1E0004B300B449A4217DA7B6803F57643A83359
:10B1F0007B62012387F823307B6ADB7A5BB223F022
:10B200002F035AB297F923305B015BB213435BB251
:10B21000DAB27B6ADA7216E07B6803F57643A8330C
:10B22000FB610023FB76FB69DB7A5BB223F02F0323
:10B230005AB297F91B305B015BB213435BB2DAB2CF
:10B24000FB69DA7200BF3B681B78194697F84F20FC
:10B2500097F84B301344994216DA7B6803F576432E
:10B26000A8337B610123FB747B69DB7A5BB223F03B
:10B270001F035AB297F913301B015BB213435BB241
:10B28000DAB27B69DA7216E07B6803F57643A8339D
:10B29000FB600023FB72FB68DB7A5BB223F01F03C9
:10B2A0005AB297F90B301B015BB213435BB2DAB2AF
:10B2B000FB68DA7200BFB7F84C30DAB23B681A703C
:10B2C0007B6803F57043002283F8BB2600BF50372C
:10B2D000BD4680BD80B48DB000AF786039603B68FA
:10B2E0001B7803F00F030F2B03D1012387F82F30B6
:10B2F00002E0002387F82F303B681B780133DAB275
:10B300003B681A703B681B78002B17D17B6803F5EC
:10B310007643A833BB62012387F82730BB6ADB7A08
:10B320005BB203F070035AB297F92730DB015BB2CE
:10B3300013435BB2DAB2BB6ADA7216E07B6803F5DC
:10B340007643A8333B620023FB773B6ADB7A5BB230
:10B3500003F070035AB297F91F30DB015BB213435D
:10B360005BB2DAB23B6ADA7200BF7B6803F5764300
:10B37000A8333B610023FB733B69DB7A5BB223F0AC
:10B380004F035AB297F90F309B015BB213435BB284
:10B39000DAB23B69DA7200BF7B6803F57643A83303
:10B3A000BB6197F82F30FB75BB69DB7A5BB223F08A
:10B3B0002F035AB297F917305B015BB213435BB2AC
:10B3C000DAB2BB69DA7200BF7B6803F57043002212
:10B3D00083F8BB2600BF3437BD465DF8047B704759
:10B3E00080B586B000AFF860B9607A60BB681B7842
:10B3F0001BB21B021AB27B681B781BB213431BB231
:10B40000FB82FB8A0133FB82FB8A1B0A9BB2DAB206
:10B41000BB681A70FB8ADAB27B681A70FB6803F5A6
:10B420007043022283F8BB26F868FAF7F7FEFB6840
:10B4300003F5704393F8BC360133DAB2FB6803F5C9
:10B44000704383F8BC26FB6803F57043002283F841
:10B45000BB2600BF1837BD4680BD80B582B000AFA7
:10B46000786039603B681B8801339AB23B681A8068
:10B470007B6803F57043022283F8BB267868FAF7ED
:10B48000CDFE7B6803F5704393F8BC360133DAB226
:10B490007B6803F5704383F8BC267B6803F5704333
:10B4A000002283F8BB2600BF0837BD4680BD80B5AB
:10B4B0008AB000AF78600B467B807B88194678683D
:10B4C000FCF790FA034687F827307B6803F5704352
:10B4D000022283F8BB267868FAF7A0FE7B6803F5A2
:10B4E000704393F8BC360133DAB27B6803F57043DE
:10B4F00083F8BC2697F8273003F00F030F2B0CBFFF
:10B500000123002387F8263097F82730013387F886
:10B51000273097F827207B8819467868FCF7F8FCD5
:10B520007B6803F57643A833BB610023FB75BB69D9
:10B53000DB7A5BB223F04F035AB297F917309B01C5
:10B540005BB213435BB2DAB2BB69DA7200BF7B68ED
:10B5500003F57643A83397F82720002A0CBF012271
:10B560000022D2B23B621346FB773B6ADB7A5BB2C6
:10B5700003F070035AB297F91F30DB015BB213433B
:10B580005BB2DAB23B6ADA7200BF7B6803F57643DE
:10B59000A83397F82620002A01D0012200E00022DB
:10B5A000002A14BF01220022D2B23B611346FB7372
:10B5B0003B69DB7A5BB223F02F035AB297F90F3065
:10B5C0005B015BB213435BB2DAB23B69DA7200BF74
:10B5D0007B6803F57043032283F8BB267868FAF78B
:10B5E0001DFE7B6803F5704393F8BC360133DAB275
:10B5F0007B6803F5704383F8BC267B6803F57043D2
:10B60000002283F8BB2600BF2837BD4680BD80B42A
:10B610008DB000AF786039603B681B7803F00F0392
:10B62000002B03D1012387F82F3002E0002387F895
:10B630002F303B681B78013BDAB23B681A703B68DD
:10B640001B78002B17D17B6803F57643A833BB62C8
:10B65000012387F82730BB6ADB7A5BB203F0700303
:10B660005AB297F92730DB015BB213435BB2DAB20F
:10B67000BB6ADA7216E07B6803F57643A8333B6257
:10B680000023FB773B6ADB7A5BB203F070035AB2AC
:10B6900097F91F30DB015BB213435BB2DAB23B6A4E
:10B6A000DA7200BF7B6803F57643A8333B61012360
:10B6B000FB733B69DB7A5BB223F04F035AB297F915
:10B6C0000F309B015BB213435BB2DAB23B69DA72B3
:10B6D00000BF7B6803F57643A833BB6197F82F3032
:10B6E000FB75BB69DB7A5BB223F02F035AB297F983
:10B6F00017305B015BB213435BB2DAB2BB69DA723B
:10B7000000BF7B6803F57043002283F8BB2600BFAF
:10B710003437BD465DF8047B704780B586B000AF16
:10B72000F860B9607A60BB681B781BB21B021AB262
:10B730007B681B781BB213431BB2FB82FB8A013B65
:10B74000FB82FB8A1B0A9BB2DAB2BB681A70FB8AC7
:10B75000DAB27B681A70FB6803F57043022283F843
:10B76000BB26F868FAF75AFDFB6803F5704393F8B7
:10B77000BC360133DAB2FB6803F5704383F8BC26AC
:10B78000FB6803F57043002283F8BB2600BF18371F
:10B79000BD4680BD80B582B000AF786039603B683F
:10B7A0001B88013B9AB23B681A807B6803F57043A3
:10B7B000022283F8BB267868FAF730FD7B6803F530
:10B7C000704393F8BC360133DAB27B6803F57043FB
:10B7D00083F8BC267B6803F57043002283F8BB2600
:10B7E00000BF0837BD4680BD80B58EB000AF786021
:10B7F0000B467B807B8819467868FCF7F3F8034694
:10B8000087F8373097F83730BB867B6803F570438D
:10B81000022283F8BB267868FAF700FD7B6803F5FF
:10B82000704393F8BC360133DAB27B6803F570439A
:10B8300083F8BC2697F83730013B87F8373097F804
:10B8400037207B8819467868FCF762FB7B6803F534
:10B850007643A8333B63012387F82F303B6BDB7AB9
:10B860005BB223F04F035AB297F92F309B015BB2C2
:10B8700013435BB2DAB23B6BDA7200BF97F8373032
:10B88000002B17D17B6803F57643A833BB620123F5
:10B8900087F82730BB6ADB7A5BB203F070035AB2D9
:10B8A00097F92730DB015BB213435BB2DAB2BB6AB4
:10B8B000DA7216E07B6803F57643A8333B62002317
:10B8C000FB773B6ADB7A5BB203F070035AB297F9FD
:10B8D0001F30DB015BB213435BB2DAB23B6ADA7250
:10B8E00000BFBB8E03F00F03002B16D17B6803F55E
:10B8F0007643A833BB610123FB75BB69DB7A5BB27E
:10B9000023F02F035AB297F917305B015BB2134350
:10B910005BB2DAB2BB69DA7216E07B6803F5764394
:10B92000A8333B610023FB733B69DB7A5BB223F0F6
:10B930002F035AB297F90F305B015BB213435BB22E
:10B94000DAB23B69DA7200BF7B6803F57043032209
:10B9500083F8BB267868FAF761FC7B6803F57043CF
:10B9600093F8BC360133DAB27B6803F5704383F891
:10B97000BC267B6803F57043002283F8BB2600BF1A
:10B980003837BD4680BD80B584B000AF78607B6835
:10B9900003F57043B3F8AA3619467868FCF722F825
:10B9A0000346FB737B6803F57043B3F8AA36013393
:10B9B0009AB27B6803F57043A3F8AA267B6803F567
:10B9C0007043022283F8BB267868FAF727FC7B686D
:10B9D00003F5704393F8BC360133DAB27B6803F5A4
:10B9E000704383F8BC267B6803F57043032283F819
:10B9F000BB267868FAF712FC7B6803F5704393F86E
:10BA0000BC360133DAB27B6803F5704383F8BC2699
:10BA10007B6803F57043B3F8AA2697F90F309BB201
:10BA200013449AB27B6803F57043A3F8AA267B6897
:10BA300003F57043002283F8BB2600BF1037BD46D4
:10BA400080BD80B584B000AF78600B46FB701346B4
:10BA5000BB707B6803F57043B3F8AA361946786863
:10BA6000FBF7C0FF0346FB737B6803F57043B3F835
:10BA7000AA3601339AB27B6803F57043A3F8AA266D
:10BA80007B6803F57043022283F8BB267868FAF7D7
:10BA9000C5FB7B6803F5704393F8BC360133DAB21B
:10BAA0007B6803F5704383F8BC26FA78BB789A422A
:10BAB0002AD17B6803F57043032283F8BB2678689C
:10BAC000FAF7ACFB7B6803F5704393F8BC3601339F
:10BAD000DAB27B6803F5704383F8BC267B6803F514
:10BAE0007043B3F8AA2697F90F309BB213449AB269
:10BAF0007B6803F57043A3F8AA267B6803F57043BF
:10BB0000002283F8BB2606E07B6803F57043002221
:10BB100083F8BB2600BF1037BD4680BD80B48DB012
:10BB200000AF786039603B681B7887F82F307B68FE
:10BB300003F5704393F8AC2697F82F301340DAB230
:10BB40007B6803F5704383F8AC267B6803F5764386
:10BB5000A8337A6802F5704292F8AC26002A0CBF2E
:10BB600001220022D2B23B611346FB733B69DB7AB0
:10BB70005BB203F070035AB297F90F30DB015BB28E
:10BB800013435BB2DAB23B69DA7200BF7B6803F53C
:10BB90007643A833BB610023FB75BB69DB7A5BB2DC
:10BBA00023F04F035AB297F917309B015BB213434E
:10BBB0005BB2DAB2BB69DA7200BF7B6803F5764329
:10BBC000A8333B620123FB773B6ADB7A5BB223F04D
:10BBD0002F035AB297F91F305B015BB213435BB27C
:10BBE000DAB23B6ADA7200BF7B6803F57643A833AA
:10BBF000BB62002387F82730BB6ADB7A5BB223F095
:10BC00001F035AB297F927301B015BB213435BB293
:10BC1000DAB2BB6ADA7200BF7B6803F570430022B8
:10BC200083F8BB2600BF3437BD465DF8047B704700
:10BC300080B58EB000AF78607B6803F57043B3F8D1
:10BC4000AA3619467868FBF7CDFE034687F83730E9
:10BC50007B6803F57043B3F8AA3601339AB27B6868
:10BC600003F57043A3F8AA267B6803F5704302220C
:10BC700083F8BB267868FAF7D1FA7B6803F570433E
:10BC800093F8BC360133DAB27B6803F5704383F86E
:10BC9000BC267B6803F5704393F8AC2697F83730E1
:10BCA0001340DAB27B6803F5704383F8AC267B68F7
:10BCB00003F5704393F8AC36002B17D17B6803F57E
:10BCC0007643A8333B63012387F82F303B6BDB7A45
:10BCD0005BB203F070035AB297F92F30DB015BB20D
:10BCE00013435BB2DAB23B6BDA7217E07B6803F5A1
:10BCF0007643A833BB62002387F82730BB6ADB7A20
:10BD00005BB203F070035AB297F92730DB015BB2E4
:10BD100013435BB2DAB2BB6ADA7200BF7B6803F529
:10BD20007643A8333B610023FB733B69DB7A5BB24C
:10BD300023F04F035AB297F90F309B015BB21343C4
:10BD40005BB2DAB23B69DA7200BF7B6803F5764317
:10BD5000A833BB610123FB75BB69DB7A5BB223F0BF
:10BD60002F035AB297F917305B015BB213435BB2F2
:10BD7000DAB2BB69DA7200BF7B6803F57643A83399
:10BD80003B620023FB773B6ADB7A5BB223F01F0345
:10BD90005AB297F91F301B015BB213435BB2DAB2A0
:10BDA0003B6ADA7200BF7B6803F57043002283F8B8
:10BDB000BB2600BF3837BD4680BD80B58EB000AF12
:10BDC00078600B467B807B8819467868FBF70AFE13
:10BDD000034687F837307B6803F57043022283F807
:10BDE000BB267868FAF71AFA7B6803F5704393F874
:10BDF000BC360133DAB27B6803F5704383F8BC26A6
:10BE00007B6803F5704393F8AC2697F837301340FE
:10BE1000DAB27B6803F5704383F8AC267B6803F5E0
:10BE2000704393F8AC36002B17D17B6803F576434B
:10BE3000A8333B63012387F82F303B6BDB7A5BB27F
:10BE400003F070035AB297F92F30DB015BB2134352
:10BE50005BB2DAB23B6BDA7217E07B6803F57643CC
:10BE6000A833BB62002387F82730BB6ADB7A5BB25A
:10BE700003F070035AB297F92730DB015BB213432A
:10BE80005BB2DAB2BB6ADA7200BF7B6803F5764355
:10BE9000A8333B610023FB733B69DB7A5BB223F081
:10BEA0004F035AB297F90F309B015BB213435BB259
:10BEB000DAB23B69DA7200BF7B6803F57643A833D8
:10BEC000BB610123FB75BB69DB7A5BB223F02F03F7
:10BED0005AB297F917305B015BB213435BB2DAB227
:10BEE000BB69DA7200BF7B6803F57643A8333B6217
:10BEF0000023FB773B6ADB7A5BB223F01F035AB265
:10BF000097F91F301B015BB213435BB2DAB23B6A95
:10BF1000DA7200BF7B6803F57043002283F8BB260A
:10BF200000BF3837BD4680BD80B48FB000AF7860A9
:10BF300039603B681B7887F837307B6803F57043BE
:10BF400093F8AC2697F837305340DAB27B6803F5A4
:10BF5000704383F8AC267B6803F5704393F8AC36E6
:10BF6000002B17D17B6803F57643A8333B6301238D
:10BF700087F82F303B6BDB7A5BB203F070035AB269
:10BF800097F92F30DB015BB213435BB2DAB23B6B44
:10BF9000DA7217E07B6803F57643A833BB620023AF
:10BFA00087F82730BB6ADB7A5BB203F070035AB2C2
:10BFB00097F92730DB015BB213435BB2DAB2BB6A9D
:10BFC000DA7200BF7B6803F57643A8333B61002338
:10BFD000FB733B69DB7A5BB223F04F035AB297F9EC
:10BFE0000F309B015BB213435BB2DAB23B69DA728A
:10BFF00000BF7B6803F57643A833BB610023FB7564
:10C00000BB69DB7A5BB223F02F035AB297F9173082
:10C010005B015BB213435BB2DAB2BB69DA7200BF99
:10C020007B6803F57643A8333B620023FB773B6ACA
:10C03000DB7A5BB223F01F035AB297F91F301B0162
:10C040005BB213435BB2DAB23B6ADA7200BF7B6861
:10C0500003F57043002283F8BB2600BF3C37BD4682
:10C060005DF8047B704780B58EB000AF78600B46FA
:10C070007B807B8819467868FBF7B4FC034687F819
:10C0800037307B6803F5704393F8AC2697F8373068
:10C090005340DAB27B6803F5704383F8AC267B68C3
:10C0A00003F57043022283F8BB267868FAF7B6F8E6
:10C0B0007B6803F5704393F8BC360133DAB27B68D2
:10C0C00003F5704383F8BC267B6803F5704393F84F
:10C0D000AC36002B17D17B6803F57643A8333B635E
:10C0E000012387F82F303B6BDB7A5BB203F07003E0
:10C0F0005AB297F92F30DB015BB213435BB2DAB26D
:10C100003B6BDA7217E07B6803F57643A833BB62BA
:10C11000002387F82730BB6ADB7A5BB203F0700339
:10C120005AB297F92730DB015BB213435BB2DAB244
:10C13000BB6ADA7200BF7B6803F57643A8333B61C4
:10C140000023FB733B69DB7A5BB223F04F035AB2E7
:10C1500097F90F309B015BB213435BB2DAB23B69D4
:10C16000DA7200BF7B6803F57643A833BB61002316
:10C17000FB75BB69DB7A5BB223F02F035AB297F9E8
:10C1800017305B015BB213435BB2DAB2BB69DA72A0
:10C1900000BF7B6803F57643A8333B620023FB773F
:10C1A0003B6ADB7A5BB223F01F035AB297F91F3068
:10C1B0001B015BB213435BB2DAB23B6ADA7200BFB7
:10C1C0007B6803F57043002283F8BB2600BF383735
:10C1D000BD4680BD80B58EB000AF78607B6803F54A
:10C1E0007043B3F8AA3619467868FBF7FBFB0346A1
:10C1F00087F837307B6803F57043B3F8AA3601330C
:10C200009AB27B6803F57043A3F8AA267B6803F50E
:10C21000704393F8AC2697F837305340DAB27B6816
:10C2200003F5704383F8AC267B6803F57043022264
:10C2300083F8BB267868F9F7F1FF7B6803F5704354
:10C2400093F8BC360133DAB27B6803F5704383F8A8
:10C25000BC267B6803F5704393F8AC36002B17D1EE
:10C260007B6803F57643A8333B63012387F82F30BF
:10C270003B6BDB7A5BB203F070035AB297F92F3055
:10C28000DB015BB213435BB2DAB23B6BDA7217E0ED
:10C290007B6803F57643A833BB62002387F8273019
:10C2A000BB6ADB7A5BB203F070035AB297F92730AE
:10C2B000DB015BB213435BB2DAB2BB6ADA7200BF76
:10C2C0007B6803F57643A8333B610023FB733B692E
:10C2D000DB7A5BB223F04F035AB297F90F309B0120
:10C2E0005BB213435BB2DAB23B69DA7200BF7B68C0
:10C2F00003F57643A833BB610023FB75BB69DB7A8A
:10C300005BB223F02F035AB297F917305B015BB28F
:10C3100013435BB2DAB2BB69DA7200BF7B6803F524
:10C320007643A8333B620023FB773B6ADB7A5BB240
:10C3300023F01F035AB297F91F301B015BB213435E
:10C340005BB2DAB23B6ADA7200BF7B6803F5704316
:10C35000002283F8BB2600BF3837BD4680BD80B4BD
:10C360008FB000AF786039603B681B7887F8373052
:10C370007B6803F5704393F8AC2697F83730134386
:10C38000DAB27B6803F5704383F8AC267B6803F56B
:10C39000704393F8AC36002B17D17B6803F57643D6
:10C3A000A8333B63012387F82F303B6BDB7A5BB20A
:10C3B00003F070035AB297F92F30DB015BB21343DD
:10C3C0005BB2DAB23B6BDA7217E07B6803F5764357
:10C3D000A833BB62002387F82730BB6ADB7A5BB2E5
:10C3E00003F070035AB297F92730DB015BB21343B5
:10C3F0005BB2DAB2BB6ADA7200BF7B6803F57643E0
:10C40000A8333B610023FB733B69DB7A5BB223F00B
:10C410004F035AB297F90F309B015BB213435BB2E3
:10C42000DAB23B69DA7200BF7B6803F57643A83362
:10C43000BB610023FB75BB69DB7A5BB223F02F0382
:10C440005AB297F917305B015BB213435BB2DAB2B1
:10C45000BB69DA7200BF7B6803F57643A8333B62A1
:10C460000023FB773B6ADB7A5BB223F01F035AB2EF
:10C4700097F91F301B015BB213435BB2DAB23B6A20
:10C48000DA7200BF7B6803F57043002283F8BB2695
:10C4900000BF3C37BD465DF8047B704780B58EB069
:10C4A00000AF78600B467B807B8819467868FBF785
:10C4B00099FA034687F837307B6803F5704393F8A1
:10C4C000AC2697F837301343DAB27B6803F5704334
:10C4D00083F8AC267B6803F57043022283F8BB2601
:10C4E0007868F9F79BFE7B6803F5704393F8BC36D8
:10C4F0000133DAB27B6803F5704383F8BC267B68AE
:10C5000003F5704393F8AC36002B17D17B6803F525
:10C510007643A8333B63012387F82F303B6BDB7AEC
:10C520005BB203F070035AB297F92F30DB015BB2B4
:10C5300013435BB2DAB23B6BDA7217E07B6803F548
:10C540007643A833BB62002387F82730BB6ADB7AC7
:10C550005BB203F070035AB297F92730DB015BB28C
:10C5600013435BB2DAB2BB6ADA7200BF7B6803F5D1
:10C570007643A8333B610023FB733B69DB7A5BB2F4
:10C5800023F04F035AB297F90F309B015BB213436C
:10C590005BB2DAB23B69DA7200BF7B6803F57643BF
:10C5A000A833BB610023FB75BB69DB7A5BB223F068
:10C5B0002F035AB297F917305B015BB213435BB29A
:10C5C000DAB2BB69DA7200BF7B6803F57643A83341
:10C5D0003B620023FB773B6ADB7A5BB223F01F03ED
:10C5E0005AB297F91F301B015BB213435BB2DAB248
:10C5F0003B6ADA7200BF7B6803F57043002283F860
:10C60000BB2600BF3837BD4680BD80B58EB000AFB9
:10C6100078607B6803F57043B3F8AA3619467868EA
:10C62000FBF7E0F9034687F837307B6803F5704382
:10C63000B3F8AA3601339AB27B6803F57043A3F8C6
:10C64000AA267B6803F57043022283F8BB2678682C
:10C65000F9F7E4FD7B6803F5704393F8BC360133CA
:10C66000DAB27B6803F5704383F8BC267B6803F578
:10C67000704393F8AC2697F837301343DAB27B68EF
:10C6800003F5704383F8AC267B6803F5704393F899
:10C69000AC36002B17D17B6803F57643A8333B6398
:10C6A000012387F82F303B6BDB7A5BB203F070031A
:10C6B0005AB297F92F30DB015BB213435BB2DAB2A7
:10C6C0003B6BDA7217E07B6803F57643A833BB62F5
:10C6D000002387F82730BB6ADB7A5BB203F0700374
:10C6E0005AB297F92730DB015BB213435BB2DAB27F
:10C6F000BB6ADA7200BF7B6803F57643A8333B61FF
:10C700000023FB733B69DB7A5BB223F04F035AB221
:10C7100097F90F309B015BB213435BB2DAB23B690E
:10C72000DA7200BF7B6803F57643A833BB61002350
:10C73000FB75BB69DB7A5BB223F02F035AB297F922
:10C7400017305B015BB213435BB2DAB2BB69DA72DA
:10C7500000BF7B6803F57643A8333B620023FB7779
:10C760003B6ADB7A5BB223F01F035AB297F91F30A2
:10C770001B015BB213435BB2DAB23B6ADA7200BFF1
:10C780007B6803F57043002283F8BB2600BF38376F
:10C79000BD4680BD80B491B000AF786039607B68E1
:10C7A00003F5704393F8AC263B681B789A4217D187
:10C7B0007B6803F57643A833FB63012387F83B309E
:10C7C000FB6BDB7A5BB203F070035AB297F93B3034
:10C7D000DB015BB213435BB2DAB2FB6BDA7217E0D8
:10C7E0007B6803F57643A8337B63002387F83330F7
:10C7F0007B6BDB7A5BB203F070035AB297F933308C
:10C80000DB015BB213435BB2DAB27B6BDA7200BF5F
:10C810007B6803F57643A833FB62012387F82B304E
:10C82000FB6ADB7A5BB223F04F035AB297F92B30E5
:10C830009B015BB213435BB2DAB2FB6ADA7200BFF0
:10C840007B6803F5704393F8AC3603F00F023B6846
:10C850001B7803F00F039A4217DA7B6803F57643DF
:10C86000A8337B62012387F823307B6ADB7A5BB2D3
:10C8700023F02F035AB297F923305B015BB21343C5
:10C880005BB2DAB27B6ADA7216E07B6803F5764354
:10C89000A833FB610023FB76FB69DB7A5BB223F0F4
:10C8A0002F035AB297F91B305B015BB213435BB2A3
:10C8B000DAB2FB69DA7200BF7B6803F5704393F864
:10C8C000AC263B681B789A4216D27B6803F5764308
:10C8D000A8337B610123FB747B69DB7A5BB223F0B5
:10C8E0001F035AB297F913301B015BB213435BB2BB
:10C8F000DAB27B69DA7216E07B6803F57643A83317
:10C90000FB600023FB72FB68DB7A5BB223F01F0342
:10C910005AB297F90B301B015BB213435BB2DAB228
:10C92000FB68DA7200BF7B6803F57043002283F86E
:10C93000BB2600BF4437BD465DF8047B704780B519
:10C9400094B000AFF860B9601346FB80FB881946CD
:10C95000F868FBF747F8034687F84F30FB6803F5A4
:10C960007043022283F8BB26F868F9F757FCFB688E
:10C9700003F5704393F8BC360133DAB2FB6803F574
:10C98000704383F8BC26FB6803F57643A833BB6489
:10C99000012387F84730BB6CDB7A5BB223F04F038F
:10C9A0005AB297F947309B015BB213435BB2DAB2DC
:10C9B000BB6CDA7200BFFB6803F5704393F8AC36CA
:10C9C00097F84F209A4217D1FB6803F57643A833B6
:10C9D0003B64012387F83F303B6CDB7A5BB203F0AA
:10C9E00070035AB297F93F30DB015BB213435BB27D
:10C9F000DAB23B6CDA7217E0FB6803F57643A833D2
:10CA0000BB63002387F83730BB6BDB7A5BB203F084
:10CA100070035AB297F93730DB015BB213435BB254
:10CA2000DAB2BB6BDA7200BFFB6803F5704393F8B0
:10CA3000AC3603F00F0297F84F3003F00F039A4221
:10CA400017DAFB6803F57643A8333B63012387F8C5
:10CA50002F303B6BDB7A5BB223F02F035AB297F98E
:10CA60002F305B015BB213435BB2DAB23B6BDA721D
:10CA700017E0FB6803F57643A833BB62002387F811
:10CA80002730BB6ADB7A5BB223F02F035AB297F9E7
:10CA900027305B015BB213435BB2DAB2BB6ADA7276
:10CAA00000BFFB6803F5704393F8AC3697F84F204E
:10CAB0009A4216D9FB6803F57643A8333B620123FB
:10CAC000FB773B6ADB7A5BB223F01F035AB297F91C
:10CAD0001F301B015BB213435BB2DAB23B6ADA72FE
:10CAE00016E0FB6803F57643A833BB610023FB75B2
:10CAF000BB69DB7A5BB223F01F035AB297F9173098
:10CB00001B015BB213435BB2DAB2BB69DA7200BFDE
:10CB1000FB6803F57043002283F8BB2600BF503743
:10CB2000BD4680BD80B592B000AF78600B46FB700B
:10CB30007B6803F57043B3F8AA3619467868FAF7AC
:10CB400051FF034687F847307B6803F57043B3F81D
:10CB5000AA3601339AB27B6803F57043A3F8AA267C
:10CB60007B6803F57043022283F8BB267868F9F7E7
:10CB700055FB7B6803F5704393F8BC360133DAB29A
:10CB80007B6803F5704383F8BC267B6803F5764326
:10CB9000A8333B64012387F83F303B6CDB7A5BB200
:10CBA00023F04F035AB297F93F309B015BB2134316
:10CBB0005BB2DAB23B6CDA7200BFFA7897F84730B2
:10CBC0009A4217D17B6803F57643A833BB630123F0
:10CBD00087F83730BB6BDB7A5BB203F070035AB275
:10CBE00097F93730DB015BB213435BB2DAB2BB6B50
:10CBF000DA7217E07B6803F57643A8333B630023C2
:10CC000087F82F303B6BDB7A5BB203F070035AB2CC
:10CC100097F92F30DB015BB213435BB2DAB23B6BA7
:10CC2000DA7200BFFB7803F00F0297F8473003F089
:10CC30000F039A4217DA7B6803F57643A833BB6289
:10CC4000012387F82730BB6ADB7A5BB223F02F031E
:10CC50005AB297F927305B015BB213435BB2DAB289
:10CC6000BB6ADA7216E07B6803F57643A8333B6251
:10CC70000023FB773B6ADB7A5BB223F02F035AB2C7
:10CC800097F91F305B015BB213435BB2DAB23B6AC8
:10CC9000DA7200BFFA7897F847309A4216D27B686A
:10CCA00003F57643A833BB610123FB75BB69DB7ACF
:10CCB0005BB223F01F035AB297F917301B015BB226
:10CCC00013435BB2DAB2BB69DA7216E07B6803F534
:10CCD0007643A8333B610023FB733B69DB7A5BB28D
:10CCE00023F01F035AB297F90F301B015BB21343B5
:10CCF0005BB2DAB23B69DA7200BF7B6803F570435E
:10CD0000002283F8BB2600BF4837BD4680BD80B5F2
:10CD100084B000AF78600B46FB701346BB707B6835
:10CD200003F57043022283F8BB267868F9F776FA98
:10CD30007B6803F5704393F8BC360133DAB27B6845
:10CD400003F5704383F8BC26FA78BB789A4240F02A
:10CD500082807B6803F57043B3F8A836194678687B
:10CD6000FAF740FE0346FB817B6803F57043B3F896
:10CD7000A83601339AB27B6803F57043A3F8A8265E
:10CD80007B6803F57043032283F8BB267868F9F7C4
:10CD900045FA7B6803F5704393F8BC360133DAB289
:10CDA0007B6803F5704383F8BC267B6803F570430A
:10CDB000B3F8A83619467868FAF714FE03461BB292
:10CDC0001B021AB2B7F90E3013431BB2FB817B680A
:10CDD00003F57043B3F8A83601339AB27B6803F5C4
:10CDE0007043A3F8A8267B6803F57043042283F8F8
:10CDF000BB267868F9F712FA7B6803F5704393F85D
:10CE0000BC360133DAB27B6803F5704383F8BC2685
:10CE10007B6803F570431A46FB89A2F8AA367B6843
:10CE200003F57043052283F8BB267868F9F7F6F915
:10CE30007B6803F5704393F8BC360133DAB27B6844
:10CE400003F5704383F8BC267B6803F5704300222A
:10CE500083F8BB2606E07B6803F57043002283F865
:10CE6000BB2600BF1037BD4680BD80B584B000AF83
:10CE700078607B6803F57043B3F8A8361946786884
:10CE8000FAF7B0FD0346FB817B6803F57043B3F806
:10CE9000A83601339AB27B6803F57043A3F8A8263D
:10CEA0007B6803F57043022283F8BB267868F9F7A4
:10CEB000B5F97B6803F5704393F8BC360133DAB2F9
:10CEC0007B6803F5704383F8BC267B6803F57043E9
:10CED000B3F8A83619467868FAF784FD03461BB202
:10CEE0001B021AB2B7F90E3013431BB2FB817B68E9
:10CEF00003F57043B3F8A83601339AB27B6803F5A3
:10CF00007043A3F8A8267B6803F57043032283F8D7
:10CF1000BB267868F9F782F97B6803F5704393F8CC
:10CF2000BC360133DAB27B6803F5704383F8BC2664
:10CF30007B6803F570431A46FB89A2F8AA367B6822
:10CF400003F57043042283F8BB267868F9F766F985
:10CF50007B6803F5704393F8BC360133DAB27B6823
:10CF600003F5704383F8BC267B6803F57043002209
:10CF700083F8BB2600BF1037BD4680BD80B584B0A6
:10CF800000AF78607B6803F57043B3F8A8361946A4
:10CF90007868FAF727FD0346FB817B6803F5704349
:10CFA000B3F8A83601339AB27B6803F57043A3F84F
:10CFB000A8267B6803F57043022283F8BB267868B5
:10CFC000F9F72CF97B6803F5704393F8BC3601330D
:10CFD000DAB27B6803F5704383F8BC267B6803F5FF
:10CFE0007043B3F8A83619467868FAF7FBFC034695
:10CFF0001BB21B021AB2B7F90E3013431BB2FB81EE
:10D000007B6803F57043B3F8A83601339AB27B68A6
:10D0100003F57043A3F8A8267B6803F57043032249
:10D0200083F8BB267868F9F7F9F87B6803F5704355
:10D0300093F8BC360133DAB27B6803F5704383F8AA
:10D04000BC267B6803F570431A46FB89A2F8AA3612
:10D050007B6803F57043012283F8B6267B6803F5ED
:10D060007043042283F8BB267868F9F7D7F87B6809
:10D0700003F5704393F8BC360133DAB27B6803F5ED
:10D08000704383F8BC267B6803F57043002283F865
:10D09000BB2600BF1037BD4680BD80B586B000AF4F
:10D0A000F860B9607A60FB6803F57043B3F8A8369E
:10D0B0001946F868FAF796FC0346FB75FB6803F51A
:10D0C0007043B3F8A83601339AB2FB6803F5704396
:10D0D000A3F8A826FB6803F57043022283F8BB2659
:10D0E000F868F9F79BF8FB6803F5704393F8BC36D2
:10D0F0000133DAB2FB6803F5704383F8BC26FB68A2
:10D1000003F57043B3F8A8361946F868FAF76AFCD5
:10D110000346BB82FB6803F57043B3F8A8360133BE
:10D120009AB2FB6803F57043A3F8A826FB6803F5E1
:10D130007043032283F8BB26F868F9F76FF8FB68A1
:10D1400003F5704393F8BC360133DAB2FB6803F59C
:10D15000704383F8BC26BB8ADAB2BB681A70FB68DE
:10D1600003F57643B3337A689A4206D1FB7D23F008
:10D170000F03DAB27B681A7002E07B68FA7D1A70DE
:10D18000FB6803F57043002283F8BB2600BF183705
:10D19000BD4680BD80B584B000AF78600B46FB70A3
:10D1A0001346BB707B6803F57043B3F8AA36194683
:10D1B0007868FAF717FC0346FB737B6803F5704346
:10D1C000B3F8AA3601339AB27B6803F57043A3F82B
:10D1D000AA267B6803F57043022283F8BB26786891
:10D1E000F9F71CF87B6803F5704393F8BC360133FC
:10D1F000DAB27B6803F5704383F8BC267B6803F5DD
:10D200007043B3F8AA3619467868FAF7EBFB034681
:10D21000BB817B6803F57043B3F8AA3601339AB239
:10D220007B6803F57043A3F8AA267B6803F5704377
:10D23000032283F8BB267868F8F7F0FF7B6803F5D4
:10D24000704393F8BC360133DAB27B6803F5704360
:10D2500083F8BC26BA78FB789A4229D1B7F90C300A
:10D260001B021AB2FB7B1BB213431BB29AB27B6840
:10D2700003F57043A3F8AA267B6803F570430422E4
:10D2800083F8BB267868F8F7C9FF7B6803F570431D
:10D2900093F8BC360133DAB27B6803F5704383F848
:10D2A000BC267B6803F57043002283F8BB2606E0AA
:10D2B0007B6803F57043002283F8BB2600BF10375C
:10D2C000BD4680BD80B584B000AF78607B6803F553
:10D2D0007043B3F8AA3619467868FAF783FB034619
:10D2E000FB737B6803F57043B3F8AA3601339AB237
:10D2F0007B6803F57043A3F8AA267B6803F57043A7
:10D30000022283F8BB267868F8F788FF7B6803F56C
:10D31000704393F8BC360133DAB27B6803F570438F
:10D3200083F8BC267B6803F57043B3F8AA36194628
:10D330007868FAF757FB0346BB817B6803F57043B7
:10D34000B3F8AA3601339AB27B6803F57043A3F8A9
:10D35000AA267B6803F57043032283F8BB2678680E
:10D36000F8F75CFF7B6803F5704393F8BC36013334
:10D37000DAB27B6803F5704383F8BC26B7F90C304A
:10D380001B021AB2FB7B1BB213431BB29AB27B681F
:10D3900003F57043A3F8AA267B6803F570430422C3
:10D3A00083F8BB267868F8F739FF7B6803F570438C
:10D3B00093F8BC360133DAB27B6803F5704383F827
:10D3C000BC267B6803F57043002283F8BB2600BFB0
:10D3D0001037BD4680BD80B483B000AF78600B4687
:10D3E0007B807B6803F570431A467B88A2F8AA36D7
:10D3F0007B6803F57043002283F8BB2600BF0C371F
:10D40000BD465DF8047B704780B584B000AF78609E
:10D410000B46FB701346BB707B6803F57043B3F893
:10D42000AA3619467868FAF7DDFA0346FB817B686D
:10D4300003F57043B3F8AA3601339AB27B6803F55B
:10D440007043A3F8AA267B6803F57043022283F891
:10D45000BB267868F8F7E2FE7B6803F5704393F823
:10D46000BC360133DAB27B6803F5704383F8BC261F
:10D470007B6803F57043B3F8AA3619467868FAF763
:10D48000B1FA03461BB21B021AB2B7F90E301343AE
:10D490001BB2FB817B6803F57043B3F8AA360133F6
:10D4A0009AB27B6803F57043A3F8AA267B6803F55C
:10D4B0007043032283F8BB267868F8F7AFFE7B68D9
:10D4C00003F5704393F8BC360133DAB27B6803F599
:10D4D000704383F8BC26FA78BB789A4240F0858086
:10D4E0007B6803F57043B3F8A836013B9AB27B68BA
:10D4F00003F57043A3F8A8267B6803F57043042264
:10D5000083F8BB267868F8F789FE7B6803F57043DB
:10D5100093F8BC360133DAB27B6803F5704383F8C5
:10D52000BC267B6803F57043B3F8A8167B6803F547
:10D530007043B3F8AA361B0A9BB2DBB21A4678686E
:10D54000FAF7E6FC7B6803F57043B3F8A836013BB5
:10D550009AB27B6803F57043A3F8A8267B6803F5AD
:10D560007043052283F8BB267868F8F757FE7B687E
:10D5700003F5704393F8BC360133DAB27B6803F5E8
:10D58000704383F8BC267B6803F57043B3F8A81694
:10D590007B6803F57043B3F8AA36DBB21A467868A5
:10D5A000FAF7B6FC7B6803F570431A46FB89A2F8CC
:10D5B000AA367B6803F57043062283F8BB26786899
:10D5C000F8F72CFE7B6803F5704393F8BC36013303
:10D5D000DAB27B6803F5704383F8BC267B6803F5F9
:10D5E0007043002283F8BB2606E07B6803F5704396
:10D5F000002283F8BB2600BF1037BD4680BD80B532
:10D6000084B000AF78607B6803F57043B3F8AA3646
:10D6100019467868FAF7E6F90346FB817B6803F55B
:10D620007043B3F8AA3601339AB27B6803F57043AE
:10D63000A3F8AA267B6803F57043022283F8BB2671
:10D640007868F8F7EBFD7B6803F5704393F8BC3618
:10D650000133DAB27B6803F5704383F8BC267B683C
:10D6600003F57043B3F8AA3619467868FAF7BAF9A1
:10D6700003461BB21B021AB2B7F90E3013431BB29A
:10D68000FB817B6803F57043B3F8AA3601339AB285
:10D690007B6803F57043A3F8AA267B6803F5704303
:10D6A000032283F8BB267868F8F7B8FD7B6803F59A
:10D6B000704393F8BC360133DAB27B6803F57043EC
:10D6C00083F8BC267B6803F57043B3F8A836013BAA
:10D6D0009AB27B6803F57043A3F8A8267B6803F52C
:10D6E0007043042283F8BB267868F8F797FD7B68BF
:10D6F00003F5704393F8BC360133DAB27B6803F567
:10D70000704383F8BC267B6803F57043B3F8A81612
:10D710007B6803F57043B3F8AA361B0A9BB2DBB2F1
:10D720001A467868FAF7F4FB7B6803F57043B3F8A0
:10D73000A836013B9AB27B6803F57043A3F8A8268C
:10D740007B6803F57043052283F8BB267868F8F7F9
:10D7500065FD7B6803F5704393F8BC360133DAB29C
:10D760007B6803F5704383F8BC267B6803F5704340
:10D77000B3F8A8167B6803F57043B3F8AA36DBB29A
:10D780001A467868FAF7C4FB7B6803F570431A46BB
:10D79000FB89A2F8AA367B6803F57043062283F85A
:10D7A000BB267868F8F73AFD7B6803F5704393F879
:10D7B000BC360133DAB27B6803F5704383F8BC26CC
:10D7C0007B6803F57043002283F8BB2600BF103747
:10D7D000BD4680BD80B582B000AF78600B467B80CF
:10D7E0007B6803F57043B3F8A836013B9AB27B68B7
:10D7F00003F57043A3F8A8267B6803F57043022263
:10D8000083F8BB267868F8F709FD7B6803F5704359
:10D8100093F8BC360133DAB27B6803F5704383F8C2
:10D82000BC267B6803F57043B3F8A8167B881B0AF7
:10D830009BB2DBB21A467868FAF76AFB7B6803F59D
:10D840007043B3F8A836013B9AB27B6803F5704386
:10D85000A3F8A8267B6803F57043032283F8BB2650
:10D860007868F8F7DBFC7B6803F5704393F8BC3607
:10D870000133DAB27B6803F5704383F8BC267B681A
:10D8800003F57043B3F8A8367A88D2B2194678689F
:10D89000FAF73EFB7B6803F57043042283F8BB264E
:10D8A0007868F8F7BBFC7B6803F5704393F8BC36E7
:10D8B0000133DAB27B6803F5704383F8BC267B68DA
:10D8C00003F57043002283F8BB2600BF0837BD462E
:10D8D00080BD80B582B000AF78600B46FB707B687E
:10D8E00003F57043B3F8A836013B9AB27B6803F5A1
:10D8F0007043A3F8A8267B6803F57043022283F8DF
:10D90000BB267868F8F78AFC7B6803F5704393F8C8
:10D91000BC360133DAB27B6803F5704383F8BC266A
:10D920007B6803F57043B3F8A8167B6803F5704372
:10D93000B3F8AA361B0A9BB2DBB21A467868FAF72C
:10D94000E7FA7B6803F57043B3F8A836013B9AB257
:10D950007B6803F57043A3F8A8267B6803F5704342
:10D96000032283F8BB267868F8F758FC7B6803F538
:10D97000704393F8BC360133DAB27B6803F5704329
:10D9800083F8BC267B6803F57043B3F8A8167B6860
:10D9900003F57043B3F8AA36DBB21A467868FAF793
:10D9A000B7FAFB789BB2DB009AB27B6803F5704351
:10D9B000A3F8AA267B6803F57043042283F8BB26EC
:10D9C0007868F8F72BFC7B6803F5704393F8BC3656
:10D9D0000133DAB27B6803F5704383F8BC267B68B9
:10D9E00003F57043002283F8BB2600BF0837BD460D
:10D9F00080BD80B483B000AF78607B6803F570436E
:10DA0000002283F8B6267B6803F57043002283F872
:10DA1000B7267B6803F57043002283F8BB2600BF5E
:10DA20000C37BD465DF8047B704780B483B000AF0F
:10DA300078607B6803F5704393F8B636002B0CD101
:10DA40007B6803F5704393F8B736002B05D17B68EC
:10DA500003F57043012283F8B7267B6803F5704312
:10DA6000002283F8BB2600BF0C37BD465DF8047B5F
:10DA7000704780B586B000AF78607B6803F5764369
:10DA8000A8337A683B61FA603B699A7CFB6803F5CE
:10DA9000704393F8AF341340DBB203F01F03DBB2E3
:10DAA000002B14BF01230023FB75FB7D002B20D02E
:10DAB0007B6803F5704393F8B636002B0CD17B6876
:10DAC00003F5704393F8BB36012B05D17B6803F552
:10DAD0007043012283F8B5267B6803F5704300226A
:10DAE00083F8B4267B6803F57043002283F8BB26D5
:10DAF00021E07B6803F57043002283F8B5267B683C
:10DB000003F57043012283F8B4267B6803F5704364
:10DB1000022283F8BB267868F8F780FB7B6803F560
:10DB2000704393F8BC360133DAB27B6803F5704377
:10DB300083F8BC2600BF1837BD4680BD80B586B0CF
:10DB400000AF78607B6803F5704393F8A03403F06E
:10DB50003003302B05D07B6803F57043012283F836
:10DB6000B8267B6803F57643A8337A683B61FA6090
:10DB70003B699A7CFB6803F5704393F8AF3413401C
:10DB8000DBB203F01F03DBB2FB75FB7D002B11D171
:10DB90007B6803F57043B3F8AA3601339AB27B6809
:10DBA00003F57043A3F8AA26074BD3F8D831786859
:10DBB000984706E07B6803F57043002283F8BB2694
:10DBC00000BF1837BD4680BD0C00002080B582B074
:10DBD00000AF78607868FAF701FA00BF0837BD46F1
:10DBE00080BD80B582B000AF78607B6803F5764376
:10DBF000AD337A6802F57642AE3219467868FAF7A4
:10DC000098FD00BF0837BD4680BD80B584B000AF29
:10DC100078607B6803F5704393F8AC167B6803F576
:10DC20007643A833FB60FB685B791BB21B021AB218
:10DC3000FB689B791BB213431BB29BB21A467868F0
:10DC4000FAF7F2F900BF1037BD4680BD80B582B04B
:10DC500000AF78607B6803F57643AD337A6802F5F0
:10DC60007642AE3219467868FDF7BAFB00BF083736
:10DC7000BD4680BD80B582B000AF78607B6803F59B
:10DC80007643AD3319467868FDF724FB00BF0837AB
:10DC9000BD4680BD80B582B000AF78607B6803F57B
:10DCA0007643AD3319467868FDF7B1FC00BF0837FD
:10DCB000BD4680BD80B582B000AF78607B6803F55B
:10DCC0007643AD3319467868FAF766FC00BF08372B
:10DCD000BD4680BD80B582B000AF78607868FAF745
:10DCE000A3FF00BF0837BD4680BD80B582B000AF3E
:10DCF00078607868FAF7E2FD00BF0837BD4680BD5E
:10DD000080B584B002AF78607B6803F57641B131AD
:10DD10007B6803F57642B2327B6803F57640AD301E
:10DD20007B6803F57643AE33009303467868FBF7D0
:10DD3000F6FB00BF0837BD4680BD80B584B000AF9C
:10DD400078607B6803F57641AC317B6803F57643F8
:10DD5000A833FB60FB685B791BB21B021AB2FB683D
:10DD60009B791BB213431BB29BB21A467868FAF731
:10DD7000A8FA00BF1037BD4680BD80B582B000AFA5
:10DD800078607B6803F57643AD337A6802F57642B6
:10DD9000AE3219467868FDF7C0FC00BF0837BD46B3
:10DDA00080BD80B582B000AF78607B6803F57643B4
:10DDB000AE3319467868FDF78DFA00BF0837BD46C7
:10DDC00080BD80B582B000AF78607B6803F5764394
:10DDD000AE3319467868FDF71AFC00BF0837BD4618
:10DDE00080BD80B582B000AF78607B6803F5764374
:10DDF000AE3319467868FAF7CFFB00BF0837BD4647
:10DE000080BD80B582B000AF78607868FAF7A0FF77
:10DE100000BF0837BD4680BD80B582B000AF7860D6
:10DE20007868FFF78BFE00BF0837BD4680BD80B520
:10DE300082B000AF78607B6803F57643AF337A68D1
:10DE400002F57642B03219467868FAF772FC00BFE4
:10DE50000837BD4680BD80B584B000AF78607B6870
:10DE600003F5704393F8AC167B6803F57643A8334B
:10DE7000FB60FB68DB791BB21B021AB2FB681B7AE2
:10DE80001BB213431BB29BB21A467868FAF7CCF860
:10DE900000BF1037BD4680BD80B582B000AF78604E
:10DEA0007B6803F57643AF337A6802F57642B03289
:10DEB00019467868FDF794FA00BF0837BD4680BD63
:10DEC00080B582B000AF78607B6803F57643AF33EE
:10DED00019467868FDF7FEF900BF0837BD4680BDDA
:10DEE00080B582B000AF78607B6803F57643AF33CE
:10DEF00019467868FDF78BFB00BF0837BD4680BD2B
:10DF000080B582B000AF78607B6803F57643AF33AD
:10DF100019467868FAF740FB00BF0837BD4680BD58
:10DF200080B582B000AF78607868FAF7ABFF00BFC9
:10DF30000837BD4680BD80B582B000AF7860786894
:10DF4000FDF721FD00BF0837BD4680BD80B584B018
:10DF500002AF78607B6803F57641B1317B6803F5E9
:10DF60007642B2327B6803F57640AF307B6803F5CA
:10DF70007643B033009303467868FBF7D0FA00BFCE
:10DF80000837BD4680BD80B584B000AF78607B683F
:10DF900003F57641AC317B6803F57643A833FB602B
:10DFA000FB68DB791BB21B021AB2FB681B7A1BB23F
:10DFB00013431BB29BB21A467868FAF782F900BF86
:10DFC0001037BD4680BD80B582B000AF78607B68F9
:10DFD00003F57643AF337A6802F57642B0321946DC
:10DFE0007868FDF79AFB00BF0837BD4680BD80B555
:10DFF00082B000AF78607B6803F57643B033194692
:10E000007868FDF767F900BF0837BD4680BD80B569
:10E0100082B000AF78607B6803F57643B033194671
:10E020007868FDF7F4FA00BF0837BD4680BD80B5BB
:10E0300082B000AF78607B6803F57643B033194651
:10E040007868FAF7A9FA00BF0837BD4680BD80B5E9
:10E0500082B000AF78607868FAF7B2FF00BF083787
:10E06000BD4680BD80B584B000AF78607B6803F5A5
:10E070007643A833FB60FB68DB7ADB09DBB2002B5D
:10E0800014BF01230023DBB21A4600217868FDF794
:10E09000D8FC00BF1037BD4680BD80B582B000AF50
:10E0A00078607B6803F57643B1337A6802F576428F
:10E0B000B23219467868FAF73CFB00BF0837BD4614
:10E0C00080BD80B586B000AF78607B6803F576438D
:10E0D000A833BB60BB685B7A1BB21B021AB2BB6879
:10E0E0009B7A1BB213431BB29BB2FB827B6803F586
:10E0F000704393F8AC36FA8A19467868F9F794FFBA
:10E10000FB8A0133FB827B6803F57643A8333B61CE
:10E11000FB8AFB81FB891B0A9BB2DAB23B695A720C
:10E12000FB89DAB23B699A7200BF00BF1837BD465F
:10E1300080BD80B582B000AF78607B6803F5764320
:10E14000B1337A6802F57642B23219467868FDF743
:10E1500047F900BF0837BD4680BD80B582B000AF2B
:10E1600078607B6803F57643B13319467868FDF72C
:10E17000B1F800BF0837BD4680BD80B582B000AFA2
:10E1800078607B6803F57643B13319467868FDF70C
:10E190003EFA00BF0837BD4680BD80B582B000AFF3
:10E1A00078607B6803F57643B13319467868FAF7EF
:10E1B000F3F900BF0837BD4680BD80B582B000AF1F
:10E1C00078607868FAF7A0FF00BF0837BD4680BDC9
:10E1D00080B584B000AF78607B6803F57643A833E0
:10E1E000FB60FB68DB7ADB09DBB2002B14BF012389
:10E1F0000023DBB21A4601217868FDF722FC00BF3C
:10E200001037BD4680BD80B584B002AF78607B68B2
:10E2100003F57641B1317B6803F57642B2327B6813
:10E2200003F57640B1307B6803F57643B233009353
:10E2300003467868FBF773F900BF0837BD4680BD19
:10E2400080B586B000AF78607B6803F57643A8336D
:10E25000BB60BB685B7A1BB21B021AB2BB689B7ABD
:10E260001BB213431BB29BB2FB827B6803F5764360
:10E27000AC33FA8A19467868FAF723F8FB8A013337
:10E28000FB827B6803F57643A8333B61FB8AFB8105
:10E29000FB891B0A9BB2DAB23B695A72FB89DAB27C
:10E2A0003B699A7200BF00BF1837BD4680BD80B57C
:10E2B00082B000AF78607B6803F57643B1337A684B
:10E2C00002F57642B23219467868FDF726FA00BFA9
:10E2D0000837BD4680BD80B582B000AF78607B68EE
:10E2E00003F57643B23319467868FCF7F3FF00BFB5
:10E2F0000837BD4680BD80B582B000AF78607B68CE
:10E3000003F57643B23319467868FDF780F900BF0C
:10E310000837BD4680BD80B582B000AF78607B68AD
:10E3200003F57643B23319467868FAF735F900BF3A
:10E330000837BD4680BD80B582B000AF7860786890
:10E34000FAF7E6FF00BF0837BD4680BD80B584B050
:10E3500000AF78607B6803F57643A833FB60FB6809
:10E36000DB7A1B09DBB203F00103DBB2002B14BF25
:10E3700001230023DBB21A4600217868FDF761FB18
:10E3800000BF1037BD4680BD80B582B000AF786059
:10E390007868FAF747FB00BF0837BD4680BD80B5F7
:10E3A00086B000AF78607B6803F57643A833BB6026
:10E3B000BB685B7A1BB21B021AB2BB689B7A1BB2AA
:10E3C00013431BB29BB2FB827B6803F5704393F847
:10E3D000AC36FA8A19467868F9F726FEFB8A013BC3
:10E3E000FB827B6803F57643A8333B61FB8AFB81A4
:10E3F000FB891B0A9BB2DAB23B695A72FB89DAB21B
:10E400003B699A7200BF00BF1837BD4680BD80B51A
:10E4100082B000AF78607B6803F57643A833194675
:10E420007868FDF71AF800BF0837BD4680BD80B593
:10E4300084B000AF78607B6803F57643A833FB6057
:10E44000FB685B7A1BB21B021AB2FB689B7A1BB299
:10E4500013431BB29BB219467868FDF728F800BF3A
:10E460001037BD4680BD80B584B000AF78607B6852
:10E4700003F57643A833FB60FB685B7A1BB21B0293
:10E480001AB2FB689B7A1BB213431BB29BB21946AC
:10E490007868FDF7A9F900BF1037BD4680BD80B58B
:10E4A00084B000AF78607B6803F57643A833FB60E7
:10E4B000FB685B7A1BB21B021AB2FB689B7A1BB229
:10E4C00013431BB29BB219467868FAF7A0F900BF54
:10E4D0001037BD4680BD80B582B000AF78607868E7
:10E4E000FAF760FF00BF0837BD4680BD80B584B035
:10E4F00000AF78607B6803F57643A833FB60FB6868
:10E50000DB7A1B09DBB203F00103DBB2002B14BF83
:10E5100001230023DBB21A4601217868FDF791FA46
:10E5200000BF1037BD4680BD80B582B000AF7860B7
:10E530007B6803F57641B1317B6803F57642B232F0
:10E540007B6803F57643A8337868FBF70DF900BFC5
:10E550000837BD4680BD80B586B000AF78607B6867
:10E5600003F57643A833BB60BB685B7A1BB21B0222
:10E570001AB2BB689B7A1BB213431BB29BB2FB82DD
:10E580007B6803F57643AC33FA8A19467868F9F765
:10E5900098FEFB8A013BFB827B6803F57643A83338
:10E5A0003B61FB8AFB81FB891B0A9BB2DAB23B69A8
:10E5B0005A72FB89DAB23B699A7200BF00BF183702
:10E5C000BD4680BD80B582B000AF78607B6803F542
:10E5D0007643A83319467868FDF7DCF800BF0837A2
:10E5E000BD4680BD80B582B000AF78607B6803F522
:10E5F0007643AC3319467868FCF76CFE00BF0837E9
:10E60000BD4680BD80B582B000AF78607B6803F501
:10E610007643AC3319467868FCF7F9FF00BF08373A
:10E62000BD4680BD80B582B000AF78607B6803F5E1
:10E630007643AC3319467868F9F7AEFF00BF083768
:10E64000BD4680BD80B582B000AF78607868FAF7CB
:10E65000FEFE00BF0837BD4680BD80B582B000AF6A
:10E6600078607B6803F57643AD337A6802F57642CD
:10E67000AD3219467868F9F7C1FC00BF0837BD46CE
:10E6800080BD80B582B000AF78607B6803F57643CB
:10E69000AD337A6802F57642AE3219467868F9F7FA
:10E6A000ADFC00BF0837BD4680BD80B582B000AF6D
:10E6B00078607B6803F57643AD337A6802F576427D
:10E6C000AF3219467868F9F799FC00BF0837BD46A4
:10E6D00080BD80B582B000AF78607B6803F576437B
:10E6E000AD337A6802F57642B03219467868F9F7A8
:10E6F00085FC00BF0837BD4680BD80B582B000AF45
:10E7000078607B6803F57643AD337A6802F576422C
:10E71000B13219467868F9F771FC00BF0837BD4679
:10E7200080BD80B582B000AF78607B6803F576432A
:10E73000AD337A6802F57642B23219467868F9F755
:10E740005DFC00BF0837BD4680BD80B584B000AF1A
:10E7500078607B6803F57641AD317B6803F57643DD
:10E76000A833FB60FB685B7A1BB21B021AB2FB6822
:10E770009B7A1BB213431BB29BB21A467868F9F717
:10E78000A0FD00BF1037BD4680BD80B582B000AF90
:10E7900078607B6803F57643AD337A6802F576429C
:10E7A000AC3219467868F9F729FC00BF0837BD4636
:10E7B00080BD80B582B000AF78607B6803F576439A
:10E7C000AE337A6802F57642AD3219467868F9F7C9
:10E7D00015FC00BF0837BD4680BD80B582B000AFD4
:10E7E00078607B6803F57643AE337A6802F576424B
:10E7F000AE3219467868F9F701FC00BF0837BD460C
:10E8000080BD80B582B000AF78607B6803F5764349
:10E81000AE337A6802F57642AF3219467868F9F776
:10E82000EDFB00BF0837BD4680BD80B582B000AFAC
:10E8300078607B6803F57643AE337A6802F57642FA
:10E84000B03219467868F9F7D9FB00BF0837BD46E2
:10E8500080BD80B582B000AF78607B6803F57643F9
:10E86000AE337A6802F57642B13219467868F9F724
:10E87000C5FB00BF0837BD4680BD80B582B000AF84
:10E8800078607B6803F57643AE337A6802F57642AA
:10E89000B23219467868F9F7B1FB00BF0837BD46B8
:10E8A00080BD80B584B000AF78607B6803F57641A9
:10E8B000AE317B6803F57643A833FB60FB685B7A77
:10E8C0001BB21B021AB2FB689B7A1BB213431BB22A
:10E8D0009BB21A467868F9F7F4FC00BF1037BD46C2
:10E8E00080BD80B582B000AF78607B6803F5764369
:10E8F000AE337A6802F57642AC3219467868F9F799
:10E900007DFB00BF0837BD4680BD80B582B000AF3B
:10E9100078607B6803F57643AF337A6802F5764218
:10E92000AD3219467868F9F769FB00BF0837BD4674
:10E9300080BD80B582B000AF78607B6803F5764318
:10E94000AF337A6802F57642AE3219467868F9F745
:10E9500055FB00BF0837BD4680BD80B582B000AF13
:10E9600078607B6803F57643AF337A6802F57642C8
:10E97000AF3219467868F9F741FB00BF0837BD464A
:10E9800080BD80B582B000AF78607B6803F57643C8
:10E99000AF337A6802F57642B03219467868F9F7F3
:10E9A0002DFB00BF0837BD4680BD80B582B000AFEB
:10E9B00078607B6803F57643AF337A6802F5764278
:10E9C000B13219467868F9F719FB00BF0837BD4620
:10E9D00080BD80B582B000AF78607B6803F5764378
:10E9E000AF337A6802F57642B23219467868F9F7A1
:10E9F00005FB00BF0837BD4680BD80B584B000AFC1
:10EA000078607B6803F57641AF317B6803F5764328
:10EA1000A833FB60FB685B7A1BB21B021AB2FB686F
:10EA20009B7A1BB213431BB29BB21A467868F9F764
:10EA300048FC00BF1037BD4680BD80B582B000AF36
:10EA400078607B6803F57643AF337A6802F57642E7
:10EA5000AC3219467868F9F7D1FA00BF0837BD46DD
:10EA600080BD80B582B000AF78607B6803F57643E7
:10EA7000B0337A6802F57642AD3219467868F9F714
:10EA8000BDFA00BF0837BD4680BD80B582B000AF7B
:10EA900078607B6803F57643B0337A6802F5764296
:10EAA000AE3219467868F9F7A9FA00BF0837BD46B3
:10EAB00080BD80B582B000AF78607B6803F5764397
:10EAC000B0337A6802F57642AF3219467868F9F7C2
:10EAD00095FA00BF0837BD4680BD80B582B000AF53
:10EAE00078607B6803F57643B0337A6802F5764246
:10EAF000B03219467868F9F781FA00BF0837BD4689
:10EB000080BD80B582B000AF78607B6803F5764346
:10EB1000B0337A6802F57642B13219467868F9F76F
:10EB20006DFA00BF0837BD4680BD80B582B000AF2A
:10EB300078607B6803F57643B0337A6802F57642F5
:10EB4000B23219467868F9F759FA00BF0837BD465E
:10EB500080BD80B584B000AF78607B6803F57641F6
:10EB6000B0317B6803F57643A833FB60FB685B7AC2
:10EB70001BB21B021AB2FB689B7A1BB213431BB277
:10EB80009BB21A467868F9F79CFB00BF1037BD4668
:10EB900080BD80B582B000AF78607B6803F57643B6
:10EBA000B0337A6802F57642AC3219467868F9F7E4
:10EBB00025FA00BF0837BD4680BD80B582B000AFE2
:10EBC00078607B6803F57643B1337A6802F5764264
:10EBD000AD3219467868F9F711FA00BF0837BD461B
:10EBE00080BD80B582B000AF78607B6803F5764366
:10EBF000B1337A6802F57642AE3219467868F9F791
:10EC0000FDF900BF0837BD4680BD80B582B000AFBA
:10EC100078607B6803F57643B1337A6802F5764213
:10EC2000AF3219467868F9F7E9F900BF0837BD46F1
:10EC300080BD80B582B000AF78607B6803F5764315
:10EC4000B1337A6802F57642B03219467868F9F73E
:10EC5000D5F900BF0837BD4680BD80B582B000AF92
:10EC600078607B6803F57643B1337A6802F57642C3
:10EC7000B13219467868F9F7C1F900BF0837BD46C7
:10EC800080BD80B582B000AF78607B6803F57643C5
:10EC9000B1337A6802F57642B23219467868F9F7EC
:10ECA000ADF900BF0837BD4680BD80B584B000AF68
:10ECB00078607B6803F57641B1317B6803F5764374
:10ECC000A833FB60FB685B7A1BB21B021AB2FB68BD
:10ECD0009B7A1BB213431BB29BB21A467868F9F7B2
:10ECE000F0FA00BF1037BD4680BD80B582B000AFDE
:10ECF00078607B6803F57643B1337A6802F5764233
:10ED0000AC3219467868F9F779F900BF0837BD4683
:10ED100080BD80B582B000AF78607B6803F5764334
:10ED2000B2337A6802F57642AD3219467868F9F75F
:10ED300065F900BF0837BD4680BD80B582B000AF21
:10ED400078607B6803F57643B2337A6802F57642E1
:10ED5000AE3219467868F9F751F900BF0837BD4659
:10ED600080BD80B582B000AF78607B6803F57643E4
:10ED7000B2337A6802F57642AF3219467868F9F70D
:10ED80003DF900BF0837BD4680BD80B582B000AFF9
:10ED900078607B6803F57643B2337A6802F5764291
:10EDA000B03219467868F9F729F900BF0837BD462F
:10EDB00080BD80B582B000AF78607B6803F5764394
:10EDC000B2337A6802F57642B13219467868F9F7BB
:10EDD00015F900BF0837BD4680BD80B582B000AFD1
:10EDE00078607B6803F57643B2337A6802F5764241
:10EDF000B23219467868F9F701F900BF0837BD4605
:10EE000080BD80B584B000AF78607B6803F5764143
:10EE1000B2317B6803F57643A833FB60FB685B7A0D
:10EE20001BB21B021AB2FB689B7A1BB213431BB2C4
:10EE30009BB21A467868F9F744FA00BF1037BD460E
:10EE400080BD80B582B000AF78607B6803F5764303
:10EE5000B2337A6802F57642AC3219467868F9F72F
:10EE6000CDF800BF0837BD4680BD80B584B000AF87
:10EE700078607B6803F5704393F8AD167B6803F503
:10EE80007643A833FB60FB685B7A1BB21B021AB2A5
:10EE9000FB689B7A1BB213431BB29BB21A4678687D
:10EEA000F9F7C2F800BF1037BD4680BD80B584B009
:10EEB00000AF78607B6803F5704393F8AE167B680B
:10EEC00003F57643A833FB60FB685B7A1BB21B0239
:10EED0001AB2FB689B7A1BB213431BB29BB21A4651
:10EEE0007868F9F7A1F800BF1037BD4680BD80B53E
:10EEF00084B000AF78607B6803F5704393F8AF1679
:10EF00007B6803F57643A833FB60FB685B7A1BB232
:10EF10001B021AB2FB689B7A1BB213431BB29BB253
:10EF20001A467868F9F780F800BF1037BD4680BDF3
:10EF300080B584B000AF78607B6803F5704393F8C8
:10EF4000B0167B6803F57643A833FB60FB685B7AF9
:10EF50001BB21B021AB2FB689B7A1BB213431BB293
:10EF60009BB21A467868F9F75FF800BF1037BD46C4
:10EF700080BD80B584B000AF78607B6803F57043D6
:10EF800093F8B1167B6803F57643A833FB60FB6802
:10EF90005B7A1BB21B021AB2FB689B7A1BB213434B
:10EFA0001BB29BB21A467868F9F73EF800BF1037DB
:10EFB000BD4680BD80B584B000AF78607B6803F546
:10EFC000704393F8B2167B6803F57643A833FB6071
:10EFD000FB685B7A1BB21B021AB2FB689B7A1BB2FE
:10EFE00013431BB29BB21A467868F9F71DF800BFAD
:10EFF0001037BD4680BD80B582B000AF78607868BC
:10F00000FEF737FD00BF0837BD4680BD80B584B030
:10F0100000AF78607B6803F5704393F8AC167B68AB
:10F0200003F57643A833FB60FB685B7A1BB21B02D7
:10F030001AB2FB689B7A1BB213431BB29BB21A46EF
:10F040007868F8F7F1FF00BF1037BD4680BD80B586
:10F0500082B000AF78607B6803F57643AC337A68A2
:10F0600002F57642AD3219467868F8F7C7FF00BF5F
:10F070000837BD4680BD80B582B000AF78607B6840
:10F0800003F57643AC337A6802F57642AE32194620
:10F090007868F8F7B3FF00BF0837BD4680BD80B57C
:10F0A00082B000AF78607B6803F57643AC337A6852
:10F0B00002F57642AF3219467868F8F79FFF00BF35
:10F0C0000837BD4680BD80B582B000AF78607B68F0
:10F0D00003F57643AC337A6802F57642B0321946CE
:10F0E0007868F8F78BFF00BF0837BD4680BD80B554
:10F0F00082B000AF78607B6803F57643AC337A6802
:10F1000002F57642B13219467868F8F777FF00BF0A
:10F110000837BD4680BD80B582B000AF78607B689F
:10F1200003F57643AC337A6802F57642B23219467B
:10F130007868F8F763FF00BF0837BD4680BD80B52B
:10F1400084B000AF78607B6803F57641AC317B68B2
:10F1500003F57643A833FB60FB685B7A1BB21B02A6
:10F160001AB2FB689B7A1BB213431BB29BB21A46BE
:10F170007868F9F7A6F800BF1037BD4680BD80B5A6
:10F1800082B000AF78607B6803F57643AC337A6871
:10F1900002F57642AC3219467868F8F72FFF00BFC7
:10F1A0000837BD4680BD80B582B000AF78607B680F
:10F1B00003F57643AC337A6802F57642AD321946F0
:10F1C0007868FAF7F8FB00BF0837BD4680BD80B508
:10F1D00082B000AF78607B6803F57643AC337A6821
:10F1E00002F57642AE3219467868FAF7E4FB00BFC2
:10F1F0000837BD4680BD80B582B000AF78607B68BF
:10F2000003F57643AC337A6802F57642AF3219469D
:10F210007868FAF7D0FB00BF0837BD4680BD80B5DF
:10F2200082B000AF78607B6803F57643AC337A68D0
:10F2300002F57642B03219467868FAF7BCFB00BF97
:10F240000837BD4680BD80B582B000AF78607B686E
:10F2500003F57643AC337A6802F57642B13219464B
:10F260007868FAF7A8FB00BF0837BD4680BD80B5B7
:10F2700082B000AF78607B6803F57643AC337A6880
:10F2800002F57642B23219467868FAF794FB00BF6D
:10F290000837BD4680BD80B584B000AF78607B681C
:10F2A00003F57641AC317B6803F57643A833FB6008
:10F2B000FB685B7A1BB21B021AB2FB689B7A1BB21B
:10F2C00013431BB29BB21A467868FAF756FC00BF8C
:10F2D0001037BD4680BD80B582B000AF78607B68D6
:10F2E00003F57643AC337A6802F57642AC321946C0
:10F2F0007868FAF760FB00BF0837BD4680BD80B56F
:10F3000082B000AF78607B6803F57643AC337A68EF
:10F3100002F57642AD3219467868FAF71BFF00BF56
:10F320000837BD4680BD80B582B000AF78607B688D
:10F3300003F57643AC337A6802F57642AE3219466D
:10F340007868FAF707FF00BF0837BD4680BD80B573
:10F3500082B000AF78607B6803F57643AC337A689F
:10F3600002F57642AF3219467868FAF7F3FE00BF2D
:10F370000837BD4680BD80B582B000AF78607B683D
:10F3800003F57643AC337A6802F57642B03219461B
:10F390007868FAF7DFFE00BF0837BD4680BD80B54C
:10F3A00082B000AF78607B6803F57643AC337A684F
:10F3B00002F57642B13219467868FAF7CBFE00BF03
:10F3C0000837BD4680BD80B582B000AF78607B68ED
:10F3D00003F57643AC337A6802F57642B2321946C9
:10F3E0007868FAF7B7FE00BF0837BD4680BD80B524
:10F3F00084B000AF78607B6803F57641AC317B6800
:10F4000003F57643A833FB60FB685B7A1BB21B02F3
:10F410001AB2FB689B7A1BB213431BB29BB21A460B
:10F420007868FAF799FF00BF1037BD4680BD80B5F8
:10F4300082B000AF78607B6803F57643AC337A68BE
:10F4400002F57642AC3219467868FAF783FE00BFBF
:10F450000837BD4680BD80B582B000AF78607B685C
:10F4600003F57643AD3319467868FBF7ACF900BF76
:10F470000837BD4680BD80B582B000AF78607B683C
:10F4800003F57643AE3319467868FBF79CF900BF65
:10F490000837BD4680BD80B582B000AF78607B681C
:10F4A00003F57643AF3319467868FBF78CF900BF54
:10F4B0000837BD4680BD80B582B000AF78607B68FC
:10F4C00003F57643B03319467868FBF77CF900BF43
:10F4D0000837BD4680BD80B582B000AF78607B68DC
:10F4E00003F57643B13319467868FBF76CF900BF32
:10F4F0000837BD4680BD80B582B000AF78607B68BC
:10F5000003F57643B23319467868FBF75CF900BF20
:10F510000837BD4680BD80B584B000AF78607B6899
:10F5200003F57643A833FB60FB685B7A1BB21B02D2
:10F530001AB2FB689B7A1BB213431BB29BB21946EB
:10F540007868FBF7E4F900BF1037BD4680BD80B591
:10F5500082B000AF78607B6803F57643AC33194620
:10F560007868FBF730F900BF0837BD4680BD80B52D
:10F5700082B000AF78607B6803F57643AC337A687D
:10F5800002F5704292F8AD2619467868FBF7CDFB7C
:10F5900000BF0837BD4680BD80B582B000AF78603F
:10F5A0007B6803F57643AC337A6802F5704292F8D3
:10F5B000AE2619467868FBF7B8FB00BF0837BD4692
:10F5C00080BD80B582B000AF78607B6803F576437C
:10F5D000AC337A6802F5704292F8AF261946786823
:10F5E000FBF7A3FB00BF0837BD4680BD80B582B0E6
:10F5F00000AF78607B6803F57643AC337A6802F538
:10F60000704292F8B02619467868FBF78EFB00BF6F
:10F610000837BD4680BD80B582B000AF78607B689A
:10F6200003F57643AC337A6802F5704292F8B1265E
:10F6300019467868FBF779FB00BF0837BD4680BDE7
:10F6400080B582B000AF78607B6803F57643AC3359
:10F650007A6802F5704292F8B22619467868FBF78C
:10F6600064FB00BF0837BD4680BD80B584B000AFE5
:10F6700078607B6803F57641AC317B6803F57643AF
:10F68000A833FB60FB685B7A1BB21B021AB2FB68F3
:10F690009B7A1BB213431BB29BB21A467868FBF7E6
:10F6A000F5FB00BF1037BD4680BD80B582B000AF0E
:10F6B00078607B6803F57643AC337A6802F5704274
:10F6C00092F8AC2619467868FBF72FFB00BF083785
:10F6D000BD4680BD80B582B000AF78607B6803F521
:10F6E0007643AD3319467868FCF718FA00BF08373F
:10F6F000BD4680BD80B582B000AF78607B6803F501
:10F700007643AE3319467868FCF708FA00BF08372D
:10F71000BD4680BD80B582B000AF78607B6803F5E0
:10F720007643AF3319467868FCF7F8F900BF08371D
:10F73000BD4680BD80B582B000AF78607B6803F5C0
:10F740007643B03319467868FCF7E8F900BF08370C
:10F75000BD4680BD80B582B000AF78607B6803F5A0
:10F760007643B13319467868FCF7D8F900BF0837FB
:10F77000BD4680BD80B582B000AF78607B6803F580
:10F780007643B23319467868FCF7C8F900BF0837EA
:10F79000BD4680BD80B584B000AF78607B6803F55E
:10F7A0007643A833FB60FB685B7A1BB21B021AB27C
:10F7B000FB689B7A1BB213431BB29BB21946786855
:10F7C000FCF7FBFA00BF1037BD4680BD80B582B0A4
:10F7D00000AF78607B6803F57643AC3319467868F0
:10F7E000FCF79CF900BF0837BD4680BD80B582B0EC
:10F7F00000AF78607B6803F57643AD3319467868CF
:10F80000FCF792FB00BF0837BD4680BD80B582B0D3
:10F8100000AF78607B6803F57643AE3319467868AD
:10F82000FCF782FB00BF0837BD4680BD80B582B0C3
:10F8300000AF78607B6803F57643AF33194678688C
:10F84000FCF772FB00BF0837BD4680BD80B582B0B3
:10F8500000AF78607B6803F57643B033194678686B
:10F86000FCF762FB00BF0837BD4680BD80B582B0A3
:10F8700000AF78607B6803F57643B133194678684A
:10F88000FCF752FB00BF0837BD4680BD80B582B093
:10F8900000AF78607B6803F57643B2331946786829
:10F8A000FCF742FB00BF0837BD4680BD80B584B081
:10F8B00000AF78607B6803F57643A833FB60FB6894
:10F8C0005B7A1BB21B021AB2FB689B7A1BB2134312
:10F8D0001BB29BB219467868FCF7C5FB00BF103716
:10F8E000BD4680BD80B582B000AF78607B6803F50F
:10F8F0007643AC3319467868FCF716FB00BF08372F
:10F90000BD4680BD80B582B000AF78607B6803F5EE
:10F910007643AD3319467868FCF721FD00BF083700
:10F92000BD4680BD80B582B000AF78607B6803F5CE
:10F930007643AE3319467868FCF711FD00BF0837EF
:10F94000BD4680BD80B582B000AF78607B6803F5AE
:10F950007643AF3319467868FCF701FD00BF0837DE
:10F96000BD4680BD80B582B000AF78607B6803F58E
:10F970007643B03319467868FCF7F1FC00BF0837CE
:10F98000BD4680BD80B582B000AF78607B6803F56E
:10F990007643B13319467868FCF7E1FC00BF0837BD
:10F9A000BD4680BD80B582B000AF78607B6803F54E
:10F9B0007643B23319467868FCF7D1FC00BF0837AC
:10F9C000BD4680BD80B584B000AF78607B6803F52C
:10F9D0007643A833FB60FB685B7A1BB21B021AB24A
:10F9E000FB689B7A1BB213431BB29BB21946786823
:10F9F000FCF754FD00BF1037BD4680BD80B582B016
:10FA000000AF78607B6803F57643AC3319467868BD
:10FA1000FCF7A5FC00BF0837BD4680BD80B582B0AD
:10FA200000AF78607B6803F57643AD33194678689C
:10FA3000FCF7B0FE00BF0837BD4680BD80B582B080
:10FA400000AF78607B6803F57643AE33194678687B
:10FA5000FCF7A0FE00BF0837BD4680BD80B582B070
:10FA600000AF78607B6803F57643AF33194678685A
:10FA7000FCF790FE00BF0837BD4680BD80B582B060
:10FA800000AF78607B6803F57643B0331946786839
:10FA9000FCF780FE00BF0837BD4680BD80B582B050
:10FAA00000AF78607B6803F57643B1331946786818
:10FAB000FCF770FE00BF0837BD4680BD80B582B040
:10FAC00000AF78607B6803F57643B23319467868F7
:10FAD000FCF760FE00BF0837BD4680BD80B584B02E
:10FAE00000AF78607B6803F57641AC317B6803F545
:10FAF0007643A833FB60FB685B7A1BB21B021AB229
:10FB0000FB689B7A1BB213431BB29BB21A46786800
:10FB1000FCF715FF00BF1037BD4680BD80B582B031
:10FB200000AF78607B6803F57643AC33194678689C
:10FB3000FCF730FE00BF0837BD4680BD80B584B0FD
:10FB400000AF78607B6803F57643A833FB60FB6801
:10FB5000DB7ADB09DBB2002B14BF01230023DBB20D
:10FB60001A4600217868FDF7D2F800BF1037BD466D
:10FB700080BD80B582B000AF78607B6803F57643C6
:10FB8000AD337A6802F57642AE3219467868FDF7F1
:10FB900084FA00BF0837BD4680BD80B584B000AF91
:10FBA00078607B6803F57643A833FB60FB68DB7AFB
:10FBB000DB09DBB2002B14BF01230023DBB21A46A2
:10FBC00000217868FDF7E6FA00BF1037BD4680BD1A
:10FBD00080B582B000AF78607868FDF773FB00BF36
:10FBE0000837BD4680BD80B584B000AF78607B68C3
:10FBF00003F57643A833FB60FB68DB7ADB09DBB2F5
:10FC0000002B14BF01230023DBB21A4600217868C1
:10FC1000FDF7FAFB00BF1037BD4680BD80B584B04C
:10FC200000AF78607B6803F57643A833FB60FB6820
:10FC30005B791BB21B021AB2FB689B791BB21343A0
:10FC40001BB29BB219467868FDF7C4FD00BF1037A0
:10FC5000BD4680BD80B582B000AF78607B6803F59B
:10FC60007643AC3319467868FAF77DF800BF083759
:10FC7000BD4680BD80B582B000AF78600021786855
:10FC8000FDF727FE00BF0837BD4680BD80B584B0B4
:10FC900000AF78607B6803F57643A833FB60FB68B0
:10FCA000DB7ADB09DBB2002B14BF01230023DBB2BC
:10FCB0001A4601217868FDF72AF800BF1037BD46C3
:10FCC00080BD80B582B000AF78607868FDF7CDF870
:10FCD00000BF0837BD4680BD80B584B000AF7860F6
:10FCE0007B6803F57643A833FB60FB68DB7ADB09AE
:10FCF000DBB2002B14BF01230023DBB21A46012123
:10FD00007868FDF747FA00BF1037BD4680BD80B563
:10FD100084B000AF78607B6803F57643A833FB605E
:10FD2000FB68DB7ADB09DBB2002B14BF0123002365
:10FD3000DBB21A4601217868FDF766FB00BF103779
:10FD4000BD4680BD80B582B000AF78607868FDF7B1
:10FD500056FC00BF0837BD4680BD80B582B000AFFD
:10FD600078607B6803F57643AC3319467868FAF718
:10FD700009FC00BF0837BD4680BD80B582B000AF2A
:10FD8000786001217868FDF7A4FD00BF0837BD4603
:10FD900080BD80B584B000AF78607B6803F57643A2
:10FDA000A833FB60FB68DB7A1B09DBB203F00103BD
:10FDB000DBB2002B14BF01230023DBB21A46002163
:10FDC0007868FCF7A4FF00BF1037BD4680BD80B542
:10FDD00082B000AF78607B6803F57643AF337A6812
:10FDE00002F57642B03219467868FDF756F900BF41
:10FDF0000837BD4680BD80B584B000AF78607B68B1
:10FE000003F57643A833FB60FB68DB7A1B09DBB2A2
:10FE100003F00103DBB2002B14BF01230023DBB28C
:10FE20001A4600217868FDF7B5F900BF1037BD46C6
:10FE300080BD80B584B000AF78607B6803F5764301
:10FE4000A833FB60FB68DB7A1B09DBB203F001031C
:10FE5000DBB2002B14BF01230023DBB21A460021C2
:10FE60007868FDF7D1FA00BF1037BD4680BD80B578
:10FE700084B000AF78607B6803F57643A833FB60FD
:10FE8000FB68DB791BB21B021AB2FB681B7A1BB240
:10FE900013431BB29BB219467868FDF79BFC00BF69
:10FEA0001037BD4680BD80B582B000AF78607868FD
:10FEB000FAF72DFE00BF0837BD4680BD80B582B081
:10FEC00000AF786002217868FDF703FD00BF0837B6
:10FED000BD4680BD80B584B000AF78607B6803F517
:10FEE0007643A833FB60FB68DB7A1B09DBB203F0C7
:10FEF0000103DBB2002B14BF01230023DBB21A463F
:10FF000001217868FCF703FF00BF1037BD4680BDB4
:10FF100080B582B000AF78607868FDF72FF800BF39
:10FF20000837BD4680BD80B584B000AF78607B687F
:10FF300003F57643A833FB60FB68DB7A1B09DBB271
:10FF400003F00103DBB2002B14BF01230023DBB25B
:10FF50001A4601217868FDF71DF900BF1037BD462C
:10FF600080BD80B584B000AF78607B6803F57643D0
:10FF7000A833FB60FB68DB7A1B09DBB203F00103EB
:10FF8000DBB2002B14BF01230023DBB21A46012190
:10FF90007868FDF739FA00BF1037BD4680BD80B5DF
:10FFA00082B000AF78607B6803F57643AC331946C6
:10FFB0007868FBF765F800BF0837BD4680BD80B59F
:10FFC00082B000AF786003217868FDF782FC00BF43
:10FFD0000837BD4680BD80B582B000AF78607B68D1
:10FFE00003F5704393F8AC3619467868F8F749F88A
:10FFF00000BF0837BD4680BD80B582B000AF7860D5
:020000040801F1
:100000007B6803F57643B1337A6802F57642B23203
:1000100019467868FDF741F800BF0837BD4680BD36
:1000200080B582B000AF78607B6803F5704393F8C9
:10003000AE167B6803F5704393F8AC361A467868C1
:10004000F8F7D9F800BF0837BD4680BD80B584B049
:1000500000AF78607B6803F57643A833FB60FB68EC
:100060005B7A1BB21B021AB2FB689B7A1BB213436A
:100070001BB29BB219467868FDF7ACFB00BF103786
:10008000BD4680BD80B582B000AF78607868FBF770
:10009000CFFD00BF0837BD4680BD80B582B000AF40
:1000A000786004217868FDF714FC00BF0837BD466E
:1000B00080BD80B582B000AF78607868F9F759FFED
:1000C00000BF0837BD4680BD80B584B000AF786002
:1000D0007B6803F57643A833FB60FB685B7A1BB251
:1000E0001B021AB2FB689B7A1BB213431BB29BB272
:1000F00019467868FDF76FF900BF1037BD4680BD1F
:1001000080B582B000AF78607B6803F5704393F8E8
:10011000AC3619467868F8F7FBFC00BF0837BD46D7
:1001200080BD80B582B000AF78607868FCF752F887
:1001300000BF0837BD4680BD80B582B000AF786093
:1001400005217868FDF7C5FB00BF0837BD4680BDB7
:1001500080B582B000AF78607B6803F57643AC333E
:1001600019467868F7F7E9FF00BF0837BD4680BD3C
:1001700080B582B000AF78607B6803F57643AC331E
:100180007A6802F57642B33219467868FCF785FF43
:1001900000BF0837BD4680BD80B582B000AF786033
:1001A0007B6803F57643AC337A6802F5704292F8C7
:1001B000AE2619467868F8F750F800BF0837BD46F4
:1001C00080BD80B582B000AF78607868FDF711FC23
:1001D00000BF0837BD4680BD80B584B000AF7860F1
:1001E0007B6803F57643A833FB60FB681B791BB281
:1001F0001B021AB2FB68DB7A1BB203F0F0031BB2DE
:1002000013431BB29BB219467868FDF7E3FA00BFAF
:100210001037BD4680BD80B582B000AF7860786889
:10022000FCF7F3F900BF0837BD4680BD80B582B04A
:1002300000AF786006217868FDF74BFB00BF0837F8
:10024000BD4680BD80B582B000AF78607B6803F5A5
:100250007643B1337A6802F57642B232194678684D
:10026000F8F75EF800BF0837BD4680BD80B584B0A2
:1002700000AF78607B6803F57643A833FB60FB68CA
:100280005B7A1BB21B021AB2FB689B7A1BB2134348
:100290001BB29BB219467868F8F752F900BF1037C5
:1002A000BD4680BD80B582B000AF78607B6803F545
:1002B0007643AC3319467868F8F7ACF900BF0837D5
:1002C000BD4680BD80B582B000AF78607868FDF72C
:1002D000ACFB00BF0837BD4680BD80B582B000AF23
:1002E00078607B6803F5704393F8AC3619467868FC
:1002F000FCF718FC00BF0837BD4680BD80B582B052
:1003000000AF786007217868FDF7E3FA00BF08378F
:10031000BD4680BD80B483B000AF78607B6803F5D4
:100320007043012283F8B4267B6803F570430022F2
:1003300083F8BB2600BF0C37BD465DF8047B7047D1
:1003400080B48FB000AF786039607B6803F5764386
:10035000A8333A68127852B2D2B2D209D2B23B6311
:10036000134687F82F303B6BDB7A5BB223F01F0319
:100370005AB297F92F301B015BB213435BB2DAB26A
:100380003B6BDA7200BF3B681B785B00DAB23B68FC
:100390001A703B681A787B6803F57643A8337B6351
:1003A0007B6BDB7A1B09DBB203F00103DBB2134387
:1003B000DAB23B681A703B681B78002B17D17B6858
:1003C00003F57643A833BB62012387F82730BB6A65
:1003D000DB7A5BB203F070035AB297F92730DB0186
:1003E0005BB213435BB2DAB2BB6ADA7216E07B68C7
:1003F00003F57643A8333B620023FB773B6ADB7A45
:100400005BB203F070035AB297F91F30DB015BB2A5
:1004100013435BB2DAB23B6ADA7200BF7B6803F562
:100420007643A8333B610023FB733B69DB7A5BB205
:1004300023F04F035AB297F90F309B015BB213437D
:100440005BB2DAB23B69DA7200BF7B6803F57643D0
:10045000A833BB610023FB75BB69DB7A5BB223F079
:100460002F035AB297F917305B015BB213435BB2AB
:10047000DAB2BB69DA7200BF7B6803F57043002211
:1004800083F8BB2600BF3C37BD465DF8047B704750
:1004900080B58EB000AF78600B467B807B881946B4
:1004A0007868F7F79FFA034687F837307B6803F5DB
:1004B0007043032283F8BB267868F5F7AFFE7B68AC
:1004C00003F5704393F8BC360133DAB27B6803F569
:1004D000704383F8BC267B6803F57643A83397F90D
:1004E0003720D2B2D209D2B2FB62134687F82B3042
:1004F000FB6ADB7A5BB223F01F035AB297F92B3009
:100500001B015BB213435BB2DAB2FB6ADA7200BF63
:1005100097F837305B0087F837307B6803F5764310
:10052000A8333B633B6BDB7A1B09DBB203F00103AF
:10053000DAB297F83730134387F8373097F8373007
:10054000002B17D17B6803F57643A8337B62012328
:1005500087F823307B6ADB7A5BB203F070035AB210
:1005600097F92330DB015BB213435BB2DAB27B6AEB
:10057000DA7216E07B6803F57643A833FB6100234B
:10058000FB76FB69DB7A5BB203F070035AB297F932
:100590001B30DB015BB213435BB2DAB2FB69DA7288
:1005A00000BF7B6803F57643A833FB600023FB7232
:1005B000FB68DB7A5BB223F04F035AB297F90B303A
:1005C0009B015BB213435BB2DAB2FB68DA7200BF25
:1005D0007B6803F57643A8337B610023FB747B695A
:1005E000DB7A5BB223F02F035AB297F913305B0129
:1005F0005BB213435BB2DAB27B69DA7200BF97F881
:1006000037207B8819467868F7F782FC7B6803F50A
:100610007043042283F8BB267868F5F7FFFD7B68FA
:1006200003F5704393F8BC360133DAB27B6803F507
:10063000704383F8BC267B6803F57043002283F87F
:10064000BB2600BF3837BD4680BD80B48FB000AF39
:10065000786039607B6803F57643A8333A6812788E
:1006600002F00102002A14BF01220022D2B23B6331
:10067000134687F82F303B6BDB7A5BB223F01F0306
:100680005AB297F92F301B015BB213435BB2DAB257
:100690003B6BDA7200BF3B681B785B08DAB23B68E1
:1006A0001A703B681B785AB27B6803F57643A8330F
:1006B0007B637B6BDB7A1B09DBB203F00103DBB2EC
:1006C0005BB2DB015BB213435BB2DAB23B681A7018
:1006D0003B681B78002B17D17B6803F57643A83362
:1006E000BB62012387F82730BB6ADB7A5BB203F079
:1006F00070035AB297F92730DB015BB213435BB248
:10070000DAB2BB6ADA7216E07B6803F57643A83387
:100710003B620023FB773B6ADB7A5BB203F070033A
:100720005AB297F91F30DB015BB213435BB2DAB206
:100730003B6ADA7200BF7B6803F57643A8333B61FE
:100740000023FB733B69DB7A5BB223F04F035AB2A1
:1007500097F90F309B015BB213435BB2DAB23B698E
:10076000DA7200BF7B6803F57643A833BB610023D0
:10077000FB75BB69DB7A5BB223F02F035AB297F9A2
:1007800017305B015BB213435BB2DAB2BB69DA725A
:1007900000BF7B6803F57043002283F8BB2600BFCF
:1007A0003C37BD465DF8047B704780B58EB000AF26
:1007B00078600B467B807B8819467868F7F712F9DA
:1007C000034687F837307B6803F57043032283F8CC
:1007D000BB267868F5F722FD7B6803F5704393F834
:1007E000BC360133DAB27B6803F5704383F8BC266C
:1007F0007B6803F57643A83397F8372002F00102AF
:10080000002A14BF01220022D2B2FB62134687F8ED
:100810002B30FB6ADB7A5BB223F01F035AB297F9E5
:100820002B301B015BB213435BB2DAB2FB6ADA72A4
:1008300000BF97F837305B0887F837307B6803F5DF
:100840007643A8333B633B6BDB7A1B09DBB203F0D7
:100850000103DBB25BB2DB015AB297F937301343C5
:100860005BB287F8373097F83730002B17D17B68A9
:1008700003F57643A8337B62012387F823307B6A34
:10088000DB7A5BB203F070035AB297F92330DB01D5
:100890005BB213435BB2DAB27B6ADA7216E07B6852
:1008A00003F57643A833FB610023FB76FB69DB7A13
:1008B0005BB203F070035AB297F91B30DB015BB2F5
:1008C00013435BB2DAB2FB69DA7200BF7B6803F5EF
:1008D0007643A833FB600023FB72FB68DB7A5BB2D4
:1008E00023F04F035AB297F90B309B015BB21343CD
:1008F0005BB2DAB2FB68DA7200BF7B6803F576435D
:10090000A8337B610023FB747B69DB7A5BB223F045
:100910002F035AB297F913305B015BB213435BB2FA
:10092000DAB27B69DA7200BF97F837207B88194604
:100930007868F7F7EDFA7B6803F57043042283F8D3
:10094000BB267868F5F76AFC7B6803F5704393F87B
:10095000BC360133DAB27B6803F5704383F8BC26FA
:100960007B6803F57043002283F8BB2600BF38374D
:10097000BD4680BD80B48DB000AF786039607B68C3
:1009800003F57643A833BB60BB68DB7A1B09DBB297
:1009900003F00103DBB2002B14BF01230023DBB201
:1009A00087F82F303B681B78DB0987F82E303B68CF
:1009B0001B785B00DAB23B681A703B681A7897F8CC
:1009C0002F301343DAB23B681A707B6803F5764325
:1009D000A83397F82E20002A14BF01220022D2B299
:1009E0003B611346FB733B69DB7A5BB223F01F0369
:1009F0005AB297F90F301B015BB213435BB2DAB204
:100A00003B69DA7200BF7B6803F57643A8333A6826
:100A10001278002A0CBF01220022D2B2BB61134619
:100A2000FB75BB69DB7A5BB203F070035AB297F9CE
:100A30001730DB015BB213435BB2DAB2BB69DA7227
:100A400000BF7B6803F57643A8333B620023FB7746
:100A50003B6ADB7A5BB223F02F035AB297F91F305F
:100A60005B015BB213435BB2DAB23B6ADA7200BF7E
:100A70007B6803F57643A833BB62002387F82730F1
:100A8000BB6ADB7A5BB223F04F035AB297F9273087
:100A90009B015BB213435BB2DAB2BB6ADA7200BF8E
:100AA0007B6803F57043002283F8BB2600BF343710
:100AB000BD465DF8047B704780B58EB000AF7860AE
:100AC0000B467B807B8819467868F6F78BFF0346D8
:100AD00087F837307B6803F57043032283F8BB2621
:100AE0007868F5F79BFB7B6803F5704393F8BC3699
:100AF0000133DAB27B6803F5704383F8BC267B6868
:100B000003F57643A833BB62BB6ADB7A1B09DBB211
:100B100003F00103DBB2002B14BF01230023DBB27F
:100B200087F8363097F83730DB0987F8353097F893
:100B300037305B0087F8373097F8372097F8363032
:100B4000134387F837307B6803F57643A83397F86B
:100B50003520002A14BF01220022D2B23B63134683
:100B600087F82F303B6BDB7A5BB223F01F035AB25E
:100B700097F92F301B015BB213435BB2DAB23B6BC8
:100B8000DA7200BF97F83730002B17D17B6803F576
:100B90007643A8337B62012387F823307B6ADB7AB4
:100BA0005BB203F070035AB297F92330DB015BB2FA
:100BB00013435BB2DAB27B6ADA7216E07B6803F544
:100BC0007643A833FB610023FB76FB69DB7A5BB2DB
:100BD00003F070035AB297F91B30DB015BB2134389
:100BE0005BB2DAB2FB69DA7200BF7B6803F5764369
:100BF000A833FB600023FB72FB68DB7A5BB223F057
:100C00002F035AB297F90B305B015BB213435BB20F
:100C1000DAB2FB68DA7200BF7B6803F57643A8336B
:100C20007B610023FB747B69DB7A5BB223F04F03AB
:100C30005AB297F913309B015BB213435BB2DAB23D
:100C40007B69DA7200BF97F837207B88194678688D
:100C5000F7F75EF97B6803F57043042283F8BB263F
:100C60007868F5F7DBFA7B6803F5704393F8BC36D8
:100C70000133DAB27B6803F5704383F8BC267B68E6
:100C800003F57043002283F8BB2600BF3837BD460A
:100C900080BD80B48FB000AF786039603B681B784E
:100CA00003F0010387F837303B681B785B08DAB242
:100CB0003B681A703B681B785AB27B6803F5764331
:100CC000A833BB62BB6ADB7A1B09DBB203F001030A
:100CD000DBB25BB2DB015BB213435BB2DAB23B68FF
:100CE0001A707B6803F57643A83397F83720002AFB
:100CF00014BF01220022D2B23B63134687F82F3083
:100D00003B6BDB7A5BB223F01F035AB297F92F30AB
:100D10001B015BB213435BB2DAB23B6BDA7200BF0A
:100D20003B681B78002B17D17B6803F57643A8330B
:100D30007B62012387F823307B6ADB7A5BB203F0A6
:100D400070035AB297F92330DB015BB213435BB2F5
:100D5000DAB27B6ADA7216E07B6803F57643A83371
:100D6000FB610023FB76FB69DB7A5BB203F0700367
:100D70005AB297F91B30DB015BB213435BB2DAB2B4
:100D8000FB69DA7200BF7B6803F57643A833FB602A
:100D90000023FB72FB68DB7A5BB223F04F035AB28D
:100DA00097F90B309B015BB213435BB2DAB2FB687D
:100DB000DA7200BF7B6803F57643A8337B610023BA
:100DC000FB747B69DB7A5BB223F02F035AB297F98D
:100DD00013305B015BB213435BB2DAB27B69DA7248
:100DE00000BF7B6803F57043002283F8BB2600BF79
:100DF0003C37BD465DF8047B704780B58EB000AFD0
:100E000078600B467B807B8819467868F6F7EAFDA8
:100E1000034687F837307B6803F57043032283F875
:100E2000BB267868F5F7FAF97B6803F5704393F809
:100E3000BC360133DAB27B6803F5704383F8BC2615
:100E400097F8373003F0010387F8363097F83730DA
:100E50005B0887F837307B6803F57643A833BB62BD
:100E6000BB6ADB7A1B09DBB203F00103DBB25BB2C6
:100E7000DB015AB297F9373013435BB287F837304A
:100E80007B6803F57643A83397F83620002A14BF11
:100E900001220022D2B23B63134687F82F303B6B0E
:100EA000DB7A5BB223F01F035AB297F92F301B0194
:100EB0005BB213435BB2DAB23B6BDA7200BF97F8F6
:100EC0003730002B17D17B6803F57643A8337B625C
:100ED000012387F823307B6ADB7A5BB203F070036F
:100EE0005AB297F92330DB015BB213435BB2DAB23B
:100EF0007B6ADA7216E07B6803F57643A833FB6100
:100F00000023FB76FB69DB7A5BB203F070035AB215
:100F100097F91B30DB015BB213435BB2DAB2FB69BA
:100F2000DA7200BF7B6803F57643A833FB600023C9
:100F3000FB72FB68DB7A5BB223F04F035AB297F97E
:100F40000B309B015BB213435BB2DAB2FB68DA721F
:100F500000BF7B6803F57643A8337B610023FB74F5
:100F60007B69DB7A5BB223F02F035AB297F9133017
:100F70005B015BB213435BB2DAB27B69DA7200BF2A
:100F800097F837207B8819467868F6F7C1FF7B68A9
:100F900003F57043042283F8BB267868F5F73EF921
:100FA0007B6803F5704393F8BC360133DAB27B6893
:100FB00003F5704383F8BC267B6803F57043002279
:100FC00083F8BB2600BF3837BD4680BD80B48FB0E4
:100FD00000AF786039603B681B78DB0987F83730F1
:100FE0003B681B785B00DAB23B681A703B681B7881
:100FF00023F00103DAB23B681A707B6803F576438D
:10100000A83397F83720002A14BF01220022D2B259
:101010003B63134687F82F303B6BDB7A5BB223F0E0
:101020001F035AB297F92F301B015BB213435BB217
:10103000DAB23B6BDA7200BF3B681B78002B17D12A
:101040007B6803F57643A833BB62012387F827301A
:10105000BB6ADB7A5BB203F070035AB297F92730B0
:10106000DB015BB213435BB2DAB2BB6ADA7216E041
:101070007B6803F57643A8333B620023FB773B6A2A
:10108000DB7A5BB203F070035AB297F91F30DB01D1
:101090005BB213435BB2DAB23B6ADA7200BF7B68C1
:1010A00003F57643A8333B610023FB733B69DB7A8E
:1010B0005BB223F04F035AB297F90F309B015BB23A
:1010C00013435BB2DAB23B69DA7200BF7B6803F5A7
:1010D0007643A833BB610023FB75BB69DB7A5BB247
:1010E00023F02F035AB297F917305B015BB2134319
:1010F0005BB2DAB2BB69DA7200BF7B6803F570439A
:10110000002283F8BB2600BF3C37BD465DF8047B58
:10111000704780B58EB000AF78600B467B807B88CF
:1011200019467868F6F75EFC034687F837307B6827
:1011300003F57043032283F8BB267868F5F76EF851
:101140007B6803F5704393F8BC360133DAB27B68F1
:1011500003F5704383F8BC2697F83730DB0987F82E
:10116000363097F837305B0087F8373097F83730EC
:1011700023F0010387F837307B6803F57643A83303
:1011800097F83620002A14BF01220022D2B23B6316
:10119000134687F82F303B6BDB7A5BB223F01F03DB
:1011A0005AB297F92F301B015BB213435BB2DAB22C
:1011B0003B6BDA7200BF97F83730002B17D17B6892
:1011C00003F57643A833BB62012387F82730BB6A57
:1011D000DB7A5BB203F070035AB297F92730DB0178
:1011E0005BB213435BB2DAB2BB6ADA7216E07B68B9
:1011F00003F57643A8333B620023FB773B6ADB7A37
:101200005BB203F070035AB297F91F30DB015BB297
:1012100013435BB2DAB23B6ADA7200BF7B6803F554
:101220007643A8333B610023FB733B69DB7A5BB2F7
:1012300023F04F035AB297F90F309B015BB213436F
:101240005BB2DAB23B69DA7200BF7B6803F57643C2
:10125000A833BB610023FB75BB69DB7A5BB223F06B
:101260002F035AB297F917305B015BB213435BB29D
:10127000DAB2BB69DA7200BF97F837207B8819466B
:101280007868F6F745FE7B6803F57043042283F81F
:10129000BB267868F4F7C2FF7B6803F5704393F8C8
:1012A000BC360133DAB27B6803F5704383F8BC26A1
:1012B0007B6803F57043002283F8BB2600BF3837F4
:1012C000BD4680BD80B48DB000AF786039607B686A
:1012D00003F57643A8333A68127802F00102002A37
:1012E00014BF01220022D2B2FB62134687F82B30D2
:1012F000FB6ADB7A5BB223F01F035AB297F92B30FB
:101300001B015BB213435BB2DAB2FB6ADA7200BF55
:101310003B681B785B08DAB23B681A703B681B7845
:101320005BB25B005BB223F07F035AB23B681B7871
:101330005BB213435BB2DAB23B681A703B681B784E
:10134000002B17D17B6803F57643A8337B6201231A
:1013500087F823307B6ADB7A5BB203F070035AB202
:1013600097F92330DB015BB213435BB2DAB27B6ADD
:10137000DA7216E07B6803F57643A833FB6100233D
:10138000FB76FB69DB7A5BB203F070035AB297F924
:101390001B30DB015BB213435BB2DAB2FB69DA727A
:1013A00000BF7B6803F57643A833FB600023FB7224
:1013B000FB68DB7A5BB223F04F035AB297F90B302C
:1013C0009B015BB213435BB2DAB2FB68DA7200BF17
:1013D0007B6803F57643A8337B610023FB747B694C
:1013E000DB7A5BB223F02F035AB297F913305B011B
:1013F0005BB213435BB2DAB27B69DA7200BF7B681F
:1014000003F57043002283F8BB2600BF3437BD4686
:101410005DF8047B704780B58EB000AF78600B46F6
:101420007B807B8819467868F6F7DCFA034687F8F4
:1014300037307B6803F57043032283F8BB26786856
:10144000F4F7ECFE7B6803F5704393F8BC36013388
:10145000DAB27B6803F5704383F8BC267B6803F53A
:101460007643A83397F8372002F00102002A14BF10
:1014700001220022D2B23B63134687F82F303B6B28
:10148000DB7A5BB223F01F035AB297F92F301B01AE
:101490005BB213435BB2DAB23B6BDA7200BF97F810
:1014A00037305B0887F8373097F937305B005BB22D
:1014B00023F07F035AB297F9373013435BB287F8B2
:1014C000373097F83730002B17D17B6803F5764318
:1014D000A833BB62012387F82730BB6ADB7A5BB293
:1014E00003F070035AB297F92730DB015BB2134364
:1014F0005BB2DAB2BB6ADA7216E07B6803F5764358
:10150000A8333B620023FB773B6ADB7A5BB203F0D4
:1015100070035AB297F91F30DB015BB213435BB221
:10152000DAB23B6ADA7200BF7B6803F57643A83310
:101530003B610023FB733B69DB7A5BB223F04F0313
:101540005AB297F90F309B015BB213435BB2DAB228
:101550003B69DA7200BF7B6803F57643A833BB6151
:101560000023FB75BB69DB7A5BB223F02F035AB211
:1015700097F917305B015BB213435BB2DAB2BB6918
:10158000DA7200BF97F837207B8819467868F6F73B
:10159000BFFC7B6803F57043042283F8BB267868A0
:1015A000F4F73CFE7B6803F5704393F8BC360133D7
:1015B000DAB27B6803F5704383F8BC267B6803F5D9
:1015C0007043002283F8BB2600BF3837BD4680BD7C
:1015D00080B48FB000AF786039603B681B781B091E
:1015E00087F837303B681B785BB21B015AB297F91A
:1015F000373013435BB287F8373097F83730002B1A
:1016000017D17B6803F57643A8333B63012387F842
:101610002F303B6BDB7A5BB203F070035AB297F961
:101620002F30DB015BB213435BB2DAB23B6BDA7291
:1016300017E07B6803F57643A833BB62002387F885
:101640002730BB6ADB7A5BB203F070035AB297F9BA
:101650002730DB015BB213435BB2DAB2BB6ADA72EA
:1016600000BF7B6803F57643A8333B610023FB731F
:101670003B69DB7A5BB223F01F035AB297F90F3054
:101680001B015BB213435BB2DAB23B69DA7200BF93
:101690007B6803F57643A833BB610023FB75BB6908
:1016A000DB7A5BB223F04F035AB297F917309B01F4
:1016B0005BB213435BB2DAB2BB69DA7200BF7B681C
:1016C00003F57643A8333B620023FB773B6ADB7A62
:1016D0005BB223F02F035AB297F91F305B015BB264
:1016E00013435BB2DAB23B6ADA7200BF3B6897F829
:1016F00037201A707B6803F57043002283F8BB26FD
:1017000000BF3C37BD465DF8047B704780B58EB0A6
:1017100000AF78600B467B807B8819467868F6F7C7
:1017200061F9034687F837307B6803F5704303227D
:1017300083F8BB267868F4F771FD7B6803F5704386
:1017400093F8BC360133DAB27B6803F5704383F853
:10175000BC2697F837301B0987F8363097F93730B1
:101760001B015AB297F9363013435BB287F8363013
:1017700097F83630002B17D17B6803F57643A833F2
:101780003B63012387F82F303B6BDB7A5BB203F0BE
:1017900070035AB297F92F30DB015BB213435BB28F
:1017A000DAB23B6BDA7217E07B6803F57643A83355
:1017B000BB62002387F82730BB6ADB7A5BB203F099
:1017C00070035AB297F92730DB015BB213435BB267
:1017D000DAB2BB6ADA7200BF7B6803F57643A833DE
:1017E0003B610023FB733B69DB7A5BB223F01F0391
:1017F0005AB297F90F301B015BB213435BB2DAB2F6
:101800003B69DA7200BF7B6803F57643A833BB619E
:101810000023FB75BB69DB7A5BB223F04F035AB23E
:1018200097F917309B015BB213435BB2DAB2BB6925
:10183000DA7200BF7B6803F57643A8333B6200236E
:10184000FB773B6ADB7A5BB223F02F035AB297F93E
:101850001F305B015BB213435BB2DAB23B6ADA72F0
:1018600000BF97F836207B8819467868F6F750FB5A
:101870007B6803F57043042283F8BB267868F4F78D
:10188000CDFC7B6803F5704393F8BC360133DAB2C4
:101890007B6803F5704383F8BC267B6803F57043CF
:1018A000002283F8BB2600BF3837BD4680BD80B418
:1018B0008DB000AF786039607B6803F57643A8335C
:1018C0003A68127802F00102002A14BF01220022B5
:1018D000D2B2FB62134687F82B30FB6ADB7A5BB22D
:1018E00023F01F035AB297F92B301B015BB213434D
:1018F0005BB2DAB2FB6ADA7200BF3B681B785B0846
:10190000DAB23B681A703B681B78002B17D17B68F2
:1019100003F57643A8337B62012387F823307B6A83
:10192000DB7A5BB203F070035AB297F92330DB0124
:101930005BB213435BB2DAB27B6ADA7216E07B68A1
:1019400003F57643A833FB610023FB76FB69DB7A62
:101950005BB203F070035AB297F91B30DB015BB244
:1019600013435BB2DAB2FB69DA7200BF7B6803F53E
:101970007643A833FB600023FB72FB68DB7A5BB223
:1019800023F04F035AB297F90B309B015BB213431C
:101990005BB2DAB2FB68DA7200BF7B6803F57643AC
:1019A000A8337B610023FB747B69DB7A5BB223F095
:1019B0002F035AB297F913305B015BB213435BB24A
:1019C000DAB27B69DA7200BF7B6803F570430022EC
:1019D00083F8BB2600BF3437BD465DF8047B7047F3
:1019E00080B58EB000AF78600B467B807B8819464F
:1019F0007868F5F7F7FF034687F837307B6803F51B
:101A00007043032283F8BB267868F4F707FC7B68F1
:101A100003F5704393F8BC360133DAB27B6803F503
:101A2000704383F8BC267B6803F57643A83397F8A8
:101A3000372002F00102002A14BF01220022D2B294
:101A40003B63134687F82F303B6BDB7A5BB223F0A6
:101A50001F035AB297F92F301B015BB213435BB2DD
:101A6000DAB23B6BDA7200BF97F837305B0887F861
:101A7000373097F83730002B17D17B6803F5764362
:101A8000A833BB62012387F82730BB6ADB7A5BB2DD
:101A900003F070035AB297F92730DB015BB21343AE
:101AA0005BB2DAB2BB6ADA7216E07B6803F57643A2
:101AB000A8333B620023FB773B6ADB7A5BB203F01F
:101AC00070035AB297F91F30DB015BB213435BB26C
:101AD000DAB23B6ADA7200BF7B6803F57643A8335B
:101AE0003B610023FB733B69DB7A5BB223F04F035E
:101AF0005AB297F90F309B015BB213435BB2DAB273
:101B00003B69DA7200BF7B6803F57643A833BB619B
:101B10000023FB75BB69DB7A5BB223F02F035AB25B
:101B200097F917305B015BB213435BB2DAB2BB6962
:101B3000DA7200BF97F837207B8819467868F6F785
:101B4000E7F97B6803F57043042283F8BB267868C5
:101B5000F4F764FB7B6803F5704393F8BC360133FC
:101B6000DAB27B6803F5704383F8BC267B6803F523
:101B70007043002283F8BB2600BF3837BD4680BDC6
:101B800080B48FB000AFF8600B467A60FB727B6860
:101B90001B785AB2FB7A012101FA03F35BB21340BE
:101BA0005BB287F8373097F83730002B17D1FB68D6
:101BB00003F57643A8333B63012387F82F303B6B53
:101BC000DB7A5BB203F070035AB297F92F30DB0176
:101BD0005BB213435BB2DAB23B6BDA7217E0FB68BD
:101BE00003F57643A833BB62002387F82730BB6A2E
:101BF000DB7A5BB203F070035AB297F92730DB014E
:101C00005BB213435BB2DAB2BB6ADA7200BFFB6845
:101C100003F57643A833BB610023FB75BB69DB7A10
:101C20005BB223F04F035AB297F917309B015BB2B6
:101C300013435BB2DAB2BB69DA7200BFFB6803F52B
:101C40007643A8333B620123FB773B6ADB7A5BB2C6
:101C500023F02F035AB297F91F305B015BB2134395
:101C60005BB2DAB23B6ADA7200BFFB6803F570431D
:101C7000002283F8BB2600BF3C37BD465DF8047BDD
:101C8000704780B58CB000AF78600B46FB70134690
:101C90003B803B8819467868F5F7A4FE034687F831
:101CA0002F307B6803F57043032283F8BB267868E6
:101CB000F4F7B4FA7B6803F5704393F8BC3601334C
:101CC000DAB27B6803F5704383F8BC26FB78012207
:101CD00002FA03F35AB297F92F3013405BB287F838
:101CE0002F3097F82F30002B17D17B6803F5764300
:101CF000A833BB62012387F82730BB6ADB7A5BB26B
:101D000003F070035AB297F92730DB015BB213433B
:101D10005BB2DAB2BB6ADA7216E07B6803F576432F
:101D2000A8333B620023FB773B6ADB7A5BB203F0AC
:101D300070035AB297F91F30DB015BB213435BB2F9
:101D4000DAB23B6ADA7200BF7B6803F57643A833E8
:101D50003B610023FB733B69DB7A5BB223F04F03EB
:101D60005AB297F90F309B015BB213435BB2DAB200
:101D70003B69DA7200BF7B6803F57643A833BB6129
:101D80000123FB75BB69DB7A5BB223F02F035AB2E8
:101D900097F917305B015BB213435BB2DAB2BB69F0
:101DA000DA7200BF7B6803F57043002283F8BB261C
:101DB00000BF3037BD4680BD80B485B000AFF8604D
:101DC0000B467A60FB727B681B785AB2FB7A012162
:101DD00001FA03F35BB2DB435BB213405BB2DAB2EE
:101DE0007B681A70FB6803F57043002283F8BB26FA
:101DF00000BF1437BD465DF8047B704780B584B0E2
:101E000000AF78600B46FB7013463B803B88194659
:101E10007868F5F7E7FD0346FB737B6803F57043CD
:101E2000032283F8BB267868F4F7F8F97B6803F59A
:101E3000704393F8BC360133DAB27B6803F5704324
:101E400083F8BC26FB78012202FA03F35BB2DB4382
:101E50005AB297F90F3013405BB2FB73FA7B3B88A1
:101E600019467868F6F754F87B6803F57043042246
:101E700083F8BB267868F4F7D1F97B6803F57043E3
:101E800093F8BC360133DAB27B6803F5704383F80C
:101E9000BC267B6803F57043002283F8BB2600BF95
:101EA0001037BD4680BD80B485B000AFF8600B46EA
:101EB0007A60FB727B681B785AB2FB7A012101FAC7
:101EC00003F35BB213435BB2DAB27B681A70FB6850
:101ED00003F57043002283F8BB2600BF1437BD46CC
:101EE0005DF8047B704780B584B000AF78600B4626
:101EF000FB7013463B803B8819467868F5F772FD06
:101F00000346FB737B6803F57043032283F8BB260B
:101F10007868F4F783F97B6803F5704393F8BC366F
:101F20000133DAB27B6803F5704383F8BC26FB7893
:101F3000012202FA03F35AB297F90F3013435BB24E
:101F4000FB73FA7B3B8819467868F5F7E1FF7B68FD
:101F500003F57043042283F8BB267868F4F75EF932
:101F60007B6803F5704393F8BC360133DAB27B68C3
:101F700003F5704383F8BC267B6803F570430022A9
:101F800083F8BB2600BF1037BD4680BD80B582B048
:101F900000AF78607B6803F57643AD331946786807
:101FA000FEF7CEF900BF0837BD4680BD80B582B0D0
:101FB00000AF78607B6803F57643AE3319467868E6
:101FC000FEF7BEF900BF0837BD4680BD80B582B0C0
:101FD00000AF78607B6803F57643AF3319467868C5
:101FE000FEF7AEF900BF0837BD4680BD80B582B0B0
:101FF00000AF78607B6803F57643B03319467868A4
:10200000FEF79EF900BF0837BD4680BD80B582B09F
:1020100000AF78607B6803F57643B1331946786882
:10202000FEF78EF900BF0837BD4680BD80B582B08F
:1020300000AF78607B6803F57643B2331946786861
:10204000FEF77EF900BF0837BD4680BD80B584B07D
:1020500000AF78607B6803F57643A833FB60FB68CC
:102060005B7A1BB21B021AB2FB689B7A1BB213434A
:102070001BB29BB219467868FEF70AFA00BF103708
:10208000BD4680BD80B582B000AF78607B6803F547
:102090007643AC3319467868FEF752F900BF08372B
:1020A000BD4680BD80B582B000AF78607B6803F527
:1020B0007643AD3319467868FEF7C7FA00BF083794
:1020C000BD4680BD80B582B000AF78607B6803F507
:1020D0007643AE3319467868FEF7B7FA00BF083783
:1020E000BD4680BD80B582B000AF78607B6803F5E7
:1020F0007643AF3319467868FEF7A7FA00BF083772
:10210000BD4680BD80B582B000AF78607B6803F5C6
:102110007643B03319467868FEF797FA00BF083760
:10212000BD4680BD80B582B000AF78607B6803F5A6
:102130007643B13319467868FEF787FA00BF08374F
:10214000BD4680BD80B582B000AF78607B6803F586
:102150007643B23319467868FEF777FA00BF08373E
:10216000BD4680BD80B584B000AF78607B6803F564
:102170007643A833FB60FB685B7A1BB21B021AB282
:10218000FB689B7A1BB213431BB29BB2194678685B
:10219000FEF70BFB00BF1037BD4680BD80B582B097
:1021A00000AF78607B6803F57643AC3319467868F6
:1021B000FEF74BFA00BF0837BD4680BD80B582B040
:1021C00000AF78607B6803F57643AD3319467868D5
:1021D000FEF7D0FB00BF0837BD4680BD80B582B09A
:1021E00000AF78607B6803F57643AE3319467868B4
:1021F000FEF7C0FB00BF0837BD4680BD80B582B08A
:1022000000AF78607B6803F57643AF331946786892
:10221000FEF7B0FB00BF0837BD4680BD80B582B079
:1022200000AF78607B6803F57643B0331946786871
:10223000FEF7A0FB00BF0837BD4680BD80B582B069
:1022400000AF78607B6803F57643B1331946786850
:10225000FEF790FB00BF0837BD4680BD80B582B059
:1022600000AF78607B6803F57643B233194678682F
:10227000FEF780FB00BF0837BD4680BD80B584B047
:1022800000AF78607B6803F57643A833FB60FB689A
:102290005B7A1BB21B021AB2FB689B7A1BB2134318
:1022A0001BB29BB219467868FEF706FC00BF1037D8
:1022B000BD4680BD80B582B000AF78607B6803F515
:1022C0007643AC3319467868FEF754FB00BF0837F5
:1022D000BD4680BD80B582B000AF78607B6803F5F5
:1022E0007643AD3319467868FEF7D3FC00BF083754
:1022F000BD4680BD80B582B000AF78607B6803F5D5
:102300007643AE3319467868FEF7C3FC00BF083742
:10231000BD4680BD80B582B000AF78607B6803F5B4
:102320007643AF3319467868FEF7B3FC00BF083731
:10233000BD4680BD80B582B000AF78607B6803F594
:102340007643B03319467868FEF7A3FC00BF083720
:10235000BD4680BD80B582B000AF78607B6803F574
:102360007643B13319467868FEF793FC00BF08370F
:10237000BD4680BD80B582B000AF78607B6803F554
:102380007643B23319467868FEF783FC00BF0837FE
:10239000BD4680BD80B584B000AF78607B6803F532
:1023A0007643A833FB60FB685B7A1BB21B021AB250
:1023B000FB689B7A1BB213431BB29BB21946786829
:1023C000FEF71BFD00BF1037BD4680BD80B582B053
:1023D00000AF78607B6803F57643AC3319467868C4
:1023E000FEF757FC00BF0837BD4680BD80B582B000
:1023F00000AF78607B6803F57643AD3319467868A3
:10240000FEF7E4FD00BF0837BD4680BD80B582B051
:1024100000AF78607B6803F57643AE331946786881
:10242000FEF7D4FD00BF0837BD4680BD80B582B041
:1024300000AF78607B6803F57643AF331946786860
:10244000FEF7C4FD00BF0837BD4680BD80B582B031
:1024500000AF78607B6803F57643B033194678683F
:10246000FEF7B4FD00BF0837BD4680BD80B582B021
:1024700000AF78607B6803F57643B133194678681E
:10248000FEF7A4FD00BF0837BD4680BD80B582B011
:1024900000AF78607B6803F57643B23319467868FD
:1024A000FEF794FD00BF0837BD4680BD80B584B0FF
:1024B00000AF78607B6803F57643A833FB60FB6868
:1024C0005B7A1BB21B021AB2FB689B7A1BB21343E6
:1024D0001BB29BB219467868FEF71BFE00BF10378F
:1024E000BD4680BD80B582B000AF78607B6803F5E3
:1024F0007643AC3319467868FEF768FD00BF0837AD
:10250000BD4680BD80B582B000AF78607B6803F5C2
:102510007643AD3319467868FEF7D4FE00BF08371E
:10252000BD4680BD80B582B000AF78607B6803F5A2
:102530007643AE3319467868FEF7C4FE00BF08370D
:10254000BD4680BD80B582B000AF78607B6803F582
:102550007643AF3319467868FEF7B4FE00BF0837FC
:10256000BD4680BD80B582B000AF78607B6803F562
:102570007643B03319467868FEF7A4FE00BF0837EB
:10258000BD4680BD80B582B000AF78607B6803F542
:102590007643B13319467868FEF794FE00BF0837DA
:1025A000BD4680BD80B582B000AF78607B6803F522
:1025B0007643B23319467868FEF784FE00BF0837C9
:1025C000BD4680BD80B584B000AF78607B6803F500
:1025D0007643A833FB60FB685B7A1BB21B021AB21E
:1025E000FB689B7A1BB213431BB29BB219467868F7
:1025F000FEF711FF00BF1037BD4680BD80B582B029
:1026000000AF78607B6803F57643AC331946786891
:10261000FEF758FE00BF0837BD4680BD80B582B0CA
:1026200000AF78607B6803F57643AD331946786870
:10263000FEF7CEFF00BF0837BD4680BD80B582B033
:1026400000AF78607B6803F57643AE33194678684F
:10265000FEF7BEFF00BF0837BD4680BD80B582B023
:1026600000AF78607B6803F57643AF33194678682E
:10267000FEF7AEFF00BF0837BD4680BD80B582B013
:1026800000AF78607B6803F57643B033194678680D
:10269000FEF79EFF00BF0837BD4680BD80B582B003
:1026A00000AF78607B6803F57643B13319467868EC
:1026B000FEF78EFF00BF0837BD4680BD80B582B0F3
:1026C00000AF78607B6803F57643B23319467868CB
:1026D000FEF77EFF00BF0837BD4680BD80B584B0E1
:1026E00000AF78607B6803F57643A833FB60FB6836
:1026F0005B7A1BB21B021AB2FB689B7A1BB21343B4
:102700001BB29BB219467868FFF700F800BF10377C
:10271000BD4680BD80B582B000AF78607B6803F5B0
:102720007643AC3319467868FEF752FF00BF08378E
:10273000BD4680BD80B582B000AF78607B6803F590
:102740007643AD3319467868FFF7B1F800BF083714
:10275000BD4680BD80B582B000AF78607B6803F570
:102760007643AE3319467868FFF7A1F800BF083703
:10277000BD4680BD80B582B000AF78607B6803F550
:102780007643AF3319467868FFF791F800BF0837F2
:10279000BD4680BD80B582B000AF78607B6803F530
:1027A0007643B03319467868FFF781F800BF0837E1
:1027B000BD4680BD80B582B000AF78607B6803F510
:1027C0007643B13319467868FFF771F800BF0837D0
:1027D000BD4680BD80B582B000AF78607B6803F5F0
:1027E0007643B23319467868FFF761F800BF0837BF
:1027F000BD4680BD80B584B000AF78607B6803F5CE
:102800007643A833FB60FB685B7A1BB21B021AB2EB
:10281000FB689B7A1BB213431BB29BB219467868C4
:10282000FFF7DEF800BF1037BD4680BD80B582B02F
:1028300000AF78607B6803F57643AC33194678685F
:10284000FFF735F800BF0837BD4680BD80B582B0C0
:1028500000AF78607B6803F57643AD331A460021FC
:102860007868FFF78DF900BF0837BD4680BD80B599
:1028700082B000AF78607B6803F57643AE331A46CA
:1028800000217868FFF77CF900BF0837BD4680BD9E
:1028900080B582B000AF78607B6803F57643AF33D4
:1028A0001A4600217868FFF76BF900BF0837BD466C
:1028B00080BD80B582B000AF78607B6803F5764359
:1028C000B0331A4600217868FFF75AF900BF08377D
:1028D000BD4680BD80B582B000AF78607B6803F5EF
:1028E0007643B1331A4600217868FFF749F900BFF3
:1028F0000837BD4680BD80B582B000AF78607B6888
:1029000003F57643B2331A4600217868FFF738F9A9
:1029100000BF0837BD4680BD80B584B000AF786089
:102920007B6803F57643A833FB60FB685B7A1BB2D8
:102930001B021AB2FB689B7A1BB213431BB29BB2F9
:102940001A4600217868FFF79CF900BF1037BD4692
:1029500080BD80B582B000AF78607B6803F57643B8
:10296000AC331A4600217868FFF70AF900BF083730
:10297000BD4680BD80B582B000AF78607B6803F54E
:102980007643AD331A4601217868FFF7F9F800BFA6
:102990000837BD4680BD80B582B000AF78607B68E7
:1029A00003F57643AE331A4601217868FFF7E8F85D
:1029B00000BF0837BD4680BD80B582B000AF7860EB
:1029C0007B6803F57643AF331A4601217868FFF739
:1029D000D7F800BF0837BD4680BD80B582B000AFD4
:1029E00078607B6803F57643B0331A460121786836
:1029F000FFF7C6F800BF0837BD4680BD80B582B07E
:102A000000AF78607B6803F57643B1331A46012145
:102A10007868FFF7B5F800BF0837BD4680BD80B5C0
:102A200082B000AF78607B6803F57643B2331A4614
:102A300001217868FFF7A4F800BF0837BD4680BDC4
:102A400080B584B000AF78607B6803F57643A83327
:102A5000FB60FB685B7A1BB21B021AB2FB689B7AB5
:102A60001BB213431BB29BB21A4601217868FFF7D1
:102A700008F900BF1037BD4680BD80B582B000AFF9
:102A800078607B6803F57643AC331A460121786899
:102A9000FFF776F800BF0837BD4680BD80B582B02D
:102AA00000AF78607B6803F57643AD331A460221A8
:102AB0007868FFF765F800BF0837BD4680BD80B570
:102AC00082B000AF78607B6803F57643AE331A4678
:102AD00002217868FFF754F800BF0837BD4680BD73
:102AE00080B582B000AF78607B6803F57643AF3382
:102AF0001A4602217868FFF743F800BF0837BD4641
:102B000080BD80B582B000AF78607B6803F5764306
:102B1000B0331A4602217868FFF732F800BF083751
:102B2000BD4680BD80B582B000AF78607B6803F59C
:102B30007643B1331A4602217868FFF721F800BFC7
:102B40000837BD4680BD80B582B000AF78607B6835
:102B500003F57643B2331A4602217868FFF710F87E
:102B600000BF0837BD4680BD80B584B000AF786037
:102B70007B6803F57643A833FB60FB685B7A1BB286
:102B80001B021AB2FB689B7A1BB213431BB29BB2A7
:102B90001A4602217868FFF774F800BF1037BD4667
:102BA00080BD80B582B000AF78607B6803F5764366
:102BB000AC331A4602217868FEF7E2FF00BF0837FF
:102BC000BD4680BD80B582B000AF78607B6803F5FC
:102BD0007643AD331A4603217868FEF7D1FF00BF74
:102BE0000837BD4680BD80B582B000AF78607B6895
:102BF00003F57643AE331A4603217868FEF7C0FF2B
:102C000000BF0837BD4680BD80B582B000AF786098
:102C10007B6803F57643AF331A4603217868FEF7E5
:102C2000AFFF00BF0837BD4680BD80B582B000AFA2
:102C300078607B6803F57643B0331A4603217868E1
:102C4000FEF79EFF00BF0837BD4680BD80B582B04D
:102C500000AF78607B6803F57643B1331A460321F1
:102C60007868FEF78DFF00BF0837BD4680BD80B590
:102C700082B000AF78607B6803F57643B2331A46C2
:102C800003217868FEF77CFF00BF0837BD4680BD92
:102C900080B584B000AF78607B6803F57643A833D5
:102CA000FB60FB685B7A1BB21B021AB2FB689B7A63
:102CB0001BB213431BB29BB21A4603217868FEF77E
:102CC000E0FF00BF1037BD4680BD80B582B000AFC9
:102CD00078607B6803F57643AC331A460321786845
:102CE000FEF74EFF00BF0837BD4680BD80B582B0FD
:102CF00000AF78607B6803F57643AD331A46042154
:102D00007868FEF73DFF00BF0837BD4680BD80B53F
:102D100082B000AF78607B6803F57643AE331A4625
:102D200004217868FEF72CFF00BF0837BD4680BD40
:102D300080B582B000AF78607B6803F57643AF332F
:102D40001A4604217868FEF71BFF00BF0837BD460E
:102D500080BD80B582B000AF78607B6803F57643B4
:102D6000B0331A4604217868FEF70AFF00BF08371F
:102D7000BD4680BD80B582B000AF78607B6803F54A
:102D80007643B1331A4604217868FEF7F9FE00BF96
:102D90000837BD4680BD80B582B000AF78607B68E3
:102DA00003F57643B2331A4604217868FEF7E8FE4D
:102DB00000BF0837BD4680BD80B584B000AF7860E5
:102DC0007B6803F57643A833FB60FB685B7A1BB234
:102DD0001B021AB2FB689B7A1BB213431BB29BB255
:102DE0001A4604217868FEF74CFF00BF1037BD4635
:102DF00080BD80B582B000AF78607B6803F5764314
:102E0000AC331A4604217868FEF7BAFE00BF0837D3
:102E1000BD4680BD80B582B000AF78607B6803F5A9
:102E20007643AD331A4605217868FEF7A9FE00BF48
:102E30000837BD4680BD80B582B000AF78607B6842
:102E400003F57643AE331A4605217868FEF798FEFF
:102E500000BF0837BD4680BD80B582B000AF786046
:102E60007B6803F57643AF331A4605217868FEF791
:102E700087FE00BF0837BD4680BD80B582B000AF79
:102E800078607B6803F57643B0331A46052178688D
:102E9000FEF776FE00BF0837BD4680BD80B582B024
:102EA00000AF78607B6803F57643B1331A4605219D
:102EB0007868FEF765FE00BF0837BD4680BD80B567
:102EC00082B000AF78607B6803F57643B2331A4670
:102ED00005217868FEF754FE00BF0837BD4680BD67
:102EE00080B584B000AF78607B6803F57643A83383
:102EF000FB60FB685B7A1BB21B021AB2FB689B7A11
:102F00001BB213431BB29BB21A4605217868FEF729
:102F1000B8FE00BF1037BD4680BD80B582B000AF9F
:102F200078607B6803F57643AC331A4605217868F0
:102F3000FEF726FE00BF0837BD4680BD80B582B0D3
:102F400000AF78607B6803F57643AD331A460621FF
:102F50007868FEF715FE00BF0837BD4680BD80B516
:102F600082B000AF78607B6803F57643AE331A46D3
:102F700006217868FEF704FE00BF0837BD4680BD15
:102F800080B582B000AF78607B6803F57643AF33DD
:102F90001A4606217868FEF7F3FD00BF0837BD46E4
:102FA00080BD80B582B000AF78607B6803F5764362
:102FB000B0331A4606217868FEF7E2FD00BF0837F5
:102FC000BD4680BD80B582B000AF78607B6803F5F8
:102FD0007643B1331A4606217868FEF7D1FD00BF6B
:102FE0000837BD4680BD80B582B000AF78607B6891
:102FF00003F57643B2331A4606217868FEF7C0FD22
:1030000000BF0837BD4680BD80B584B000AF786092
:103010007B6803F57643A833FB60FB685B7A1BB2E1
:103020001B021AB2FB689B7A1BB213431BB29BB202
:103030001A4606217868FEF724FE00BF1037BD4609
:1030400080BD80B582B000AF78607B6803F57643C1
:10305000AC331A4606217868FEF792FD00BF0837A8
:10306000BD4680BD80B582B000AF78607B6803F557
:103070007643AD331A4607217868FEF781FD00BF1D
:103080000837BD4680BD80B582B000AF78607B68F0
:1030900003F57643AE331A4607217868FEF770FDD4
:1030A00000BF0837BD4680BD80B582B000AF7860F4
:1030B0007B6803F57643AF331A4607217868FEF73D
:1030C0005FFD00BF0837BD4680BD80B582B000AF50
:1030D00078607B6803F57643B0331A460721786839
:1030E000FEF74EFD00BF0837BD4680BD80B582B0FB
:1030F00000AF78607B6803F57643B1331A46072149
:103100007868FEF73DFD00BF0837BD4680BD80B53D
:1031100082B000AF78607B6803F57643B2331A461D
:1031200007217868FEF72CFD00BF0837BD4680BD3B
:1031300080B584B000AF78607B6803F57643A83330
:10314000FB60FB685B7A1BB21B021AB2FB689B7ABE
:103150001BB213431BB29BB21A4607217868FEF7D5
:1031600090FD00BF1037BD4680BD80B582B000AF76
:1031700078607B6803F57643AC331A46072178689C
:10318000FEF7FEFC00BF0837BD4680BD80B582B0AB
:1031900000AF78607B6803F57643AD331A460021B3
:1031A0007868FEF709FE00BF0837BD4680BD80B5D0
:1031B00082B000AF78607B6803F57643AE331A4681
:1031C00000217868FEF7F8FD00BF0837BD4680BDD6
:1031D00080B582B000AF78607B6803F57643AF338B
:1031E0001A4600217868FEF7E7FD00BF0837BD46A4
:1031F00080BD80B582B000AF78607B6803F5764310
:10320000B0331A4600217868FEF7D6FD00BF0837B4
:10321000BD4680BD80B582B000AF78607B6803F5A5
:103220007643B1331A4600217868FEF7C5FD00BF2A
:103230000837BD4680BD80B582B000AF78607B683E
:1032400003F57643B2331A4600217868FEF7B4FDE1
:1032500000BF0837BD4680BD80B584B000AF786040
:103260007B6803F57643A833FB60FB685B7A1BB28F
:103270001B021AB2FB689B7A1BB213431BB29BB2B0
:103280001A4600217868FEF7B9FD00BF1037BD4629
:1032900080BD80B582B000AF78607B6803F576436F
:1032A000AC331A4600217868FEF786FD00BF083768
:1032B000BD4680BD80B582B000AF78607B6803F505
:1032C0007643AD331A4601217868FEF775FD00BFDD
:1032D0000837BD4680BD80B582B000AF78607B689E
:1032E00003F57643AE331A4601217868FEF764FD94
:1032F00000BF0837BD4680BD80B582B000AF7860A2
:103300007B6803F57643AF331A4601217868FEF7F0
:1033100053FD00BF0837BD4680BD80B582B000AF09
:1033200078607B6803F57643B0331A4601217868EC
:10333000FEF742FD00BF0837BD4680BD80B582B0B4
:1033400000AF78607B6803F57643B1331A460121FC
:103350007868FEF731FD00BF0837BD4680BD80B5F7
:1033600082B000AF78607B6803F57643B2331A46CB
:1033700001217868FEF720FD00BF0837BD4680BDFB
:1033800080B584B000AF78607B6803F57643A833DE
:10339000FB60FB685B7A1BB21B021AB2FB689B7A6C
:1033A0001BB213431BB29BB21A4601217868FEF789
:1033B00025FD00BF1037BD4680BD80B582B000AF8F
:1033C00078607B6803F57643AC331A460121786850
:1033D000FEF7F2FC00BF0837BD4680BD80B582B065
:1033E00000AF78607B6803F57643AD331A4602215F
:1033F0007868FEF7E1FC00BF0837BD4680BD80B5A8
:1034000082B000AF78607B6803F57643AE331A462E
:1034100002217868FEF7D0FC00BF0837BD4680BDAA
:1034200080B582B000AF78607B6803F57643AF3338
:103430001A4602217868FEF7BFFC00BF0837BD4678
:1034400080BD80B582B000AF78607B6803F57643BD
:10345000B0331A4602217868FEF7AEFC00BF083789
:10346000BD4680BD80B582B000AF78607B6803F553
:103470007643B1331A4602217868FEF79DFC00BFFF
:103480000837BD4680BD80B582B000AF78607B68EC
:1034900003F57643B2331A4602217868FEF78CFCB6
:1034A00000BF0837BD4680BD80B584B000AF7860EE
:1034B0007B6803F57643A833FB60FB685B7A1BB23D
:1034C0001B021AB2FB689B7A1BB213431BB29BB25E
:1034D0001A4602217868FEF791FC00BF1037BD46FE
:1034E00080BD80B582B000AF78607B6803F576431D
:1034F000AC331A4602217868FEF75EFC00BF08373D
:10350000BD4680BD80B582B000AF78607B6803F5B2
:103510007643AD331A4603217868FEF74DFC00BFB1
:103520000837BD4680BD80B582B000AF78607B684B
:1035300003F57643AE331A4603217868FEF73CFC68
:1035400000BF0837BD4680BD80B582B000AF78604F
:103550007B6803F57643AF331A4603217868FEF79C
:103560002BFC00BF0837BD4680BD80B582B000AFE0
:1035700078607B6803F57643B0331A460321786898
:10358000FEF71AFC00BF0837BD4680BD80B582B08B
:1035900000AF78607B6803F57643B1331A460321A8
:1035A0007868FEF709FC00BF0837BD4680BD80B5CE
:1035B00082B000AF78607B6803F57643B2331A4679
:1035C00003217868FEF7F8FB00BF0837BD4680BDD1
:1035D00080B584B000AF78607B6803F57643A8338C
:1035E000FB60FB685B7A1BB21B021AB2FB689B7A1A
:1035F0001BB213431BB29BB21A4603217868FEF735
:10360000FDFB00BF1037BD4680BD80B582B000AF66
:1036100078607B6803F57643AC331A4603217868FB
:10362000FEF7CAFB00BF0837BD4680BD80B582B03B
:1036300000AF78607B6803F57643AD331A4604210A
:103640007868FEF7B9FB00BF0837BD4680BD80B57E
:1036500082B000AF78607B6803F57643AE331A46DC
:1036600004217868FEF7A8FB00BF0837BD4680BD7F
:1036700080B582B000AF78607B6803F57643AF33E6
:103680001A4604217868FEF797FB00BF0837BD464D
:1036900080BD80B582B000AF78607B6803F576436B
:1036A000B0331A4604217868FEF786FB00BF08375E
:1036B000BD4680BD80B582B000AF78607B6803F501
:1036C0007643B1331A4604217868FEF775FB00BFD4
:1036D0000837BD4680BD80B582B000AF78607B689A
:1036E00003F57643B2331A4604217868FEF764FB8B
:1036F00000BF0837BD4680BD80B584B000AF78609C
:103700007B6803F57643A833FB60FB685B7A1BB2EA
:103710001B021AB2FB689B7A1BB213431BB29BB20B
:103720001A4604217868FEF769FB00BF1037BD46D2
:1037300080BD80B582B000AF78607B6803F57643CA
:10374000AC331A4604217868FEF736FB00BF083711
:10375000BD4680BD80B582B000AF78607B6803F560
:103760007643AD331A4605217868FEF725FB00BF86
:103770000837BD4680BD80B582B000AF78607B68F9
:1037800003F57643AE331A4605217868FEF714FB3D
:1037900000BF0837BD4680BD80B582B000AF7860FD
:1037A0007B6803F57643AF331A4605217868FEF748
:1037B00003FB00BF0837BD4680BD80B582B000AFB7
:1037C00078607B6803F57643B0331A460521786844
:1037D000FEF7F2FA00BF0837BD4680BD80B582B063
:1037E00000AF78607B6803F57643B1331A46052154
:1037F0007868FEF7E1FA00BF0837BD4680BD80B5A6
:1038000082B000AF78607B6803F57643B2331A4626
:1038100005217868FEF7D0FA00BF0837BD4680BDA5
:1038200080B584B000AF78607B6803F57643A83339
:10383000FB60FB685B7A1BB21B021AB2FB689B7AC7
:103840001BB213431BB29BB21A4605217868FEF7E0
:10385000D5FA00BF1037BD4680BD80B582B000AF3D
:1038600078607B6803F57643AC331A4605217868A7
:10387000FEF7A2FA00BF0837BD4680BD80B582B012
:1038800000AF78607B6803F57643AD331A460621B6
:103890007868FEF791FA00BF0837BD4680BD80B555
:1038A00082B000AF78607B6803F57643AE331A468A
:1038B00006217868FEF780FA00BF0837BD4680BD54
:1038C00080B582B000AF78607B6803F57643AF3394
:1038D0001A4606217868FEF76FFA00BF0837BD4622
:1038E00080BD80B582B000AF78607B6803F5764319
:1038F000B0331A4606217868FEF75EFA00BF083733
:10390000BD4680BD80B582B000AF78607B6803F5AE
:103910007643B1331A4606217868FEF74DFA00BFA8
:103920000837BD4680BD80B582B000AF78607B6847
:1039300003F57643B2331A4606217868FEF73CFA5F
:1039400000BF0837BD4680BD80B584B000AF786049
:103950007B6803F57643A833FB60FB685B7A1BB298
:103960001B021AB2FB689B7A1BB213431BB29BB2B9
:103970001A4606217868FEF741FA00BF1037BD46A7
:1039800080BD80B582B000AF78607B6803F5764378
:10399000AC331A4606217868FEF70EFA00BF0837E6
:1039A000BD4680BD80B582B000AF78607B6803F50E
:1039B0007643AD331A4607217868FEF7FDF900BF5C
:1039C0000837BD4680BD80B582B000AF78607B68A7
:1039D00003F57643AE331A4607217868FEF7ECF913
:1039E00000BF0837BD4680BD80B582B000AF7860AB
:1039F0007B6803F57643AF331A4607217868FEF7F4
:103A0000DBF900BF0837BD4680BD80B582B000AF8E
:103A100078607B6803F57643B0331A4607217868EF
:103A2000FEF7CAF900BF0837BD4680BD80B582B039
:103A300000AF78607B6803F57643B1331A460721FF
:103A40007868FEF7B9F900BF0837BD4680BD80B57C
:103A500082B000AF78607B6803F57643B2331A46D4
:103A600007217868FEF7A8F900BF0837BD4680BD7A
:103A700080B584B000AF78607B6803F57643A833E7
:103A8000FB60FB685B7A1BB21B021AB2FB689B7A75
:103A90001BB213431BB29BB21A4607217868FEF78C
:103AA000ADF900BF1037BD4680BD80B582B000AF14
:103AB00078607B6803F57643AC331A460721786853
:103AC000FEF77AF900BF0837BD4680BD80B582B0E9
:103AD00000AF78607B6803F57643AD331A4600216A
:103AE0007868FEF7E0F900BF0837BD4680BD80B5B5
:103AF00082B000AF78607B6803F57643AE331A4638
:103B000000217868FEF7CFF900BF0837BD4680BDB9
:103B100080B582B000AF78607B6803F57643AF3341
:103B20001A4600217868FEF7BEF900BF0837BD4687
:103B300080BD80B582B000AF78607B6803F57643C6
:103B4000B0331A4600217868FEF7ADF900BF083798
:103B5000BD4680BD80B582B000AF78607B6803F55C
:103B60007643B1331A4600217868FEF79CF900BF0E
:103B70000837BD4680BD80B582B000AF78607B68F5
:103B800003F57643B2331A4600217868FEF78BF9C5
:103B900000BF0837BD4680BD80B584B000AF7860F7
:103BA0007B6803F57643A833FB60FB685B7A1BB246
:103BB0001B021AB2FB689B7A1BB213431BB29BB267
:103BC0001A4600217868FEF78EF900BF1037BD460F
:103BD00080BD80B582B000AF78607B6803F5764326
:103BE000AC331A4600217868FEF75DF900BF08374C
:103BF000BD4680BD80B582B000AF78607B6803F5BC
:103C00007643AD331A4601217868FEF74CF900BFC0
:103C10000837BD4680BD80B582B000AF78607B6854
:103C200003F57643AE331A4601217868FEF73BF977
:103C300000BF0837BD4680BD80B582B000AF786058
:103C40007B6803F57643AF331A4601217868FEF7A7
:103C50002AF900BF0837BD4680BD80B582B000AFED
:103C600078607B6803F57643B0331A4601217868A3
:103C7000FEF719F900BF0837BD4680BD80B582B098
:103C800000AF78607B6803F57643B1331A460121B3
:103C90007868FEF708F900BF0837BD4680BD80B5DB
:103CA00082B000AF78607B6803F57643B2331A4682
:103CB00001217868FEF7F7F800BF0837BD4680BDE0
:103CC00080B584B000AF78607B6803F57643A83395
:103CD000FB60FB685B7A1BB21B021AB2FB689B7A23
:103CE0001BB213431BB29BB21A4601217868FEF740
:103CF000FAF800BF1037BD4680BD80B582B000AF76
:103D000078607B6803F57643AC331A460121786806
:103D1000FEF7C9F800BF0837BD4680BD80B582B048
:103D200000AF78607B6803F57643AD331A46022115
:103D30007868FEF7B8F800BF0837BD4680BD80B58B
:103D400082B000AF78607B6803F57643AE331A46E5
:103D500002217868FEF7A7F800BF0837BD4680BD8E
:103D600080B582B000AF78607B6803F57643AF33EF
:103D70001A4602217868FEF796F800BF0837BD465C
:103D800080BD80B582B000AF78607B6803F5764374
:103D9000B0331A4602217868FEF785F800BF08376D
:103DA000BD4680BD80B582B000AF78607B6803F50A
:103DB0007643B1331A4602217868FEF774F800BFE3
:103DC0000837BD4680BD80B582B000AF78607B68A3
:103DD00003F57643B2331A4602217868FEF763F89A
:103DE00000BF0837BD4680BD80B584B000AF7860A5
:103DF0007B6803F57643A833FB60FB685B7A1BB2F4
:103E00001B021AB2FB689B7A1BB213431BB29BB214
:103E10001A4602217868FEF766F800BF1037BD46E3
:103E200080BD80B582B000AF78607B6803F57643D3
:103E3000AC331A4602217868FEF735F800BF083720
:103E4000BD4680BD80B582B000AF78607B6803F569
:103E50007643AD331A4603217868FEF724F800BF95
:103E60000837BD4680BD80B582B000AF78607B6802
:103E700003F57643AE331A4603217868FEF713F84C
:103E800000BF0837BD4680BD80B582B000AF786006
:103E90007B6803F57643AF331A4603217868FEF753
:103EA00002F800BF0837BD4680BD80B582B000AFC4
:103EB00078607B6803F57643B0331A46032178684F
:103EC000FDF7F1FF00BF0837BD4680BD80B582B069
:103ED00000AF78607B6803F57643B1331A4603215F
:103EE0007868FDF7E0FF00BF0837BD4680BD80B5AC
:103EF00082B000AF78607B6803F57643B2331A4630
:103F000003217868FDF7CFFF00BF0837BD4680BDAD
:103F100080B584B000AF78607B6803F57643A83342
:103F2000FB60FB685B7A1BB21B021AB2FB689B7AD0
:103F30001BB213431BB29BB21A4603217868FDF7EC
:103F4000D2FF00BF1037BD4680BD80B582B000AF44
:103F500078607B6803F57643AC331A4603217868B2
:103F6000FDF7A1FF00BF0837BD4680BD80B582B018
:103F700000AF78607B6803F57643AD331A460421C1
:103F80007868FDF790FF00BF0837BD4680BD80B55B
:103F900082B000AF78607B6803F57643AE331A4693
:103FA00004217868FDF77FFF00BF0837BD4680BD5C
:103FB00080B582B000AF78607B6803F57643AF339D
:103FC0001A4604217868FDF76EFF00BF0837BD462A
:103FD00080BD80B582B000AF78607B6803F5764322
:103FE000B0331A4604217868FDF75DFF00BF08373B
:103FF000BD4680BD80B582B000AF78607B6803F5B8
:104000007643B1331A4604217868FDF74CFF00BFB0
:104010000837BD4680BD80B582B000AF78607B6850
:1040200003F57643B2331A4604217868FDF73BFF67
:1040300000BF0837BD4680BD80B584B000AF786052
:104040007B6803F57643A833FB60FB685B7A1BB2A1
:104050001B021AB2FB689B7A1BB213431BB29BB2C2
:104060001A4604217868FDF73EFF00BF1037BD46B1
:1040700080BD80B582B000AF78607B6803F5764381
:10408000AC331A4604217868FDF70DFF00BF0837EE
:10409000BD4680BD80B582B000AF78607B6803F517
:1040A0007643AD331A4605217868FDF7FCFE00BF64
:1040B0000837BD4680BD80B582B000AF78607B68B0
:1040C00003F57643AE331A4605217868FDF7EBFE1B
:1040D00000BF0837BD4680BD80B582B000AF7860B4
:1040E0007B6803F57643AF331A4605217868FDF700
:1040F000DAFE00BF0837BD4680BD80B582B000AF94
:1041000078607B6803F57643B0331A4605217868FA
:10411000FDF7C9FE00BF0837BD4680BD80B582B03F
:1041200000AF78607B6803F57643B1331A4605210A
:104130007868FDF7B8FE00BF0837BD4680BD80B582
:1041400082B000AF78607B6803F57643B2331A46DD
:1041500005217868FDF7A7FE00BF0837BD4680BD82
:1041600080B584B000AF78607B6803F57643A833F0
:10417000FB60FB685B7A1BB21B021AB2FB689B7A7E
:104180001BB213431BB29BB21A4605217868FDF798
:10419000AAFE00BF1037BD4680BD80B582B000AF1B
:1041A00078607B6803F57643AC331A46052178685E
:1041B000FDF779FE00BF0837BD4680BD80B582B0EF
:1041C00000AF78607B6803F57643AD331A4606216D
:1041D0007868FDF768FE00BF0837BD4680BD80B532
:1041E00082B000AF78607B6803F57643AE331A4641
:1041F00006217868FDF757FE00BF0837BD4680BD31
:1042000080B582B000AF78607B6803F57643AF334A
:104210001A4606217868FDF746FE00BF0837BD46FE
:1042200080BD80B582B000AF78607B6803F57643CF
:10423000B0331A4606217868FDF735FE00BF08370F
:10424000BD4680BD80B582B000AF78607B6803F565
:104250007643B1331A4606217868FDF724FE00BF85
:104260000837BD4680BD80B582B000AF78607B68FE
:1042700003F57643B2331A4606217868FDF713FE3C
:1042800000BF0837BD4680BD80B584B000AF786000
:104290007B6803F57643A833FB60FB685B7A1BB24F
:1042A0001B021AB2FB689B7A1BB213431BB29BB270
:1042B0001A4606217868FDF716FE00BF1037BD4686
:1042C00080BD80B582B000AF78607B6803F576432F
:1042D000AC331A4606217868FDF7E5FD00BF0837C4
:1042E000BD4680BD80B582B000AF78607B6803F5C5
:1042F0007643AD331A4607217868FDF7D4FD00BF39
:104300000837BD4680BD80B582B000AF78607B685D
:1043100003F57643AE331A4607217868FDF7C3FDEF
:1043200000BF0837BD4680BD80B582B000AF786061
:104330007B6803F57643AF331A4607217868FDF7AB
:10434000B2FD00BF0837BD4680BD80B582B000AF6A
:1043500078607B6803F57643B0331A4607217868A6
:10436000FDF7A1FD00BF0837BD4680BD80B582B016
:1043700000AF78607B6803F57643B1331A460721B6
:104380007868FDF790FD00BF0837BD4680BD80B559
:1043900082B000AF78607B6803F57643B2331A468B
:1043A00007217868FDF77FFD00BF0837BD4680BD57
:1043B00080B584B000AF78607B6803F57643A8339E
:1043C000FB60FB685B7A1BB21B021AB2FB689B7A2C
:1043D0001BB213431BB29BB21A4607217868FDF744
:1043E00082FD00BF1037BD4680BD80B582B000AFF2
:1043F00078607B6803F57643AC331A46072178680A
:10440000FDF751FD00BF0837BD4680BD80B489B0BF
:1044100000AF78607B6803F5704393F8FD35FB7758
:104420007B6803F5704393F8E134BB77BB7F03F0FF
:1044300003037B77BB7F03F00403002B14BF01232E
:1044400000233B77BB7F03F04003002B04D03B7F6E
:10445000002B01D0012300E00023FB76BB7F03F09B
:104460002003002B04D07B7F022B01D1012300E02D
:104470000023BB76BB7F03F01003002B04D07B7FAF
:10448000012B01D1012300E000237B76BB7F03F0E9
:104490000803002B04D07B7F002B01D1012300E017
:1044A00000233B76FA7E3B7E1343DAB27B7E1343D6
:1044B000DAB2BB7E1343DBB2002B14BF012300230F
:1044C000FB75FB7F002B1AD1FB7D012B17D17B687D
:1044D00003F57443A0333B610123FB603B690F3359
:1044E0001B785AB2FB68DBB2194601238B405BB2E2
:1044F00013435AB23B690F33D2B21A7000BF7B68C4
:1045000003F570431A46FB7D82F8FD3500BF243762
:10451000BD465DF8047B704790B585B000AF78600C
:104520007B6803F5704393F8E634FB737B6803F50F
:10453000704393F8F235BB73BB7B9F2B1ED8FB7B7C
:104540009BB21B029AB2BB7B9BB213449BB2BC7B57
:1045500019467868F3F7A6F903461A467B682344A0
:1045600003F574431A70BB7B0133BB737B6803F59F
:1045700070431A46BB7B82F8F23512E0BB7BA02B5E
:104580000FD10023BB737B6803F570431A46BB7BD6
:1045900082F8F2357B6803F57043002283F8F42536
:1045A00000BF00BF1437BD4690BD80B48FB000AFD0
:1045B00078607B6803F5704393F8F835002B00F0C2
:1045C000C4807B6803F5704393F8F63587F837307D
:1045D0007B6803F5704393F8F73587F8363097F822
:1045E0003630272B03D897F83730092B16D97B683C
:1045F00003F57043002283F8F8257B6803F57043C8
:104600001A4697F8373082F8F6357B6803F5704321
:104610001A4697F8363082F8F73597E07B6803F54D
:104620007543A0337A68FB62022387F82B307A62E5
:104630007B6A03F5704393F8E0341A4697F82B3001
:1046400042FA03F303F00103002B14BF01230023FC
:10465000DBB2002B01D0102300E0082387F83530AF
:104660007B6803F5704393F8E43487F834307B6853
:1046700003F57543DE337A687B613A6197F836302B
:10468000FB730123BB73FB7B9A00BB7B13443A692A
:10469000134403F574431B7887F833307B6803F5C4
:1046A0007543DE337A683B62FA6197F83630FB7601
:1046B0000023BB76FB7E9A00BB7E1344FA69134449
:1046C00003F574431B7887F8323097F83330002BAA
:1046D00025D097F8343003F1100297F832309A421F
:1046E0001DDB97F8343003F1100297F8321097F879
:1046F00035300B449A4212DA97F83730092B0ED82E
:1047000097F837307A68134403F57543DE3397F82A
:1047100036201A7097F83730013387F8373097F81A
:104720003630013387F836307B6803F570431A461C
:1047300097F8373082F8F6357B6803F570431A46F0
:1047400097F8363082F8F73500E000BF3C37BD46B9
:104750005DF8047B704780B590B000AF78607B68EF
:1047600003F57543A033FB637B68BB63FB6B7B6125
:104770000323FB74BB6BFB60FB6803F5704393F88A
:10478000E0341A46FB7C42FA03F303F00103002BEA
:1047900014BF01230023DBB203F00103002B14BF7D
:1047A0000123002387F83730FB6B3B620423FB7740
:1047B000BB6BBB61BB6903F5704393F8E0341A46E9
:1047C000FB7F42FA03F303F00103002B14BF012324
:1047D0000023DBB203F00103002B14BF01230023ED
:1047E00087F8363097F83730002B02D04FF41C434F
:1047F00001E04FF41843BB86BB6B03F5704393F89D
:10480000E334DB0887F83330FB6B93F8332097F8F9
:1048100033301344DBB203F01F033B86BB6B03F55D
:10482000704393F8E424BB6B03F5704393F8E234D0
:10483000134487F82F3097F82F30DB08DBB203F0F2
:104840001F03BB85BB8D5B019AB2BB8E13449AB22A
:104850003B8E13447B857B8D19467868F3F722F8ED
:1048600003463B850023FB8497F82F3003F00703B2
:1048700087F8253097F83630002B0AD03B8D03F5AA
:104880000063DA0097F8253013449BB25B009BB2BB
:104890000AE03B8D5BB203F51063DA0097F8253030
:1048A00013449BB25B009BB2FB84FB6BFA8C1A86B1
:1048B00000BF4037BD4680BD80B58EB000AF786088
:1048C0007B6803F57543A0337B637B683B637B6B3D
:1048D0003B610623FB733B6BBB60BB6803F5704316
:1048E00093F8E0341A46FB7B42FA03F303F001032A
:1048F000002B14BF01230023DBB203F00103002BC4
:1049000014BF0123002387F82F307B6BFB61042346
:10491000FB763B6B7B617B6903F5704393F8E03476
:104920001A46FB7E42FA03F303F00103002B14BF87
:1049300001230023DBB203F00103002B14BF01238A
:10494000002387F82E3097F82F30002B02D04FF439
:104950001C4301E04FF41843BB857B6B93F8333065
:104960007B857B6B93F86230DB08DBB23B853B8D4C
:104970005B019AB2BB8D13449AB27B8D1344FB84C6
:10498000FB8C19467868F2F78DFF034687F82530CF
:104990007B6B93F8623003F0070387F8243097F8B5
:1049A0002E30002B0BD097F8253003F50063DA008A
:1049B00097F8243013449BB25B009BB20AE097F94E
:1049C000253003F51063DA0097F8243013449BB2C6
:1049D0005B009BB27B847B6B7A8C1A8600BF383776
:1049E000BD4680BD80B5ADF5067D00AF07F5067309
:1049F000A3F50573186007F50673A3F505731B6827
:104A000003F57543A033C7F8103207F50673A3F515
:104A100005731B68C7F80C3207F50673A3F5057319
:104A20001B68C7F80432D7F8043203F57543A03386
:104A3000C7F80032D7F8003293F83230062B00F274
:104A4000CC8201A252F823F0654A0108AD4A010860
:104A5000D94A0108214B0108514B01089D4B01081F
:104A6000CD4B0108D7F8003293F8633087F8FF3157
:104A700097F8FF31D44A52F82330D7F80402984708
:104A8000D7F800323233C7F8F8310023C7F8F431D1
:104A9000D7F8F8311B7887F8F331D7F8F8311B785D
:104AA0000133DAB2D7F8F8311A7096E2D7F800324B
:104AB0003233C7F8EC310023C7F8E831D7F8EC31CE
:104AC0001B7887F8E731D7F8EC311B780133DAB27D
:104AD000D7F8EC311A7080E2D7F800321B8E1946F5
:104AE000D7F80402F2F7DEFE03461A46D7F8003282
:104AF00083F83520D7F800323233C7F8E03100238D
:104B0000C7F8DC31D7F8E0311B7887F8DB31D7F80C
:104B1000E0311B780133DAB2D7F8E0311A705CE289
:104B2000D7F8043203F57543D233C7F8D4310023E4
:104B3000C7F8D031D7F8D4311B7887F8CF31D7F800
:104B4000D4311B780133DAB2D7F8D4311A7044E289
:104B5000D7F800321B8E01339BB21946D7F80402F6
:104B6000F2F7A0FE03461A46D7F8003283F8362043
:104B7000D7F800323233C7F8C8310023C7F8C43140
:104B8000D7F8C8311B7887F8C331D7F8C8311B78FC
:104B90000133DAB2D7F8C8311A701EE2D7F80432FE
:104BA00003F57543D233C7F8BC310023C7F8B831D9
:104BB000D7F8BC311B7887F8B731D7F8BC311B78F0
:104BC0000133DAB2D7F8BC311A7006E2D7F80032F6
:104BD00093F82F30012B40F0FD80D7F8003293F886
:104BE0002E30002B40F0F681D7F800321433D7F87E
:104BF000002292F83510D7F8002292F83620C7F834
:104C0000B0310B4687F8AF31134687F8AE31002339
:104C100087F8AD31002387F8AC31002387F8AB313A
:104C2000D7F8B0319B7E002B0CBF01230023DBB2F1
:104C300087F8AA31654BC7F8A431654BC7F8A03196
:104C400040F26D13C7F89C3197F8AA3183F0010345
:104C5000DBB2002B01D000BFFDE700BF97F8AB31FE
:104C600083F00103DBB2002B53D0002387F89B3184
:104C70004AE097F8AE31DB09DBB25BB25B005AB2B7
:104C800097F8AF31DB09DBB25BB213435AB297F846
:104C90009B31D1B2D7F8B021D15497F89B31D7F8D6
:104CA000B021134497F8AD211A7297F89B31D7F8C9
:104CB000B021134400221A74D7F8B0311B7E5AB2C7
:104CC00097F8AC1197F89B3101FA03F35BB21343E9
:104CD0005BB2DAB2D7F8B0311A7697F8AF315B0031
:104CE00087F8AF3197F8AE315B0087F8AE31D7F86F
:104CF000B0319B7E0133DAB2D7F8B0319A7697F8AB
:104D00009B31013387F89B3197F89B31072BB0D942
:104D100052E0002387F89A314AE097F9AF3103F067
:104D200001035AB297F9AE315B005BB203F00203A4
:104D30005BB213435AB297F89A31D1B2D7F8B02187
:104D4000D15497F89A31D7F8B021134497F8AD2190
:104D50001A7297F89A31D7F8B021134400221A74C6
:104D6000D7F8B0311B7E5AB297F8AC1197F89A3148
:104D700001FA03F35BB213435BB2DAB2D7F8B03196
:104D80001A7697F8AF315B0887F8AF3197F8AE31F4
:104D90005B0887F8AE31D7F8B0319B7E0133DAB2C9
:104DA000D7F8B0319A7697F89A31013387F89A316B
:104DB00097F89A31072BB0D900BFD7F800320022FC
:104DC00083F8322009E100BFD41E02087C9B010851
:104DD0008C9B0108D7F8003293F82E30002B40F05E
:104DE000FB80D7F800321433D7F8002292F8351040
:104DF000D7F8002292F83620C7F894310B4687F88E
:104E00009331134687F89231002387F891310023BC
:104E100087F89031002387F88F31D7F894319B7E43
:104E2000002B0CBF01230023DBB287F88E31814BAE
:104E3000C7F88831804BC7F8843140F26D13C7F84A
:104E4000803197F88E3183F00103DBB2002B01D063
:104E500000BFFDE700BF97F88F3183F00103DBB29D
:104E6000002B53D0002387F87F314AE097F8923126
:104E7000DB09DBB25BB25B005AB297F89331DB0916
:104E8000DBB25BB213435AB297F87F31D1B2D7F895
:104E90009421D15497F87F31D7F89421134497F88F
:104EA00091211A7297F87F31D7F894211344002288
:104EB0001A74D7F894311B7E5AB297F8901197F86C
:104EC0007F3101FA03F35BB213435BB2DAB2D7F876
:104ED00094311A7697F893315B0087F8933197F8FD
:104EE00092315B0087F89231D7F894319B7E013381
:104EF000DAB2D7F894319A7697F87F31013387F890
:104F00007F3197F87F31072BB0D952E0002387F823
:104F10007E314AE097F9933103F001035AB297F9D1
:104F200092315B005BB203F002035BB213435AB2EF
:104F300097F87E31D1B2D7F89421D15497F87E31C9
:104F4000D7F89421134497F891211A7297F87E317B
:104F5000D7F89421134400221A74D7F894311B7E99
:104F60005AB297F8901197F87E3101FA03F35BB2C9
:104F700013435BB2DAB2D7F894311A7697F89331CB
:104F80005B0887F8933197F892315B0887F8923184
:104F9000D7F894319B7E0133DAB2D7F894319A7600
:104FA00097F87E31013387F87E3197F87E31072BF1
:104FB000B0D900BFD7F8003293F833300133DAB2FA
:104FC000D7F8003283F83320D7F80032002283F874
:104FD000322002E000BF00E000BFD7F8103293F8A3
:104FE0006430002B00F0828507F50673A3F5057386
:104FF0001B68C7F87831D7F8783103F57543A033CB
:10500000C7F87431D7F8743193F83730062B00F2B3
:105010006D8501A252F823F03D500108BF520108EE
:10502000115301087F530108D1530108435401086B
:10503000955401087C9B01088C9B0108D7F87831B6
:10504000C7F87031D7F8703103F57543A033C7F84E
:105050006C31D7F87031C7F86831D7F86C313E330E
:10506000C7F86431D7F86C3193F83A301A46D7F85C
:1050700064319B5C87F86331D7F86431C7F85C31E1
:10508000D7F86831C7F8583197F8633187F8573146
:10509000002387F8563197F857319A0097F8563120
:1050A0001344D7F85821134403F574431B7887F849
:1050B0005531D7F8683103F5704393F8E42497F835
:1050C0005531D31ADBB2103387F85431D7F8643135
:1050D000C7F85031D7F86831C7F84C3197F86331C9
:1050E00087F84B31022387F84A3197F84B319A0001
:1050F00097F84A311344D7F84C21134403F574430D
:105100001B7887F84931D7F86C31C7F8443102234E
:1051100087F84331D7F86831C7F83C31D7F83C31CC
:1051200003F5704393F8E0341A4697F8433142FA96
:1051300003F303F00103002B14BF01230023DBB2B0
:10514000002B4AD097F8493123F0010387F8493101
:1051500097F8543103F00803002B14BF01230023F8
:10516000DBB21946D7F86C3193F83A20D7F864319E
:10517000C7F83831D7F86831C7F83431134687F8A3
:105180003331062387F8323197F83331D7F8382195
:10519000D35C9B000333D7F83421134403F57443E5
:1051A0001B7887F8313197F8312197F8323142FA7C
:1051B00003F303F00103002B14BF01230023DBB230
:1051C000994214BF0123002387F8303197F830212A
:1051D00097F84931134387F84931D7F86C3193F880
:1051E0003A20D7F86431C7F82C31D7F86831C7F8BE
:1051F0002831134687F82731062387F8263197F898
:105200002731D7F82C21D35C9B000333D7F8282112
:10521000134403F574431B7887F8253197F825214B
:1052200097F8263142FA03F303F00103002B14BF71
:1052300001230023DBB287F8243197F82431002BB7
:1052400007D097F85431DB43DBB203F00703DBB23E
:1052500004E097F8543103F00703DBB287F82331F9
:1052600097F8493103F50063DA0097F823311344C6
:105270009BB25B00A7F82031D7F86C31B7F820213A
:105280001A8700BFD7F874313733C7F81C3107F5D8
:105290000673A3F5807300221A6007F50673A3F264
:1052A0000113D7F81C2112781A70D7F81C311B781B
:1052B0000133DAB2D7F81C311A7000F017BCD7F8F6
:1052C000743103F1370207F50673A3F584731A608E
:1052D00007F50673A3F5867300221A6007F50673B7
:1052E000A3F20D1307F50672A2F584721268127804
:1052F0001A7007F50673A3F584731B681B780133D6
:10530000DAB207F50673A3F584731B681A70EDE330
:10531000D7F874311B8F1946D7F87801F2F7C2FA23
:1053200003461A46D7F8743183F83B20D7F8743116
:1053300003F1370207F50673A3F58A731A6007F5C0
:105340000673A3F58C7300221A6007F50673A3F2A7
:10535000191307F50672A2F58A72126812781A708C
:1053600007F50673A3F58A731B681B780133DAB25D
:1053700007F50673A3F58A731B681A70B6E3D7F8AE
:10538000743103F1370207F50673A3F590731A60C1
:1053900007F50673A3F5927300221A6007F50673EA
:1053A000A3F2251307F50672A2F59072126812781F
:1053B0001A7007F50673A3F590731B681B78013309
:1053C000DAB207F50673A3F590731B681A708DE3C4
:1053D000D7F874311B8F01339BB21946D7F8780187
:1053E000F2F760FA03461A46D7F8743183F83C2086
:1053F000D7F8743103F1370207F50673A3F59673F6
:105400001A6007F50673A3F5987300221A6007F572
:105410000673A3F2311307F50672A2F596721268AD
:1054200012781A7007F50673A3F596731B681B783C
:105430000133DAB207F50673A3F596731B681A7089
:1054400054E3D7F8743103F1370207F50673A3F577
:105450009C731A6007F50673A3F59E7300221A6009
:1054600007F50673A3F23D1307F50672A2F59C72C9
:10547000126812781A7007F50673A3F59C731B68FF
:105480001B780133DAB207F50673A3F59C731B682A
:105490001A702BE3D7F8743193F83A30194607F5B0
:1054A0000673A3F59F73D7F874210A4492F83E203F
:1054B0001A70D7F8743103F13E01D7F8782107F557
:1054C0000673A3F5A273196007F50673A3F5A47319
:1054D0001A6007F50673A3F2491307F50672A2F5E1
:1054E0009F7212781A7007F50673A3F5A57301224F
:1054F0001A7007F50673A3F249131B789A0007F593
:105500000673A3F5A5731B78134407F50672A2F57D
:10551000A4721268134403F574431A7807F50673EE
:10552000A3F24B131A70D7F8743103F13E01D7F888
:105530007821D7F8743193F83A0007F50673A3F58C
:10554000A873196007F50673A3F5AA731A6007F527
:105550000673A3F2551302461A7007F50673A3F5F6
:10556000AB7305221A7007F50673A3F255131B7867
:1055700007F50672A2F5A8721268D35C9B00DA1CCC
:1055800007F50673A3F2571307F50671A1F5AA7183
:1055900009680A4402F5744212781A7007F5067316
:1055A000A3F257131A7807F50673A3F5AB731B78AC
:1055B00042FA03F303F00103002B14BF012300237D
:1055C000DAB207F50673A3F5AC731A70D7F8743125
:1055D00003F13E01D7F87821D7F8743193F83A00F7
:1055E00007F50673A3F5AE73196007F50673A3F507
:1055F000B0731A6007F50673A3F2611302461A70BE
:1056000007F50673A3F5B17307221A7007F5067341
:10561000A3F261131B7807F50672A2F5AE72126849
:10562000D35C9B00DA1C07F50673A3F2631307F53E
:105630000671A1F5B07109680A4402F57442127846
:105640001A7007F50673A3F263131A7807F5067349
:10565000A3F5B1731B7842FA03F303F00103002BA7
:1056600014BF01230023DAB207F50673A3F5B27362
:105670001A70D7F8743103F13E01D7F87821D7F8C2
:10568000743193F83A0007F50673A3F5B473196003
:1056900007F50673A3F5B6731A6007F50673A3F250
:1056A0006D1302461A7007F50673A3F5B77304224B
:1056B0001A7007F50673A3F26D131B7807F50672CF
:1056C000A2F5B4721268D35C9B00DA1C07F506736E
:1056D000A3F26F1307F50671A1F5B67109680A44C4
:1056E00002F5744212781A7007F50673A3F26F136D
:1056F0001A7807F50673A3F5B7731B7842FA03F31C
:1057000003F00103002B14BF01230023DAB207F5D5
:105710000673A3F5B8731A7007F50673A3F2711335
:1057200007F50672A2F5B87212781A70D7F87421CC
:10573000D7F8743193F83B00D7F8743193F83C10E4
:1057400007F50673A3F5BC731A6007F50673A3F299
:10575000791302461A7007F50673A3F5BD730A465E
:105760001A7007F50673A3F27B1307F50672A2F20F
:105770004B1212781A7007F50673A3F5BE7307F57E
:105780000672A2F2711212781A7007F50673A3F26C
:105790007D1307F50672A2F5B27212781A7007F53A
:1057A0000673A3F5BF7307F50672A2F5AC72127803
:1057B0001A7007F50673A3F27B131B78072B08D822
:1057C00007F50673A3F27B131B78C3F10803DAB263
:1057D00000E0002207F50673A3F27F131A7007F5A5
:1057E0000673A3F5BF731B7883F00103DBB2002BB4
:1057F00020D007F50673A3F279131A7807F506731C
:10580000A3F27F131B789A4007F50673A3F279136E
:105810001A7007F50673A3F5BD731A7807F50673BA
:10582000A3F27F131B789A4007F50673A3F5BD73A7
:105830001A701FE007F50673A3F279131A7807F5BB
:105840000673A3F27F131B781A4107F50673A3F2C0
:1058500079131A7007F50673A3F5BD731A7807F567
:105860000673A3F27F131B781A4107F50673A3F59D
:10587000BD731A7007F50673A3F5C07307F50672BA
:10588000A2F27F1212781A701CE107F50673A3F2D8
:10589000811300221A7007F50673A3F5BF731B78F6
:1058A00083F00103DBB2002B2FD007F50673A3F5BD
:1058B000BD731B78DB09DBB25BB25B005AB207F544
:1058C0000673A3F279131B78DB09DBB25BB21343D7
:1058D0005AB207F50673A3F281131A7007F506731F
:1058E000A3F5BD7307F50672A2F5BD7212785200DA
:1058F0001A7007F50673A3F2791307F50672A2F280
:105900007912127852001A7030E007F50673A3F28C
:10591000791393F9003003F001035AB207F50673C7
:10592000A3F5BD7393F900305B005BB203F0020393
:105930005BB213435AB207F50673A3F281131A70D0
:1059400007F50673A3F5BD7307F50672A2F5BD72E0
:10595000127852081A7007F50673A3F2791307F547
:105960000672A2F27912127852081A7007F50673BD
:10597000A3F5BC731B689A7C07F50673A3F5C07387
:105980001B781344DAB207F50673A3F27F131B7872
:10599000D31ADAB207F50673A3F5C17302F0070252
:1059A0001A7007F50673A3F5BC731B685B7C1A4677
:1059B00007F50673A3F5C1731B7842FA03F303F0EE
:1059C0000103002B0CD007F50673A3F5C1731B78F8
:1059D00007F50672A2F5BC721268D35C002B65D184
:1059E00007F50673A3F5C1731B7807F50672A2F5D8
:1059F000BC72126807F50671A1F281110978D154C1
:105A000007F50673A3F5C1731B7807F50672A2F5B7
:105A1000BC721268134407F50672A2F5BE721278C2
:105A20001A7207F50673A3F5BC731B685B7C5AB248
:105A300007F50673A3F5C1731B78012101FA03F37F
:105A40005BB213435BB2DAB207F50673A3F5BC731E
:105A50001B685A7407F50673A3F5BC731B681B7C9F
:105A60005AB207F50673A3F27D13197807F506738A
:105A7000A3F5C1731B7801FA03F35BB213435BB266
:105A8000DAB207F50673A3F5BC731B681A7407F541
:105A90000673A3F5BC731B68DB7C0133DAB207F530
:105AA0000673A3F5BC731B68DA7400E000BF07F54A
:105AB0000673A3F5C07307F50672A2F5C0721278DB
:105AC00001321A7007F50673A3F5C0731B78072B14
:105AD0007FF6DBAE00BFD7F87431002283F8642074
:105AE000D7F87431002283F8372000BFD7F810327E
:105AF00093F86330002B43D1D7F8103293F861301C
:105B0000002B3DD007F50673A3F5C473D7F8102218
:105B10001A6007F50673A3F2891305221A7007F5B8
:105B20000673A3F5C873D7F80C221A6007F506733D
:105B3000A3F5C8731B6803F5704393F8E0341A4665
:105B400007F50673A3F289131B7842FA03F303F0F7
:105B50000103002B14BF01230023DBB2002B0FD065
:105B6000D7F8103293F85C301A46D7F80C3203F5A8
:105B7000704393F8EB34073B9A4201DB012300E0CA
:105B80000023002B7BD0D7F81032012283F863204A
:105B9000D7F81032012283F85E20D7F810320022A5
:105BA00083F83220D7F81032002283F83420D7F857
:105BB000103203F1140207F50673A3F5CA731A60D5
:105BC00007F50673A3F5CA731B6800229A7607F5DA
:105BD0000673A3F5CA731B689A7E07F50673A3F5CF
:105BE000CA731B685A7607F50673A3F29513002251
:105BF0001A7037E007F50673A3F295131B7807F5C3
:105C00000672A2F5CA7212680021D15407F5067314
:105C1000A3F295131B7807F50672A2F5CA721268F3
:105C2000134400221A7207F50673A3F295131B782A
:105C300007F50672A2F5CA721268134400221A749C
:105C400007F50673A3F5CA731B6800221A7607F5D9
:105C50000673A3F2951307F50672A2F29512127855
:105C600001321A7007F50673A3F295131B78072B00
:105C7000C0D900BFD7F81032002283F833200023A8
:105C800087F81732A8E097F81732D7F81022134494
:105C900093F83E3087F80B32D7F8103203F13E010B
:105CA00007F50673A3F505731A6807F50673A3F5E0
:105CB000CE73196007F50673A3F5D0731A6007F564
:105CC0000673A3F2A11397F80B221A7007F5067357
:105CD000A3F5D17301221A7007F50673A3F2A1137D
:105CE0001B789A0007F50673A3F5D1731B7813444C
:105CF00007F50672A2F5D0721268134403F57443D7
:105D00001B7887F80A32D7F8103293F8563097F894
:105D100017229A4244D297F81732D7F81022134428
:105D200093F8483083F00103DBB2002B38D007F53D
:105D30000673A3F5D473D7F810221A6007F506731B
:105D4000A3F2A91301221A7007F50673A3F5D873FD
:105D5000D7F80C221A6007F50673A3F5D8731B68F1
:105D600003F5704393F8E0341A4607F50673A3F27F
:105D7000A9131B7842FA03F303F00103002B14BFAD
:105D800001230023DBB2002B0AD097F80A22D7F8B0
:105D9000103293F85C3008339A4201DC012300E0B2
:105DA0000023002B13D097F81732D7F81022134492
:105DB000012283F84820D7F8103297F8172283F889
:105DC0003A20D7F81032012283F8642009E097F8CE
:105DD0001732013387F8173297F81732092B7FF6FD
:105DE00052AFD7F8103293F8643083F00103DBB27E
:105DF000002B00F0898307F50673A3F5DA7307F526
:105E00000672A2F5057212681A6007F50673A3F50B
:105E1000DC7207F50673A3F5DA731B6803F57543A7
:105E2000A033136007F50673A3F5DE7307F506725A
:105E3000A2F5DA7212681A6007F50673A3F2BD13B1
:105E400007F50672A2F5DC72126892F85C201A70EF
:105E500007F50673A3F5DF7307F50672A2F5DE7288
:105E6000126802F5704292F8E4241A7007F506737E
:105E7000A3F5E07300221A8007F50673A3F5DC731F
:105E80001B6893F82E30002B00F03A8307F5067359
:105E9000A3F5DC731B6803F1140207F50673A3F581
:105EA000E2731A6007F50673A3F5E2731B689B7E25
:105EB000002B14BF01230023DAB207F50673A3F207
:105EC000C5131A7007F50673A3F5E673994A1A60AD
:105ED00007F50673A3F5E873974A1A6007F506738A
:105EE000A3F5EA734FF4B0721A6007F50673A3F2D4
:105EF000C5131B7883F00103DBB2002B01D000BF78
:105F0000FDE700BF07F50673A3F5E2731B685B7E30
:105F10001A4607F50673A3F5E2731B689A5C07F54A
:105F20000673A3F503731A7007F50673A3F5E273FE
:105F30001B685B7E1A4607F50673A3F5E2731B68C0
:105F400013441A7A07F50673A3F503735A7007F51D
:105F50000673A3F5E2731B685B7E1A4607F50673AA
:105F6000A3F5E2731B6813441A7C07F50673A3F5C7
:105F700003739A7007F50673A3F5E2731B681B7E23
:105F80001A4607F50673A3F5E2731B685B7E42FAB7
:105F900003F303F00103002B14BF01230023DAB243
:105FA00007F50673A3F50373DA7007F50673A3F517
:105FB000E2731B685B7E0133DBB203F00703DAB2E6
:105FC00007F50673A3F5E2731B685A7607F50673A7
:105FD000A3F5E2731B689B7E013BDAB207F50673FB
:105FE000A3F5E2731B689A7607F50673A3F5FA73B7
:105FF00007F50672A2F5037212681A6007F50673B8
:10600000A3F5FE7307F50672A2F5FA7212681A601C
:1060100007F50673A3F5007300221A6007F50673EF
:10602000A3F5DC731B6893F82F30012B12D107F511
:106030000673A3F5DC731B6893F82E30002B40F039
:10604000618207F50673A3F5DC731B68002283F8F1
:106050002F2057E207F50673A3F5DC731B6893F84E
:106060003430002B10D007F50673A3F5DC731B68E2
:1060700093F83430013BDAB207F50673A3F5DC730D
:106080001B6883F834203EE207F50673A3F5DE7340
:106090001B6803F5704393F8E03403F00103002B11
:1060A00005D107F50673A3F5FE7300221A7007F5F4
:1060B0000673A3F5DC731B68DB7C002B00F03A81D0
:1060C00007F50673A3F5DC731A6807F50673A3F5E5
:1060D000EC731A6007F50673A3F5EC731B68DB7CA1
:1060E000002B14BF01230023DAB207F50673A3F2D5
:1060F000D9131A7007F50673A3F5F0730D4A1A60E9
:1061000007F50673A3F5F2730B4A1A6007F50673D9
:10611000A3F5F4734FF4DC721A6007F50673A3F26B
:10612000D9131B7883F00103DBB2002B06D000BF2C
:10613000FDE700BFE49B01088C9B010800BF07F549
:106140000673A3F5EC731B685B7C1A4607F50673B0
:10615000A3F5EC731B689B7C42FA03F303F0010286
:1061600007F50673A3F2E913002A14BF01220022E7
:106170001A7007F50673A3F5027300221A6007F57B
:106180000673A3F2E9131B78002B00F0B48007F527
:106190000673A3F5EC731B689B7C1A4607F5067320
:1061A000A3F5EC731B689A5C07F50673A3F50273FD
:1061B0001A7007F50673A3F5EC731B689B7C1A46EF
:1061C00007F50673A3F5EC731B6813441A7A07F5F9
:1061D0000673A3F502735A7007F50673A3F5EC7303
:1061E0001B681B7C1A4607F50673A3F5EC731B6846
:1061F0009B7C42FA03F303F00103002B14BF01233D
:106200000023DAB207F50673A3F50273DA7007F517
:106210000673A3F5EC731B689B7C1A4607F506739F
:10622000A3F5EC731B680021995407F50673A3F5D9
:10623000EC731B689B7C1A4607F50673A3F5EC7399
:106240001B68134400221A7207F50673A3F5EC735A
:106250001B681B7C5AB207F50673A3F5EC731B6829
:106260009B7C194601238B405BB2DB435BB213403E
:106270005BB2DAB207F50673A3F5EC731B681A7408
:1062800007F50673A3F5EC731B685B7C5AB207F540
:106290000673A3F5EC731B689B7C194601238B40A6
:1062A0005BB2DB435BB213405BB2DAB207F5067355
:1062B000A3F5EC731B685A7407F50673A3F5EC732A
:1062C0001B689B7C0133DBB203F00703DAB207F5EE
:1062D0000673A3F5EC731B689A7407F50673A3F5B0
:1062E000EC731B68DB7C013BDAB207F50673A3F5A0
:1062F000EC731B68DA7407F50673A3F5FC7307F5F6
:106300000672A2F5027212681A6007F50673A3F509
:10631000017307F50672A2F5FC7212681A6007F5A0
:106320000673A3F5007307F50672A2F501721268F1
:106330001A6011E007F50673A3F5007300221A70C6
:1063400007F50673A3F500730022DA7007F50673EC
:10635000A3F5007300225A7007F50673A3F50073C6
:106360001B78002B12D007F50673A3F50073DB78BA
:1063700083F00103DBB2002B06D107F50673A3F50A
:10638000FE731B78002B01D1012200E0002207F5EB
:106390000673A3F5F5731A7007F50673A3F5DA73A0
:1063A0001B6803F57043D3F8CC36012B7BD007F57F
:1063B0000673A3F5F5731B7883F00103DBB2002BA2
:1063C00030D007F50673A3F2EB1307F50672A2F5BA
:1063D000DE72126802F5704292F8E7241A7007F52F
:1063E0000673A3F2EB131A7807F50673A3F5FE7391
:1063F0001B785B0042FA03F3DAB207F50673A3F5E4
:10640000F67302F003021A7007F50673A3F5F6732C
:106410001A7807F50673A3F5E0733E4931F81220A8
:106420001A8040E007F50673A3F500735B78002B34
:1064300009D007F50673A3F5DE731B6803F57043F7
:1064400093F8E93408E007F50673A3F5DE731B68DB
:1064500003F5704393F8E83407F50672A2F2ED12E3
:10646000137007F50673A3F2ED131A7807F5067398
:10647000A3F500731B785B0042FA03F3DAB207F569
:106480000673A3F5F77302F003021A7007F506739B
:10649000A3F5F7731A7807F50673A3F5E0731D49A2
:1064A00031F812201A8007F50673A3F5DF731A7806
:1064B00013469B0013445B011A4607F50673A3F2CB
:1064C000BD131B781A4407F50673A3F5DE731B682A
:1064D00007F50671A1F5E071098823F8121007F598
:1064E0000673A3F5DC731B6893F85C300133DAB2F2
:1064F00007F50673A3F5DC731B6883F85C2002E0E4
:1065000000BF00E000BF00BF00BF07F50677BD4633
:1065100080BD00BFCC1E020880B584B000AF78609B
:106520000B46FB704FF4077002F0B8FCF860FB6894
:10653000002B09D17B68D3F8D4227B68B0320021CC
:1065400043F822100223D4E04FF407720021F868C8
:1065500002F004FE7B68D3F8D4227B68B032F9687D
:1065600043F822107B68D3F8D4227B68B03253F80A
:1065700022207B68C3F8BC227B681B7C002B38D1AF
:106580005E4B19784FF400730222786802F063FBC7
:106590005A4B1B7803F00F02796813469B00134493
:1065A0009B000B44233301221A70554B19784FF48A
:1065B00000730222786802F04EFB514B1B7803F007
:1065C0000F02796813469B0013449B000B4403F2AF
:1065D000631301221A704B4B1B7803F00F0279688A
:1065E00013469B0013449B000B441C3310221A607B
:1065F00035E0424B197840230222786802F02BFBE9
:106600003E4B1B7803F00F02796813469B0013443E
:106610009B000B44233301221A70394B1978402315
:106620000222786802F017FB354B1B7803F00F024B
:10663000796813469B0013449B000B4403F26313D9
:1066400001221A702F4B1B7803F00F027968134652
:106650009B0013449B000B441C3310221A60294BEF
:10666000197808230322786802F0F5FA254B1B7885
:1066700003F00F02796813469B0013449B000B4400
:10668000233301221A70FB680022C3F804227B68BE
:10669000D3F8D4327A68B0339B0013445B681B682C
:1066A0009847FB680022C3F81422FB680022C3F855
:1066B0001822FB68D3F80432002B01D1022318E022
:1066C0007B681B7C002B0AD10D4B1978FB68D3F833
:1066D00004224FF40073786802F0ACFB08E0084B2A
:1066E0001978FB68D3F804224023786802F0A2FBF3
:1066F000002318461037BD4680BD00BF9308002018
:10670000940800209508002080B582B000AF786022
:106710000B46FB703A4B1B781946786802F0C1FAB9
:10672000374B1B7803F00F02796813469B00134424
:106730009B000B44233300221A70324B1B781946FE
:10674000786802F0AEFA2F4B1B7803F00F027968DD
:1067500013469B0013449B000B4403F26313002277
:106760001A70294B1B781946786802F09AFA264B62
:106770001B7803F00F02796813469B0013449B00BB
:106780000B44233300221A701F4B1B7803F00F02B7
:10679000796813469B0013449B000B441C33002272
:1067A0001A607B68D3F8D4227B68B03253F8223069
:1067B000002B1FD07B68D3F8D4327A68B0339B00AB
:1067C00013445B685B6898477B68D3F8D4227B6886
:1067D000B03253F82230184602F06EFB7B68D3F8D3
:1067E000D4227B68B032002143F822107B6800225B
:1067F000C3F8BC22002318460837BD4680BD00BF41
:1068000093080020940800209508002080B586B0E9
:1068100000AF786039607B68D3F8D4227B68B032EF
:1068200053F822303B6100237B7300237B810023DC
:10683000FB753B69002B01D10323BFE03B681B784C
:1068400003F06003002B50D0202B40F0AF803B685A
:10685000DB88002B3AD03B681B785BB2002B1BDA3D
:106860007B68D3F8D4327A68B0339B0013445B68FA
:106870009B683A68507839693A68D28898473B688B
:10688000DB88072B28BF0723FB813B69FA89194660
:10689000786801F0A9FD90E03B685A783B6983F87D
:1068A00000223B68DB883F2B03D83B68DB88DAB2E9
:1068B00000E040223B6983F8012239693B6993F883
:1068C00001321A46786801F0BEFD76E07B68D3F8A5
:1068D000D4327A68B0339B0013445B689B683A6893
:1068E000507800223968984767E03B685B780B2B4B
:1068F00051D801A252F823F029690108A5690108BD
:106900009769010897690108976901089769010863
:106910009769010897690108976901089769010853
:10692000536901087D6901087B6893F89C32DBB2EA
:10693000032B07D107F10A0302221946786801F0F8
:1069400053FD32E03968786801F0D1FC0323FB7510
:106950002BE07B6893F89C32DBB2032B07D107F165
:106960000D0301221946786801F03EFD1DE03968EB
:10697000786801F0BCFC0323FB7516E07B6893F894
:106980009C32DBB2032B0FD03968786801F0AFFC82
:106990000323FB7508E03968786801F0A8FC03233D
:1069A000FB7502E000BF08E000BF06E039687868C8
:1069B00001F09DFC0323FB7500BFFB7D18461837D3
:1069C000BD4680BD80B584B000AF78600B46FB70DB
:1069D0007B68D3F8C832FB607B68D3F8D4227B682D
:1069E000B03253F82230002B01D1032365E07B68DD
:1069F000D3F8D4227B68B03253F82230BB60FB78E6
:106A000003F00F02796813469B0013449B000B446C
:106A100014331B68002B2FD0FB7803F00F0279682A
:106A200013469B0013449B000B4414331A68FB78F5
:106A300003F00F01F8680B46DB000B449B00034496
:106A40001C331B68B2FBF3F101FB03F3D31A002BD9
:106A500012D1FB7803F00F02796813469B001344B0
:106A60009B000B44143300221A60F97800230022A3
:106A7000786802F0BEF91FE0BB680022C3F8142258
:106A80007B68D3F8D4327A68B0339B0013445B68D8
:106A90001B69002B10D07B68D3F8D4327A68B033EE
:106AA0009B0013445B681B69BA68D2F80802BA6895
:106AB00002F50471FA789847002318461037BD464E
:106AC00080BD80B584B000AF78600B46FB707B68FA
:106AD000D3F8D4227B68B03253F82230FB607B6855
:106AE000D3F8D4227B68B03253F82230002B01D186
:106AF00003231AE0FB781946786802F0BCF90246D5
:106B0000FB68C3F80C227B68D3F8D4327A68B033C0
:106B10009B0013445B68DB68FA68D2F80402FA68E9
:106B200002F5037211469847002318461037BD46F8
:106B300080BD80B584B000AF78607B68D3F8D42284
:106B40007B68B03253F82230FB60FB68002B01D128
:106B5000032324E07B68D3F8D4327A68B0339B00F7
:106B600013445B68002B19D0FB6893F80032FF2BAD
:106B700014D07B68D3F8D4327A68B0339B001344C6
:106B80005B689B68FA6892F80002F968FA6892F804
:106B900001229847FB68FF2283F800220023184651
:106BA0001037BD4680BD000080B586B000AF78606C
:106BB0008221184800F062FD78610121154800F03B
:106BC0005DFD38618121134800F058FDF8607B6954
:106BD000002B02D07B6910229A713B69002B06D0F2
:106BE0003B69002242F040021A7100225A71FB6890
:106BF000002B06D0FB68002242F040021A710022EE
:106C00005A717B6843221A80024B18461837BD46DA
:106C100080BD00BF5008002080B586B000AF78600E
:106C20008221184800F02AFD78610121154800F002
:106C300025FD38618121134800F020FDF8607B6953
:106C4000002B02D07B6910229A713B69002B06D081
:106C50003B6900221A71002242F002025A71FB685D
:106C6000002B06D0FB6800221A71002242F00202BB
:106C70005A717B6843221A80024B18461837BD466A
:106C800080BD00BF5008002080B586B000AF78609E
:106C90008221184800F0F2FC78610121154800F0CB
:106CA000EDFC38618121134800F0E8FCF8607B6955
:106CB000002B02D07B6910229A713B69002B06D011
:106CC0003B69002242F040021A7100225A71FB68AF
:106CD000002B06D0FB68002242F040021A7100220D
:106CE0005A717B6843221A80024B18461837BD46FA
:106CF00080BD00BF5008002080B483B000AF786032
:106D00007B680A221A80034B18460C37BD465DF893
:106D1000047B70470C08002080B483B000AF78601B
:106D200039603B68002B01D1032309E07B68D3F86D
:106D3000D4327A68B0339B0013443A685A60002317
:106D400018460C37BD465DF8047B704780B487B0A9
:106D500000AFF860B9607A60FB68D3F8D422FB68B2
:106D6000B03253F822307B617B69002B01D10323C1
:106D700008E07B69BA68C3F808227B697A68C3F8BF
:106D80001022002318461C37BD465DF8047B70476F
:106D900080B485B000AF786039607B68D3F8D422C6
:106DA0007B68B03253F82230FB60FB68002B01D1C6
:106DB000032304E0FB683A68C3F804220023184662
:106DC0001437BD465DF8047B7047000080B584B081
:106DD00000AF78607B68D3F8D4227B68B03253F878
:106DE0002230BB600123FB73BB68002B01D103235E
:106DF00025E0BB68D3F81432002B1FD1BB680122F9
:106E0000C3F81422104B1B7803F00F02BB68D3F8B1
:106E10001012786813469B0013449B0003441433FC
:106E20001960094B1978BB68D3F80822BB68D3F8FE
:106E30001032786801F0DDFF0023FB73FB7B1846FE
:106E40001037BD4680BD00BF9308002080B584B0D8
:106E500000AF78607B68D3F8D4227B68B03253F8F7
:106E60002230FB607B68D3F8D4227B68B03253F8C1
:106E70002230002B01D1032318E07B681B7C002B00
:106E80000AD10C4B1978FB68D3F804224FF4007335
:106E9000786801F0CFFF08E0064B1978FB68D3F85B
:106EA00004224023786801F0C5FF002318461037FC
:106EB000BD4680BD9408002080B586B000AFF86064
:106EC000B9601346FB71FB68002B01D103231FE05F
:106ED000FB680022C3F8B822FB680022C3F8C42272
:106EE000FB680022C3F8D022BB68002B03D0FB68EC
:106EF000BA68C3F8B422FB68012283F89C22FB68BD
:106F0000FA791A70F86801F03FFE0346FB75FB7DC5
:106F100018461837BD4680BD80B584B000AF786094
:106F200039600023FB813B68002B01D1032325E05E
:106F30007B683A68C3F8B8227B68D3F8D4227B68B0
:106F4000AE3253F82230DB6A002B0FD07B68D3F8C7
:106F5000D4227B68AE3253F82230DB6A07F10E028E
:106F60001046984702467B68C3F8D0227B68D3F866
:106F7000D8325A1C7B68C3F8D82200231846103731
:106F8000BD4680BD80B582B000AF7860786801F002
:106F900047FE034618460837BD4680BD80B483B01F
:106FA00000AF7860002318460C37BD465DF8047BBF
:106FB000704780B584B000AF78600B46FB7000234B
:106FC000FB737B68D3F8B832002B09D07B68D3F809
:106FD000B8321B68FA781146786898470346FB7305
:106FE000FB7B18461037BD4680BD80B584B000AF2E
:106FF00078600B46FB700023FB737B68D3F8B832D4
:107000005B68FA781146786898470346002B01D0F0
:107010000323FB73FB7B18461037BD4680BD80B54C
:1070200084B000AF786039607B6803F2AA233968C6
:10703000184601F022F97B680122C3F894227B688C
:10704000B3F8B0321A467B68C3F898227B6893F88D
:10705000AA3203F01F03022B1AD0022B22D8002BD6
:1070600002D0012B0AD01DE07B6803F2AA23194647
:10707000786800F077FB0346FB7320E07B6803F23F
:10708000AA231946786800F0DFFB0346FB7316E07D
:107090007B6803F2AA231946786800F041FC034696
:1070A000FB730CE07B6893F8AA3223F07F03DBB21A
:1070B0001946786801F014FE0346FB7300BFFB7BA2
:1070C00018461037BD4680BD80B586B000AFF86069
:1070D0000B467A60FB720023FB75FB7A002B77D19D
:1070E000FB6803F5AA733B61FB68D3F89432032B6A
:1070F00040F0A1803B695B683A69928993421CD950
:107100003B695B683A6992899A1A3B695A603B69A4
:107110001B693A6992891A443B691A613B6919698A
:107120003B699B891A463B695B68934238BF1346AB
:107130001A46F86801F0A8F97DE0FB6893F8AA32D6
:1071400003F01F03022B14D0022B1DD8002B02D0FA
:10715000012B03D018E00023BB7518E0FB68B3F8DF
:10716000AE32DBB21946F86800F06EFA0346BB7522
:107170000DE0FB68B3F8AE32DBB21946F86800F0F8
:1071800070FA0346BB7502E00023BB7500BFBB7DF0
:10719000002B19D1FB6893F89C32DBB2032B13D17F
:1071A000BA7DFB68AE3253F822301B69002B0BD03E
:1071B000BA7DFB68C3F8D422BA7DFB68AE3253F8BF
:1071C00022301B69F8689847F86801F06EF932E0E0
:1071D000FB7A03F07F03DBB21946F86800F041FA4E
:1071E0000346BB75BB7DFF2B25D0BB7D002B22D179
:1071F000FB6893F89C32DBB2032B17D1BA7DFB6896
:10720000AE3253F822309B69002B0FD0BA7DFB6859
:10721000C3F8D422BA7DFB68AE3253F822309B69A2
:10722000FA7A1146F86898470346FB75FB7D002BF8
:1072300001D0FB7D00E0002318461837BD4680BD15
:1072400080B586B000AFF8600B467A60FB72FB7ABF
:10725000002B78D1FB6814333B61FB68D3F8943280
:10726000022B63D13B695B683A69928993421CD9CE
:107270003B695B683A6992899A1A3B695A603B6933
:107280001B693A6992891A443B691A613B69196919
:107290003B695B681A46F86801F0C4F800230022D5
:1072A0000021F86801F0C6FD40E03B699B891A4661
:1072B0003B695B689A421CD13B691B683A699289B9
:1072C000934216D33B691A68FB68D3F898329A4206
:1072D0000FD200220021F86801F0A4F8FB68002218
:1072E000C3F89822002300220021F86801F0A2FDD3
:1072F0001CE0FB6893F89C32DBB2032B0FD1FB68D8
:10730000D3F8B832DB68002B09D0FB680022C3F841
:10731000D422FB68D3F8B832DB68F868984780213C
:10732000F86801F0DDFCF86801F0D2F8FB6893F82A
:10733000A032002B3AD0F868FFF730FEFB6800223D
:1073400083F8A02232E0FB7A63F07F03DBB21946B8
:10735000F86800F086F90346FB75FB7DFF2B25D00E
:10736000FB7D002B22D1FB6893F89C32DBB2032B10
:107370001CD1FA7DFB68AE3253F822305B69002BDA
:1073800014D0FA7DFB68C3F8D422FA7DFB68AE32D4
:1073900053F822305B69FA7A1146F8689847034639
:1073A000BB75BB7D002B01D0BB7D00E000231846E0
:1073B0001837BD4680BD80B584B000AF786000232B
:1073C000FB737B68012283F89C227B680022C3F850
:1073D00094227B6800225A607B680022C3F8A422B2
:1073E0007B68002283F8A0227B68D3F8B832002B98
:1073F00014D07B68D3F8B8325B68002B0ED07B6862
:10740000D3F8B8325B687A685268D2B211467868AD
:1074100098470346002B01D00323FB73402300222F
:107420000021786801F017FC7B68012283F8632152
:107430007B684022A3F860214023002280217868E5
:1074400001F009FC7B68012283F823207B6840223D
:107450001A84FB7B18461037BD4680BD80B483B0CC
:1074600000AF78600B46FB707B68FA781A740023D3
:1074700018460C37BD465DF8047B704780B483B076
:1074800000AF78607B6893F89C32DBB2042B06D0A7
:107490007B6893F89C32DAB27B6883F89D227B6824
:1074A000042283F89C22002318460C37BD465DF861
:1074B000047B704780B483B000AF78607B6893F83A
:1074C0009C32DBB2042B06D17B6893F89D32DAB292
:1074D0007B6883F89C22002318460C37BD465DF874
:1074E000047B704780B582B000AF78607B6893F80A
:1074F0009C32DBB2032B10D17B68D3F8B832002B5F
:107500000BD07B68D3F8B832DB69002B05D07B68E1
:10751000D3F8B832DB6978689847002318460837F3
:10752000BD4680BD80B582B000AF78600B46FB7071
:107530007B68D3F8D4227B68AE3253F82230002B1C
:1075400001D103231CE07B6893F89C32DBB2032B50
:1075500015D17B68D3F8D4227B68AE3253F8223041
:107560001B6A002B0BD07B68D3F8D4227B68AE3229
:1075700053F822301B6AFA7811467868984700233E
:1075800018460837BD4680BD80B582B000AF786030
:107590000B46FB707B68D3F8D4227B68AE3253F87D
:1075A0002230002B01D103231CE07B6893F89C322E
:1075B000DBB2032B15D17B68D3F8D4227B68AE32C3
:1075C00053F822305B6A002B0BD07B68D3F8D422AF
:1075D0007B68AE3253F822305B6AFA7811467868DD
:1075E0009847002318460837BD4680BD80B483B055
:1075F00000AF7860002318460C37BD465DF8047B69
:10760000704780B584B000AF78600023FB737B685F
:10761000012283F89C227B68D3F8B832002B0ED06D
:107620007B68D3F8B8325B687A685268D2B2114688
:10763000786898470346002B01D00323FB73FB7B3C
:1076400018461037BD4680BD80B483B000AF786067
:107650000B46FB70002318460C37BD465DF8047BD3
:10766000704780B483B000AF78600B46FB70002396
:1076700018460C37BD465DF8047B704780B586B070
:1076800000AF78600B46FB707B687B617B68FB60BA
:1076900000233B61FB685B889BB2FA6812789342D7
:1076A0001FD9FB681B787B8113E007F10A03194699
:1076B000786900F01BF878617B695B78052B08D14D
:1076C0007B693B613B699B78FA789A4208D000233A
:1076D0003B61FB685B889AB27B899A42E5D800E0FF
:1076E00000BF3B6918461837BD4680BD80B485B0E1
:1076F00000AF786039607B68FB603B681B88FA6884
:10770000127813449AB23B681A80FB681B781A46B9
:107710007B681344FB60FB6818461437BD465DF870
:10772000047B704780B487B000AF78607B687B6172
:107730007B691B787B827B6901337B617B691B786A
:107740003B82B7F910301B021AB2B7F9123013435B
:107750001BB2FB81FB8918461C37BD465DF8047BD4
:107760007047000080B584B000AF786039600023B6
:10777000FB733B681B7803F06003402B05D0402B64
:1077800057D8002B0FD0202B53D17B68D3F8D422AD
:107790007B68AE3253F822309B6839687868984726
:1077A0000346FB734AE03B685B78092B3BD801A298
:1077B00052F823F0097801081D780108277801089C
:1077C0001378010827780108E7770108DD770108B9
:1077D00027780108FF770108F17701083968786890
:1077E00000F03EFA24E03968786800F0A3FB1FE05F
:1077F0003968786800F0E2FB0346FB7318E03968EB
:10780000786800F085FC13E03968786800F0B6FC11
:107810000EE03968786800F0E5FC09E039687868BE
:1078200000F009FD04E03968786800F060FD00BFF1
:1078300004E03968786800F05AFD00BFFB7B184609
:107840001037BD4680BD00BF80B584B000AF786002
:1078500039600023FB733B681B7803F06003402B07
:1078600005D0402B52D8002B01D0202B4ED17B6865
:1078700093F89C32DBB2013B022B40D83B689B88DB
:10788000DBB2012B36D83B689B88DBB2194678689F
:10789000FFF7DAFE0346BB73BB7BFF2B1DD0BB7B20
:1078A000002B1AD1BA7B7B68AE3253F822309B682A
:1078B000002B0FD0BA7B7B68C3F8D422BA7B7B68DD
:1078C000AE3253F822309B6839687868984703468F
:1078D000FB7304E00323FB7301E00323FB733B68AA
:1078E000DB88002B10D1FB7B002B0DD1786800F0DA
:1078F000DCFD09E03968786800F0F9FC04E03968DB
:10790000786800F0F4FC00E000BF04E039687868B3
:1079100000F0EDFC00BFFB7B18461037BD4680BD74
:1079200080B584B000AF786039600023FB733B689A
:107930009B88BB733B681B7803F06003402B07D028
:10794000402B00F28181002B2AD0202B40F07C813B
:10795000BB7B19467868FFF784FE03467B737B7B0D
:10796000FF2B00F076817B7B002B40F072817A7BCD
:107970007B68C3F8D4227A7B7B68AE3253F822301E
:107980009B68002B00F065817A7B7B68AE3253F8F0
:1079900022309B683968786898470346FB7358E142
:1079A0003B685B78032B08D0032B00F34781002B47
:1079B00000F09B80012B3CD040E17B6893F89C3227
:1079C000DBB2022B02D0032B16D02CE0BB7B002BAA
:1079D0000DD0BB7B802B0AD0BB7B1946786801F0A9
:1079E0007FF98021786801F07BF900BF20E03968D9
:1079F000786800F07CFC1BE03B685B88002B0ED1B4
:107A0000BB7B002B0BD0BB7B802B08D03B68DB887B
:107A1000002B04D1BB7B1946786801F061F97868C6
:107A200000F043FD04E03968786800F060FC00BFB6
:107A300009E17B6893F89C32DBB2022B02D0032B66
:107A400016D04BE0BB7B002B0DD0BB7B802B0AD02C
:107A5000BB7B1946786801F043F98021786801F012
:107A60003FF900BF40E03968786800F040FC3BE037
:107A70003B685B88002B36D1BB7B03F07F03002B78
:107A800004D0BB7B1946786801F049F9786800F0AA
:107A90000CFDBB7B19467868FFF7E3FD03467B735B
:107AA0007B7BFF2B1FD07B7B002B1CD17A7B7B68E1
:107AB000C3F8D4227A7B7B68AE3253F822309B68BD
:107AC000002B10D07A7B7B68AE3253F822309B6853
:107AD0003968786898470346FB7304E0396878682A
:107AE00000F005FC00E000BFADE07B6893F89C323D
:107AF000DBB2022B02D0032B33D099E0BB7B002BEF
:107B000007D0BB7B802B04D03968786800F0EFFB8E
:107B100093E097F90E30002B0BDABB7B03F07F026A
:107B200013469B0013449B0010337A6813440433BC
:107B30000BE0BB7B03F07F0213469B0013449B00CA
:107B400003F5A8737A6813440433BB60BB68002252
:107B50009A73BB680E3302221946786800F044FC21
:107B60006BE097F90E30002B11DABB7B03F00F02AC
:107B7000796813469B0013449B000B4423331B7806
:107B8000002B17D13968786800F0B1FB55E0BB7B5A
:107B900003F00F02796813469B0013449B000B44CB
:107BA00003F263131B78002B04D13968786800F066
:107BB0009EFB42E097F90E30002B0BDABB7B03F003
:107BC0007F0213469B0013449B0010337A681344D2
:107BD00004330BE0BB7B03F07F0213469B0013448E
:107BE0009B0003F5A8737A6813440433BB60BB7B26
:107BF000002B02D0BB7B802B03D1BB6800229A7381
:107C00000EE0BB7B1946786801F0A8F80346002B0C
:107C100003D0BB6801229A7302E0BB6800229A730A
:107C2000BB680E3302221946786800F0DDFB04E0E1
:107C30003968786800F05BFB00BF04E03968786859
:107C400000F055FB00BF05E03968786800F04FFB95
:107C500000E000BFFB7B18461037BD4680BD00002A
:107C600080B584B000AF7860396000233B81002389
:107C7000FB600023FB723B685B881B0A9BB2013BE5
:107C8000062B00F2288101A252F823F0A97C0108FA
:107C9000C17C0108017D0108D77E0108D77E01085B
:107CA000777E0108A37E01087B68D3F8B4321B6895
:107CB0007A68127C07F1080110469847F86012E1D3
:107CC0007B681B7C002B0DD17B68D3F8B8329B6A94
:107CD00007F1080210469847F860FB68013302225A
:107CE0001A7000E17B68D3F8B832DB6A07F108024A
:107CF00010469847F860FB68013302221A70F2E0E0
:107D00003B685B88DBB2052B00F2AC8001A252F825
:107D100023F000BF2D7D0108617D0108957D0108DC
:107D2000C97D0108FD7D0108317E01087B68D3F81B
:107D3000B4325B68002B0BD07B68D3F8B4325B683D
:107D40007A68127C07F1080110469847F86091E0C4
:107D50003968786800F0CBFAFB7A0133FB7289E06E
:107D60007B68D3F8B4329B68002B0BD07B68D3F8C8
:107D7000B4329B687A68127C07F108011046984774
:107D8000F86077E03968786800F0B1FAFB7A01337F
:107D9000FB726FE07B68D3F8B432DB68002B0BD04A
:107DA0007B68D3F8B432DB687A68127C07F108018B
:107DB00010469847F8605DE03968786800F097FAF7
:107DC000FB7A0133FB7255E07B68D3F8B4321B6950
:107DD000002B0BD07B68D3F8B4321B697A68127C15
:107DE00007F1080110469847F86043E03968786861
:107DF00000F07DFAFB7A0133FB723BE07B68D3F83D
:107E0000B4325B69002B0BD07B68D3F8B4325B696A
:107E10007A68127C07F1080110469847F86029E05B
:107E20003968786800F063FAFB7A0133FB7221E06D
:107E30007B68D3F8B4329B69002B0BD07B68D3F8F6
:107E4000B4329B697A68127C07F1080110469847A2
:107E5000F8600FE03968786800F049FAFB7A01337E
:107E6000FB7207E03968786800F041FAFB7A013369
:107E7000FB7200BF37E07B681B7C002B09D17B685D
:107E8000D3F8B8325B6B07F1080210469847F860E8
:107E900029E03968786800F02AFAFB7A0133FB722E
:107EA00021E07B681B7C002B0DD17B68D3F8B832B6
:107EB0001B6B07F1080210469847F860FB68013316
:107EC00007221A700FE03968786800F010FAFB7A20
:107ED0000133FB7207E03968786800F008FAFB7A32
:107EE0000133FB7200BFFB7A002B1ED13B68DB889D
:107EF000002B16D03B89002B0ED03B68DA883B89DB
:107F0000934228BF13469BB23B813B891A46F968CE
:107F1000786800F069FA09E03968786800F0E7F9F4
:107F200004E0786800F0C1FA00E000BF1037BD46F9
:107F300080BD00BF80B584B000AF786039603B6819
:107F40009B88002B31D13B68DB88002B2DD13B680F
:107F50005B887F2B29D83B685B88DBB203F07F030B
:107F6000FB737B6893F89C32DBB2032B04D1396836
:107F7000786800F0BCF91DE07B68FA7B83F89E22EC
:107F8000FB7B1946786800F015FF786800F08DFAE1
:107F9000FB7B002B04D07B68022283F89C2209E043
:107FA0007B68012283F89C2204E03968786800F03D
:107FB0009EF900BF00BF1037BD4680BD80B584B0BC
:107FC00000AF786039600023FB733B685B88DAB2EE
:107FD0004E4B1A704D4B1B78012B05D939687868C8
:107FE00000F085F903238CE07B6893F89C32DBB2C8
:107FF000022B02D0032B29D075E0444B1B78002BB9
:1080000020D0424B1B781A467B685A603F4B1B7846
:1080100019467868FEF7CDFF0346FB73FB7B002B08
:1080200008D03968786800F062F97B68022283F82A
:108030009C2265E0786800F038FA7B68032283F8B8
:108040009C225DE0786800F030FA59E02F4B1B78F5
:10805000002B12D17B68022283F89C222B4B1B78C9
:108060001A467B685A60294B1B7819467868FEF7D8
:10807000BCFF786800F019FA42E0244B1B781A46DE
:108080007B685B689A422AD07B685B68DBB21946E2
:108090007868FEF7AAFF1D4B1B781A467B685A606A
:1080A0001A4B1B7819467868FEF783FF0346FB736B
:1080B000FB7B002B0FD03968786800F018F97B68DB
:1080C0005B68DBB219467868FEF78FFF7B68022297
:1080D00083F89C2214E0786800F0E7F910E07868F3
:1080E00000F0E3F90CE03968786800F000F9074B1C
:1080F0001B7819467868FEF778FF0323FB7300BFEF
:10810000FB7B18461037BD4680BD00BF6CC1012007
:1081100080B582B000AF786039603B68DB88012BA6
:1081200004D03968786800F0E2F823E07B6893F8BF
:108130009C32DBB2022B02DC002B03DC15E0032BAC
:108140000BD012E07B6800229A607B680833012222
:108150001946786800F048F90CE07B680433012286
:108160001946786800F040F904E03968786800F052
:10817000BEF800BF00BF0837BD4680BD80B582B0E5
:1081800000AF786039607B6893F89C32DBB2013BCA
:10819000022B1ED83B68DB88022B04D03968786834
:1081A00000F0A5F81AE07B680122DA607B68D3F85A
:1081B000A432002B05D07B68DB6843F002027B68A9
:1081C000DA607B680C3302221946786800F00CF9FB
:1081D00004E03968786800F08AF800BF00BF08370B
:1081E000BD4680BD80B582B000AF786039603B6825
:1081F0005B88012B07D17B680122C3F8A422786831
:1082000000F053F913E03B685B88022B0BD13B680D
:108210009B881B0A9BB2DAB27B6883F8A02278683D
:1082200000F043F903E03968786800F060F800BFB7
:108230000837BD4680BD80B582B000AF7860396038
:108240007B6893F89C32DBB2013B022B0BD83B6876
:108250005B88012B0CD17B680022C3F8A4227868CC
:1082600000F023F904E03968786800F040F800E095
:1082700000BF00BF0837BD4680BD80B584B000AFE9
:10828000786039603B68FB60FB681A787B681A701D
:10829000FB680133FB60FB681A787B685A70FB68E7
:1082A0000133FB60F868FFF73DFA03461A467B6826
:1082B0005A80FB680133FB60FB680133FB60F868A0
:1082C000FFF730FA03461A467B689A80FB68013351
:1082D000FB60FB680133FB60F868FFF723FA034695
:1082E0001A467B68DA8000BF1037BD4680BD80B576
:1082F00082B000AF786039608021786800F0F0FCCF
:108300000021786800F0ECFC00BF0837BD4680BD56
:1083100080B586B000AFF860B9607A600023FB7565
:10832000FB68002B42D0FB683B61386900F042F8E3
:10833000034601335B00B3F5007F08D8386900F0CD
:1083400039F8034601339BB25B009AB201E04FF467
:1083500000727B681A80FB7DBA6813447A681278D1
:108360001A70FB7D0133FB75FB7DBA681344032251
:108370001A70FB7D0133FB7513E0FB7DBA68134473
:108380003A6912781A703B6901333B61FB7D013316
:10839000FB75FB7DBA68134400221A70FB7D013324
:1083A000FB753B691B78002BE7D100E000BF183755
:1083B000BD4680BD80B485B000AF78600023FB73FC
:1083C0007B68BB6005E0FB7B0133FB73BB6801335B
:1083D000BB60BB681B78002BF5D1FB7B18461437BC
:1083E000BD465DF8047B704780B584B000AFF8608F
:1083F000B9607A60FB680222C3F89422FB687A684D
:108400005A61FB68BA685A62FB687A689A617B684D
:10841000BA680021F86800F0ECFC00231846103719
:10842000BD4680BD80B584B000AFF860B9607A60A9
:108430007B68BA680021F86800F0DBFC002318466E
:108440001037BD4680BD80B584B000AFF860B9601C
:108450007A60FB680322C3F89422FB687A68C3F849
:108460005421FB68BA68C3F86421FB687A68C3F8D2
:1084700058217B68BA680021F86800F0DBFC002313
:1084800018461037BD4680BD80B584B000AFF86097
:10849000B9607A607B68BA680021F86800F0CAFCAD
:1084A000002318461037BD4680BD80B582B000AFAE
:1084B00078607B680422C3F8942200230022002104
:1084C000786800F096FC002318460837BD4680BD4A
:1084D00080B582B000AF78607B680522C3F8942233
:1084E000002300220021786800F0A4FC0023184635
:1084F0000837BD4680BD000080B500AF002212499C
:108500001248FEF7D9FC0346002B01D0E8F7AAF980
:108510000F490E48FEF700FD0346002B01D0E8F797
:10852000A1F90C490948FEF7F7FB0346002B01D0DF
:10853000E8F798F90548FEF725FD0346002B01D022
:10854000E8F790F900BF80BDAC08002070C10120A1
:10855000180800209808002080B500AF00220549C7
:108560000548FEF7F3FB05490348FEF711FC00231D
:10857000184680BD4CCC012070C101204CC40120A4
:1085800080B400AF00231846BD465DF8047B7047F9
:1085900080B483B000AF03463960FB711346BB80E3
:1085A000FB79232B4AD801A252F823F03D8601081B
:1085B0003D8601083D8601083D8601083D8601088B
:1085C0003D8601083D8601083D8601083D8601087B
:1085D0003D8601083D8601083D8601083D8601086B
:1085E0003D8601083D8601083D8601083D8601085B
:1085F0003D8601083D8601083D8601083D8601084B
:108600003D8601083D8601083D8601083D8601083A
:108610003D8601083D8601083D8601083D8601082A
:108620003D8601083D8601083D8601083D8601081A
:108630003D8601083D8601083D86010800BF0023F4
:1086400018460C37BD465DF8047B704780B582B094
:1086500000AF786039603B681B6819467868E8F7B6
:108660005DFA79680548FEF793FB0448FEF7EEFBD8
:10867000002318460837BD4680BD00BF70C10120E9
:1086800080B584B000AF78600B467B800023FB731D
:108690000D4BD3F8BC32BB60BB68D3F81432002B4F
:1086A00001D001230BE07B881A4679680648FEF763
:1086B0004DFB0548FEF78AFB0346FB73FB7B184620
:1086C0001037BD4680BD00BF70C1012080B487B0A7
:1086D00000AFF860B9601346FB710023FB7597F992
:1086E000173018461C37BD465DF8047B7047000004
:1086F00080B483B000AF03463960FB713B6812223F
:108700001A80034B18460C37BD465DF8047B704752
:10871000C808002080B483B000AF03463960FB7105
:108720003B6804221A80034B18460C37BD465DF89F
:10873000047B7047DC08002080B582B000AF0346A0
:108740003960FB71FB79002B05D13A68074908486D
:10875000FFF7DEFD04E03A6804490548FFF7D8FD5D
:10876000024B18460837BD4680BD00BF4CD40120DF
:10877000F49B010880B582B000AF03463960FB71FD
:108780003A6804490448FFF7C3FD024B184608370E
:10879000BD4680BD4CD401200C9C010880B582B040
:1087A00000AF03463960FB713B681A221A8000F063
:1087B00043F8024B18460837BD4680BDE00800204C
:1087C00080B582B000AF03463960FB71FB79002BA6
:1087D00005D13A6807490848FFF79AFD04E03A686E
:1087E00004490548FFF794FD024B18460837BD467B
:1087F00080BD00BF4CD40120209C010880B582B010
:1088000000AF03463960FB71FB79002B05D13A6854
:1088100007490848FFF77CFD04E03A680449054829
:10882000FFF776FD024B18460837BD4680BD00BFF6
:108830004CD401202C9C010880B584B000AF0F4BB4
:108840001B68FB600E4B1B68BB600E4B1B687B609C
:10885000FA687B681344FB60FB68002B09D0082290
:108860000949F86800F014F804220849B86800F0D3
:108870000FF800BF1037BD4680BD00BF107AFF1F44
:10888000147AFF1F187AFF1FE2080020F208002068
:1088900080B487B000AFF860B9601346FB71002365
:1088A000FB750023FB7527E0FB681B0F092B0BD81A
:1088B000FB681B0FDAB2FB7D5B001946BB680B44FB
:1088C0003032D2B21A700AE0FB681B0FDAB2FB7DBD
:1088D0005B001946BB680B443732D2B21A70FB6892
:1088E0001B01FB60FB7D5B000133BA68134400226F
:1088F0001A70FB7D0133FB75FA7DFB799A42D3D365
:1089000000BF00BF1C37BD465DF8047B7047000008
:1089100080B58AB000AF786007F1140300221A60B6
:108920005A609A60DA601A617B681B68B3F1A04FE5
:108930003AD100233B611E4B1B6B1D4A43F00103E0
:1089400013631B4B1B6B03F001033B613B694FF44B
:10895000C0537B610223BB610023FB6103233B62A5
:108960000A237B6207F1140319461248E8F7E2FA7A
:108970000F4B5B6B0E4A43F0800353630023FB6095
:108980000B4B5B6C0A4A43F480435364084B5B6CAB
:1089900003F48043FB60FB68002200214320E8F7DA
:1089A00092FA4320E8F7ABFA00BF2837BD4680BDF6
:1089B000003802400000024080B582B000AF78600D
:1089C0007B68D3F8E0247B6803F29C431946104689
:1089D000FEF725FB00BF0837BD4680BD80B582B0DD
:1089E00000AF78600B46FB707B68D3F8E004FA7840
:1089F00079681346DB0013449B000B4403F518739E
:108A00001A68FB781946FEF75FFB00BF0837BD46C2
:108A100080BD80B582B000AF78600B46FB707B688C
:108A2000D3F8E004FA7879681346DB0013449B001E
:108A30000B4420331A68FB781946FEF701FC00BF8F
:108A40000837BD4680BD80B582B000AF78607B68D6
:108A5000D3F8E0341846FEF745FD00BF0837BD46A1
:108A600080BD80B584B000AF78600123FB737B6864
:108A7000DB79022B01D0E7F7F5FE7B68D3F8E03411
:108A8000FA7B11461846FEF7E9FC7B68D3F8E03420
:108A90001846FEF790FC00BF1037BD4680BD0000B1
:108AA00080B582B000AF78607B68D3F8E0341846B8
:108AB000FEF7E4FC7B681B6803F560631B687A685B
:108AC000126802F5606243F0010313607B68DB7A91
:108AD000002B05D0044B1B69034A43F006031361C6
:108AE00000BF0837BD4680BD00ED00E080B582B014
:108AF00000AF78607B68D3F8E0341846FEF7DAFC04
:108B000000BF0837BD4680BD80B582B000AF786039
:108B10000B46FB707B68D3F8E034FA7811461846B0
:108B2000FEF732FD00BF0837BD4680BD80B582B07C
:108B300000AF78600B46FB707B68D3F8E034FA78BE
:108B400011461846FEF7EEFC00BF0837BD4680BD53
:108B500080B582B000AF78607B68D3F8E034184607
:108B6000FEF744FD00BF0837BD4680BD80B582B02A
:108B700000AF78607B68D3F8E0341846FEF741FD1B
:108B800000BF0837BD4680BD80B582B000AF7860B9
:108B90007B681B78002B3CD1204A7B68C2F8E0340C
:108BA0007B681E4AC3F8C8221C4B4FF0A0421A60D3
:108BB0001A4B04221A71194B0222DA71174B002248
:108BC0009A71164B02225A72144B00229A72134B5E
:108BD0000022DA72114B00221A73104B00229A7392
:108BE0000E4B0022DA730D48E8F728FB0346002BF2
:108BF00001D0E7F737FE80210848E9F754FD40220D
:108C000000210648E9F708FD802201210348E9F721
:108C100003FD002318460837BD4680BD4CD6012011
:108C200080B584B000AF78600023FB730023BB7372
:108C30007B68D3F8C8321846E8F70FFC0346FB738D
:108C4000FB7B184600F042F90346BB73BB7B18461A
:108C50001037BD4680BD80B584B000AF786008464F
:108C600011461A460346FB700B46BB7013463B8009
:108C70000023FB730023BB737B68D3F8C802BB7867
:108C80003A88F978E9F7E3F80346FB73FB7B18466B
:108C900000F01CF90346BB73BB7B18461037BD467A
:108CA00080BD80B584B000AF78600B46FB700023B8
:108CB000FB730023BB737B68D3F8C832FA78114684
:108CC0001846E9F72EF90346FB73FB7B184600F0C4
:108CD000FDF80346BB73BB7B18461037BD4680BD0D
:108CE00080B584B000AF78600B46FB700023FB7347
:108CF0000023BB737B68D3F8C832FA781146184654
:108D0000E9F7E6F90346FB73FB7B184600F0DEF853
:108D10000346BB73BB7B18461037BD4680BD80B58C
:108D200084B000AF78600B46FB700023FB73002318
:108D3000BB737B68D3F8C832FA7811461846E9F756
:108D40002AFA0346FB73FB7B184600F0BFF8034684
:108D5000BB73BB7B18461037BD4680BD80B485B061
:108D600000AF78600B46FB707B68D3F8C832FB60BD
:108D700097F90330002B0BDAFB7803F07F02F968D8
:108D80001346DB0013449B000B4416331B780BE0A7
:108D9000FB7803F07F02F9681346DB0013449B0065
:108DA0000B4403F256231B7818461437BD465DF872
:108DB000047B704780B584B000AF78600B46FB70D1
:108DC0000023FB730023BB737B68D3F8C832FA78A7
:108DD00011461846E9F717F80346FB73FB7B184664
:108DE00000F074F80346BB73BB7B18461037BD46D2
:108DF00080BD80B586B000AFF8607A603B600B46FE
:108E0000FB720023FB750023BB75FB68D3F8C80217
:108E1000F97A3B687A68E9F721F90346FB75FB7D2F
:108E2000184600F053F80346BB75BB7D184618374B
:108E3000BD4680BD80B586B000AFF8607A603B600B
:108E40000B46FB720023FB750023BB75FB68D3F850
:108E5000C802F97A3B687A68E9F7ADF80346FB7512
:108E6000FB7D184600F032F80346BB75BB7D184603
:108E70001837BD4680BD80B582B000AF78600B4624
:108E8000FB707B68D3F8C832FA7811461846E9F7C8
:108E9000CDF8034618460837BD4680BD80B483B080
:108EA00000AF7860034B18460C37BD465DF8047B75
:108EB000704700BF30DB012080B483B000AF786022
:108EC00000BF0C37BD465DF8047B704780B485B0A9
:108ED00000AF0346FB710023FB73FB79032B17D80C
:108EE00001A252F823F000BFF98E0108FF8E01089D
:108EF000058F01080B8F01080023FB730BE0032390
:108F0000FB7308E00123FB7305E00323FB7302E01E
:108F10000323FB7300BFFB7B18461437BD465DF887
:108F2000047B704700F002B800F002B800F02AB8E5
:108F3000012838BF012010B50446204600F01AF879
:108F400000B110BD00F006F808B900F00BF880473A
:108F5000F3E70000024B1868BFF35B8F704700BF58
:108F600050DD012008B5062000F028F90120E7F7C0
:108F700011FD0000024B0146186800F02DB800BF3B
:108F8000FC080020024B0146186800F07DB900BFC4
:108F9000FC08002070B50F4E0C463168054611B92B
:108FA00000F028F930602146284600F023F9431CE0
:108FB00003D14FF0FF34204670BDC41C24F00304DD
:108FC000A042F8D0211A284600F014F90130F2D15D
:108FD000EFE700BF54DD01202DE9F843CD1C25F05B
:108FE000030508350C2D38BF0C25002D064601DB86
:108FF000A94204D90C2333600020BDE8F883DFF8D0
:10900000D48000F069F8D8F800301C4644BB2946EB
:109010003046FFF7BFFF431C044658D1D8F8004044
:109020002746002F43D1002C4BD0236839463046C9
:1090300004EB030900F0DEF8814542D121686D1A86
:1090400029463046FFF7A6FF01303AD023682B446B
:109050002360D8F800305A6862BBC8F800700FE08F
:109060002268521B20D40B2A17D96119A34225600C
:1090700018BF5960636808BFC8F8001062514B60A0
:10908000304600F02FF804F10B00231D20F00700FC
:10909000C21A1CBF1B1AA350AFE76268A3420CBFE1
:1090A000C8F800205A60EBE723466468AEE73C4608
:1090B0007F68B6E71A465B68A342FBD10023536082
:1090C000DEE70C233360304600F00CF894E70560CF
:1090D000D6E700BF58DD0120014800F0C5B800BF49
:1090E00098DE0120014800F0C0B800BF98DE0120E2
:1090F0000CB430B5184B0C1E1D689DB008DA8B23DC
:109100002B604FF0FF301DB0BDE8304002B070471B
:109110004FF40273ADF814304FF000031B9314BFEB
:1091200004F1FF332346049307934FF6FF73029035
:109130000690ADF81630209A21AB02A9284601937B
:1091400000F048F9431CBCBF8B232B60002CDAD005
:10915000029B00221A70D6E7FC0800200244034656
:10916000934200D1704703F8011BF9E71F2938B576
:1091700005460C4604D9162303604FF0FF3038BD76
:10918000C26B12B152F821304BB9284600F030F8CA
:10919000224601462846BDE8384000F017B8012BAA
:1091A0000AD0591C03D1162303600120E7E70021F0
:1091B00042F82410204698470020E0E7024B014681
:1091C0001868FFF7D3BF00BFFC08002038B5074D73
:1091D00000230446084611462B60E7F7CBFB431CEF
:1091E00002D12B6803B1236038BD00BF94DE01209B
:1091F000E7F7B8BB38B5064D0023044608462B6098
:10920000E7F7D4FB431C02D12B6803B1236038BDC0
:1092100094DE0120014B1868704700BFFC08002055
:1092200070B50D4D0D4C641BA4100026A64209D14B
:109230000B4D0C4C00F0A6FB641BA4100026A642AC
:1092400005D170BD55F8043B98470136EEE755F857
:10925000043B98470136F2E7181F0208181F02085E
:10926000181F0208201F0208704770470A449142E5
:1092700000F1FF3300D1704710B511F8014B03F82E
:10928000014F9142F9D110BD38B50546002941D0B2
:1092900051F8043C0C1F002BB8BFE418FFF71CFF6B
:1092A0001D4A136833B9636014602846BDE838402E
:1092B000FFF718BFA34208D9206821188B4201BFCD
:1092C00019685B6809182160EDE71A465B680BB105
:1092D000A342FAD911685018A0420BD1206801446A
:1092E000501883421160E0D118685B6853600844ED
:1092F0001060DAE702D90C232B60D6E7206821182A
:109300008B4204BF19685B68636004BF0918216061
:109310005460CAE738BD00BF58DD01202DE9F04791
:109320008E681F46BE420B6882460C4690462DD87A
:10933000B1F90C2012F4906F26D06569096905EB2C
:109340004505A3EB010905EBD5757B1C4B446D105E
:109350009D4238BF1D46530527D52946FFF73CFEE1
:10936000064660B321694A46FFF780FFA38923F4CC
:10937000906343F08003A381266165614E44A5EBB1
:1093800009052660A5603E46BE4200D93E462068DB
:109390003246414600F0A6FAA3689B1BA3602368EF
:1093A000334423600020BDE8F0872A4600F0B4FA79
:1093B00006460028E0D121695046FFF765FF0C23DF
:1093C000CAF80030A38943F04003A3814FF0FF3077
:1093D000E9E700002DE9F04F98468B891B069DB008
:1093E00007460D46144610D50B6973B94021FFF7A7
:1093F000F3FD2860286130B90C233B604FF0FF304B
:109400001DB0BDE8F08F40236B610023099320233A
:109410008DF82930CDF80C803023DFF89C818DF851
:109420002A304FF0010923469A4613F8012B0AB15E
:10943000252AF9D1BAEB040B0BD05B46224629460C
:109440003846FFF76BFF013000F0A780099A5A44B5
:1094500009929AF80030002B00F09F8000234FF013
:10946000FF32CDE905230AF1010A049307938DF831
:1094700053301A935446052214F8011B4E48E6F760
:10948000B7FE049AD8B9D00644BF20238DF85330D4
:10949000110744BF2B238DF853309AF800302A2B44
:1094A00015D0079A544600204FF00A0C214611F8B7
:1094B000013B303B092B4BD9B0B1079214E0A0EB34
:1094C000080309FA03F313430493A246D2E7039B6C
:1094D000191D1B680391002BBBBF5B4242F00202C7
:1094E00007930793B8BF049223782E2B0AD1637891
:1094F0002A2B32D1039B1A1D1B68039243EAE373A4
:1095000002340593DFF8C0A0217803225046E6F725
:109510006FFE38B1049BA0EB0A0040228240134347
:109520000134049314F8011B24488DF828100622F6
:10953000E6F75EFE002836D0214B1BBB039B0733AA
:1095400023F0070308330393099B334409936AE725
:109550000CFB02320C460120A8E7002301340593DE
:1095600019464FF00A0C204610F8012B303A092A10
:1095700003D9002BC6D00591C4E70CFB012104469A
:109580000123F0E703AB00932A460E4B04A93846AB
:10959000AFF30080421C0646D6D1AB895B063FF58F
:1095A0002DAF09982CE703AB00932A46054B04A97D
:1095B000384600F079F8EDE7DC1E0208E61E0208E6
:1095C000000000001D930108E21E02082DE9F0478B
:1095D000164698468A680B69DDF820909342B8BF1A
:1095E0001346336091F8432007460C460AB1013315
:1095F00033602368990642BF3368023333602568BD
:1096000015F0060506D104F1190AE36832689B1AC1
:10961000AB4226DC94F843302268003B18BF01239C
:1096200092062BD404F1430241463846C847013024
:109630001ED02368226903F00603042B02BFE568ED
:109640003368ED1AA3680CBF25EAE575002593423F
:10965000C4BF9B1AED1800261A34B5421AD1002057
:1096600008E00123524641463846C847013003D13D
:109670004FF0FF30BDE8F0870135C6E7E1185A1C0E
:10968000302081F84300224494F8451082F84310BA
:109690000233C7E70123224641463846C847013016
:1096A000E6D00136D9E700002DE9FF470F7E0C9E7A
:1096B000782F914680460C469A4601F1430207D81E
:1096C000622F0AD8002F00F0D180582F00F0B88008
:1096D00004F1420684F842703AE0A7F16303152BC7
:1096E000F6D801A151F823F04197010855970108D8
:1096F000D1960108D1960108D1960108D1960108AA
:1097000055970108D1960108D1960108D196010814
:10971000D1960108539801087F9701080D98010818
:10972000D1960108D196010875980108D1960108D3
:109730007F970108D1960108D19601081598010874
:1097400033681A1D1B68326004F1420684F8423007
:1097500001239CE033682068191D3160060601D59D
:109760001D6803E04506FBD5B3F90050002D03DA70
:109770002D236D4284F8433058480A2311E02168B4
:109780003368080653F8045B02D4490648BFADB2FB
:109790006F2F5248336014BF0A230823002184F836
:1097A00043106668A660002E05DB21682E4321F079
:1097B000040121604BD01646B5FBF3F103FB1157B2
:1097C000C75D06F8017D2F46BB420D46F4D9082B34
:1097D0000BD12368DF0708D5236961689942DEBF92
:1097E000302306F8013C06F1FF36921B2261CDF8CA
:1097F00000A04B4603AA21464046FFF7E7FE013092
:109800004AD14FF0FF3004B0BDE8F087236843F041
:10981000200323603248782784F845702368316834
:109820001F0651F8045B02D45F0648BFADB2316039
:10983000D90744BF43F0200323601DB11023ADE7D7
:109840002648E9E7236823F020032360F6E716465D
:10985000BDE7336825686169181D30602E061B68F6
:1098600001D5196002E06806FBD519800023236149
:109870001646BCE733681A1D32601E686268002114
:109880003046E6F7B5FC08B1801B60606368236171
:10989000002384F84330AAE723693246494640460C
:1098A000D0470130ADD023689B0713D4E068039BF9
:1098B0009842B8BF1846A6E70123324649464046BB
:1098C000D04701309DD00135E36803995B1AAB4264
:1098D000F2DCEBE7002504F11906F5E7ED1E0208BE
:1098E000FE1E0208884210B501EB020402D9844230
:1098F000234607D8431EA14208D011F8012B03F8D4
:10990000012FF8E7024401468A4200D110BD13F846
:10991000014D02F8014DF7E72DE9F04107461446E5
:109920000D4621B9BDE8F0411146FFF755BB2AB9F4
:10993000FFF7AAFC25462846BDE8F08100F01AF89A
:109940008442064602D8B4EB500FF4D8214638467C
:10995000FFF742FB804608B94546ECE7B442224691
:10996000294628BF3246FFF781FC29463846FFF7D3
:109970008BFCF1E751F8043C181F002BBCBF0B58BF
:10998000C0187047F8B500BFF8BC08BC9E467047C9
:0C999000F8B500BFF8BC08BC9E4670474C
:10999C0048656C6C6F2066726F6D2053544D33327A
:1099AC000D0A0000534F465457415245205245531F
:1099BC0045540D0A0000000057494E444F5720579C
:1099CC0041544348444F472052455345540D0A00D7
:1099DC00494E444550454E44454E542057415443FE
:1099EC0048444F472052455345540D0A000000008F
:1099FC0050494E2052455345540D0A0042524F5780
:109A0C004E4F55542052455345540D0A000000004A
:109A1C00504F5745522052455345540D0A000000F3
:109A2C004E4F204B4E4F574E2052455345542046D7
:109A3C004C41470D0A000000310D0A00320D0A009E
:109A4C00524F4D2053495A453A20256C750D0A004A
:109A5C00330D0A00340D0A00484152444641554C1E
:109A6C00540D0A004D454D4D414E4147450D0A00E0
:109A7C004255534641554C540D0A0000555341472D
:109A8C00454641554C540D0A000000004552524FBA
:109A9C00523A20436865636B73756D20646F657310
:109AAC006E2774206D6174636821202569202D2038
:109ABC00726F6D3A202569202D2063616C63756C83
:109ACC00617465640A0000004552524F523A2047B7
:109ADC006C6F62616C20436865636B73756D206499
:109AEC006F65736E2774206D61746368212025691E
:109AFC00202D20726F6D3A202569202D2063616C1A
:109B0C0063756C617465640A000000004552524F25
:109B1C00523A204661696C656420746F20416C6C0C
:109B2C006F63617465205352414D2120436F7272F3
:109B3C00757074656420726F6D2068656164657200
:109B4C00210A00004552524F522120426164206884
:109B5C00656164657221204E6F2073756368206D9A
:109B6C00626320657869737473210A000F0F00001B
:109B7C00746F74616C5F73697A65203D3D203000B1
:109B8C00433A2F55736572732F4D616E616E736816
:109B9C002050616E6465792F53544D333243756296
:109BAC00654944452F776F726B73706163655F31E4
:109BBC002E31392E302F47616D65426F795F4F6EB4
:109BCC005F53544D33322F47616D65426F792F4986
:109BDC006E632F67622E6800746F74616C5F7369BB
:109BEC007A65203E2030000053544D3332205669A4
:109BFC00727475616C20436F6D506F72740000004D
:109C0C0053544D6963726F656C656374726F6E69E2
:109C1C006373000043444320436F6E666967000022
:109C2C0043444320496E74657266616365000000AD
:109C3C0000000000000000000102030406070809F0
:109C4C00C30C020000000000C30C02FFFFFFFFFF6B
:109C5C00FFFFFFFFFFFFFFFFFFFFFFFFFFFFFFFF08
:109C6C00FFFFFFFFFFFFFFFF87E15F1600195E2379
:109C7C0056D5E1E9FFFFFFFFFFFFFFFFFFFFFFFFEF
:109C8C00C37E01FFFFFFFFFFC3BE26FFFFFFFFFFE9
:109C9C00C3BE26FFFFFFFFFFC35B00F5E5D5C5CDB7
:109CAC006B003E01E0CCC1D1E1F1D9F0CDEF7800F1
:109CBC009F00A400BA00EA27F0E1FE072808FE0680
:109CCC00C83E06E0E1C9F001FE5520083E29E0CB74
:109CDC003E011808FE29C03E55E0CBAFE002C9F0AA
:109CEC0001E0D0C9F001E0D0F0CBFE29C8F0CFE004
:109CFC00013EFFE0CF3E80E002C9F001E0D0F0CBA6
:109D0C00FE29C8F0CFE001FBCD980A3E80E002C9E5
:109D1C00F0CDFE02C0AFE00FFBC9FFFFFFFFFFFF5E
:109D2C00FFFFFFFFFFFFFFFFFFFFFFFFFFFFFFFF37
:109D3C00FFFFFFFFFFFFFFFFFFFFFFFFFFFFFFFF27
:109D4C0000C35001CEED6666CC0D000B037300838F
:109D5C00000C000D0008111F8889000EDCCC6EE68B
:109D6C00DDDDD999BBBB67636E0EECCCDDDC999F56
:109D7C00BBB9333E54455452495300000000000017
:109D8C00000000000000000000000001010A16BFE6
:109D9C00C30C02CDE329F041E60320FA46F041E67C
:109DAC000320FA7EA0C97B8627227A8E27223E00CA
:109DBC008E27773E01E0E0D03E99323277C9F5C567
:109DCC00D5E5F0CEA72812F0CBFE29200CAFE0CEC3
:109DDC00F0CFE0012102FF3681CDE021CDCC23CDA7
:109DEC00B723CD9E23CD8C23CD7D23CD6E23CD5F8C
:109DFC0023CD5023CD4123CD3223CD2323CDF822A7
:109E0C00CDE922CDDA22CDCB22CDBC22CDAD22CDD7
:109E1C009E22CDD71ECDB6FFCDCA18FACEC0A7282C
:109E2C001AF098FE032014216D98CD3B243E01E0DE
:109E3C00E0216D9CCD3B24AFEACEC021E2FF34AFD4
:109E4C00E043E0423CE085E1D1C1F1D9AF21FFDF35
:109E5C000E100600320520FC0D20F93E01F3E00F38
:109E6C00E0FFAFE042E043E0A4E041E001E0023E6D
:109E7C0080E040F044FE9420FA3E03E0403EE4E0F3
:109E8C0047E0483EC4E0492126FF3E80323EFF3287
:109E9C0036773E01EA002031FFCFAF21FFDF06000D
:109EAC00320520FC21FFCF0E100600320520FC0DE0
:109EBC0020F921FF9F0E20AF0600320520FC0D205B
:109ECC00F921FFFE0600320520FC21FEFF06803240
:109EDC000520FC0EB6060C217F2A2AE20C0520FA7E
:109EEC00CD9527CDF37F3E09E0FF3E37E0C03E1C09
:109EFC00E0C13E24E0E13E80E040FBAFE00FE04AF1
:109F0C00E04BE006CDA629CDF802CDF07FF080E63F
:109F1C000FFE0FCA1B0221A6FF06027EA7280135E1
:109F2C002C0520F7F0C5A728043E09E0FFF085A713
:109F3C0028FBAFE085C3C402F0E1EFCE1BE21C446A
:109F4C00127B12061D261DAE03790444148C1407D3
:109F5C001AC01D161F1F1F2515B0147B15BF152900
:109F6C00167A16EB16131977062C072508E4083118
:109F7C000BEB0CD20A320D230E1211990D8A0ECE58
:109F8C001D411E690393036711E611FC111C12C7D6
:109F9C0005F705B31205132413511367137E13B57C
:109FAC0013E5131B13A003EA27CD2028CDD72711C7
:109FBC00074ACDEB27CD8A172100C31150641A2212
:109FCC00137CFEC420F83ED3E0403EFAE0A63E25CA
:109FDC00E0E1C9F0A6A7C03EFAE0A63E35E0E1C933
:109FEC00F081A72004F0A6A7C03E06E0E1C9CD2071
:109FFC0028AFE0E9E098E09CE09BE0FBE09FE0E329
:10A00C00E0C7CD9322CD5126CDD7272100C83E2FB6
:10A01C00227CFECC20F82101C8CDA926210CC8CD6C
:10A02C00A9262141CA060C3E8E220520FC116F4B3D
:10A03C00CDEB27CD8A172100C036802C36102C365C
:10A04C00583E03EAE8DF3ED3E0403E07E0E13E7DC8
:10A05C00E0A63E04E0C6F0E4A7C03E13E0C6C93E4D
:10A06C0037E0C03E09E0C2AFE0C5E0B0E0EDE0EAA9
:10A07C003E62E0EB3EB0E0ECF0E4FE023E02201A61
:10A08C003E77E0C03E09E0C33E02E0C43E63E0EB35
:10A09C003EB0E0EC3E11E0B03E01E0E43E0AE0E10F
:10A0AC00CD2028CDAD2711D74CCDEB27CD8A173E2F
:10A0BC00D3E040C93EFFE0E9C9F0A6A7200A21C6BB
:10A0CC00FF35289B3E7DE0A6CD980A3E55E0013E2B
:10A0DC0080E002F0CCA7280AF0CBA7203AAFE0CC66
:10A0EC001867F08147F0C5CB502048CB602053CB8C
:10A0FC00682054CB58C8A73E08282C78FE08C0F01E
:10A10C00CBFE2928123E29E0013E81E002F0CCA7CB
:10A11C0028FBF0CBA728323E2AE0E1AFE0A6E0C254
:10A12C00E0C3E0C4E0E4C9F5F080CB7F2802E0F4A2
:10A13C00F118E6EE01E0C5A73E1028023E60EA01E8
:10A14C00C0C9A7C0AF18ECA7C8AF18E9F0E4A7C8FE
:10A15C00CD980AAFE0013E80E002F081CB5F280D84
:10A16C003E33E0013E81E0023E06E0E1C921B0FF52
:10A17C00F0E4FE0206102802061D7EB8C03E06E082
:10A18C00E1C9F0E4A7C8F0E9FEFFC8F0EAA728058A
:10A19C003DE0EA181CF0EB67F0EC6F2A47F0EDA8F5
:10A1AC00A0E08178E0ED2AE0EA7CE0EB7DE0EC18C1
:10A1BC0003AFE081F080E0EEF0EDE080C9AFE0EDC0
:10A1CC0018EFC9F0E4A7C8F0E9FEFFC0F08047F033
:10A1DC00EDB82819F0EB67F0EC6FF0ED22F0EA2205
:10A1EC007CE0EB7DE0EC78E0EDAFE0EAC9F0EA3C36
:10A1FC00E0EAC9F0E4A7C8F0E9A7C0F0EEE080C936
:10A20C002102FFCBFE180A3E03E0CDF0CBFE292045
:10A21C00EFCD4F143E80EA10C2CD7126E0CEAFE0F8
:10A22C0001E0CFE0DCE0D2E0D3E0D4E0D5E0E3CD58
:10A23C00F37F3E2BE0E1C9F0CBFE292816F0F0A706
:10A24C00281EAFE0F01101C2CD9214CD1715CD71BF
:10A25C0026180DF081CB472007CB5F2003CDB0141F
:10A26C00F0CBFE29281EF0CCA7C8AFE0CC3E39E0DD
:10A27C00CFF0D0FE50282D47F0C1B8C878E0C13ED1
:10A28C0001E0F0C9F081CB5F2022CB47201EF0CC3F
:10A29C00A7C8AFE0CCF0CFFE502809F0C1E0CF3E0C
:10A2AC0001E0CEC9CD8A173E16E0E1C93E5018ED4B
:10A2BC002102FFCBFE181F3E03E0CDF0CBFE292080
:10A2CC00EFCDA10ACDA10ACDA10A06002100C3CD74
:10A2DC00A10A220520F9CD2028CDAD27111452CD8D
:10A2EC00EB27CD8A173E2FCDDD1F3E03E0CEAFE02E
:10A2FC0001E0CFE0DCE0D2E0D3E0D4E0D5E0E3E075
:10A30C00CC2100C4060A3E28220520FCF0D6A7C2A8
:10A31C006D07CD17153ED3E0402180C0110507060F
:10A32C0020CD25072100C211ED260E02CD7617CDCA
:10A33C000E08CD7126AFE0D7E0D8E0D9E0DAE0DB4B
:10A34C003E17E0E1C94028AE004030AE204828AFAF
:10A35C00004830AF207828C0007830C0208028C159
:10A36C00008030C1201A22130520FAC9F0CBFE2937
:10A37C002823F0CCA72813F0D0FE60282DFE063041
:10A38C0002E0ACF0ADE0CFAFE0CC1110C2CD66175F
:10A39C0021ADFF1868F081CB5F28043E60184DF0AA
:10A3AC00CCA72850F0CFFE602038CD8A17F0D6A766
:10A3BC0020183E18E0E1F0CBFE29C0AFE0A03E062D
:10A3CC0011E0FF21A2C9CD681BC9F0CBFE29C22820
:10A3DC0008AFE0A03E0611E0FF21A2C9CD681BC367
:10A3EC002808F0D0FE063002E0ADF0ACE0CFAFE0D4
:10A3FC00CC3CE0CE1100C2CD661721ACFF7ECB6009
:10A40C002014CB682022CB702024CB782813FE0399
:10A41C00300FC6031805FE0528073C773E01EAE01D
:10A42C00DFCD0E08CD7126C9A728F63D18EDFE0329
:10A43C0038EFD60318E54060407040805060507093
:10A44C005080786078707880886088708880F0ACF4
:10A45C001101C221F607CD5517F0AD1111C2210221
:10A46C0008CD5517C9CD2028AFEA10C2E098E09C62
:10A47C00E09BE0FBE09FE0CCE001E0CEE0D0E0CF61
:10A48C00E0D1CD5126CD9322CDF21FAFE0E3CD8AA2
:10A49C0017117C53D53E01E0A9E0C5CDEB27D121A6
:10A4AC00009CCDEE2711392821639C0E0ACD7D1F0F
:10A4BC002100C211BF26CDB6262110C211C726CD50
:10A4CC00B6262151993E30E09E36002D3603CDE85C
:10A4DC001AAFE0A0F0CBFE2911D408F0AC2805117E
:10A4EC00C408F0AD21B09877269C772180C0061067
:10A4FC00CD25073E77E0C03ED3E0403E19E0E13E7B
:10A50C0001E0CDC91884C000188CC0202084C10083
:10A51C00208CC1201884AE00188CAE202084AF0093
:10A52C00208CAF203E08E0FFAFE00FF0CBFE29C23D
:10A53C00F609CD980ACD980AAFE0CC3E29E0013E51
:10A54C0081E002F0CCA728FBF001FE5520E41116A7
:10A55C00000E0A2102C9060AAFE0CCCD980A2AE007
:10A56C00013E81E002F0CCA728FB0520EB190D2061
:10A57C00E5F0ACFE05283D2122CA114000193CFE35
:10A58C000520FA1122CA0E0A060A1A221C0520FA04
:10A59C00D511D6FF19D1E521D6FF19E5D1E10D2052
:10A5AC00E711D6FF060A7CFEC828093E2F2205209B
:10A5BC00FC1918F0CD980ACD980AAFE0CC3E29E0F2
:10A5CC00013E81E002F0CCA728FBF001FE5520E40F
:10A5DC002100C30600AFE0CC2ACD980AE0013E81F1
:10A5EC00E002F0CCA728FB0420EBCD980ACD980A0A
:10A5FC00AFE0CC3E30E0013E81E002F0CCA728FB7E
:10A60C00F001FE5620E4CD8C0A3E09E0FF3E1CE032
:10A61C00E13E02E0E33E03E0CDF0CBFE292805212C
:10A62C0002FFCBFE2100C32AEA03C22AEA13C27C32
:10A63C00E0AF7DE0B0C9F0AD3C472142CA11C0FF8C
:10A64C000528031918FACD980AAFE0CC3E55E00165
:10A65C003E80E002F0CCA728FBF001FE2920E71198
:10A66C0016000E0A060AAFE0CCE0013E80E002F0D4
:10A67C00CCA728FBF001220520EC190D20E6CD9883
:10A68C000AAFE0CC3E55E0013E80E002F0CCA728BA
:10A69C00FBF001FE2920E706002100C3AFE0CCE06F
:10A6AC00013E80E002F0CCA728FBF001220420EC54
:10A6BC00CD980AAFE0CC3E56E0013E80E002F0CCF3
:10A6CC00A728FBF001FE3020E7C3C6092142CA3E91
:10A6DC0080060A220520FCC9C506FA400520FCC1EB
:10A6EC00C9E5C5F0FCE6FC4F2603F00447AF05288E
:10A6FC000A3C3C3C3CFE1C28F418F357F0AE5F259A
:10A70C002807B2B1E6FCB928E17AE0AE7BE0FCC1E7
:10A71C00E1C93E01E0FFF0E3A7202706440E20CD5F
:10A72C003F113E02E0CDFADEC0A728053E80EA10BC
:10A73C00C2CD8326CD9626CD1715AFE0D63E1AE0B6
:10A74C00E1C9FE05C02130C0061236F023361023B5
:10A75C0036B6233680230520F1FAFFC3060A210002
:10A76C00C43D28062C0520F918F2362F3E03E0CE06
:10A77C00C93E01E0FF219CC0AF2236502C36272C5D
:10A78C003600CD0D1CCD881CCDBB24CD9C20CD3EE0
:10A79C0021CDA125CD4D22CD9B0BF0D5A728143E64
:10A7AC0077E0CFE0B13EAAE0D13E1BE0E13E05E010
:10A7BC00A71810F0E1FE01201B3EAAE0CFE0B13E4D
:10A7CC0077E0D1AFE0DCE0D2E0D3E0D4F0CBFE29EF
:10A7DC002002E0CECDF00BCD8C0CC9112000210253
:10A7EC00C83E2F0E12060AE5BE200A230520F9E109
:10A7FC00190D20F1E5E179E0B1FE0CFAE9DF300743
:10A80C00FE08C0CD1715C9FE08C8FAF0DFFE02C855
:10A81C003E08EAE8DFC9F0CBFE2928523E01EA7F68
:10A82C00DFE0ABF0CFE0F1AFE0F2E0CFCDCB1CC975
:10A83C00F0CCA7C82130C0110400AFE0CCF0D0FEA2
:10A84C00AA2861FE772849FE9428CB47A72851CB2C
:10A85C007F206FFE1330173E12904F0C3E987719E5
:10A86C00D6080520F93EF00D2804771918F9F0DC0C
:10A87C00A72807F680E0B1AFE0DC3EFFE0D0F0CBDC
:10A88C00FE29F0B12007E0CF3E01E0CEC9E0CFC9F0
:10A89C00F0D1FEAA28263E77E0D13E01E0E118CEA9
:10A8AC000E1318C1F0D1FE7728123EAAE0D13E1B40
:10A8BC00E0E13E05E0A70E01061218A03E01E0EF14
:10A8CC0018ACE67FFE0530A6E0D218AEF0D3A72870
:10A8DC0007CB7FC8E607180AF0D2A7C8E0D3AFE0D1
:10A8EC00D2C94FC52122C811E0FF190D20FC11223D
:10A8FC00C80E11060A1A221C0520FAD511160019C9
:10A90C00D1E521160019E5D1E10D20E7C11100C4F4
:10A91C00060A1A22130520FAD511160019D10D209A
:10A92C00EC3E02E0E3E0D4AFE0D3C9F0A6A7C03E12
:10A93C0001E0FF3E03E0CDF0D1FE77200CF0D0FE1D
:10A94C00AA20103E01E0EF180AFEAA2006F0D0FE65
:10A95C007728F006340E43CD3F11AFE0E3F0D1FE83
:10A96C00AA3E1E20023E1DE0E13E28E0A63E1DE070
:10A97C00C6C9F0A6A7C0F0EFA72005F0D73CE0D7DA
:10A98C00CD6F0F11F926F0CBFE292803110B2721CF
:10A99C0000C20E03CD76173E19E0A6F0EFA72805EE
:10A9AC002120C236803E03CD73263E20E0E13E09D5
:10A9BC00EAE8DFF0D7FE05C03E11EAE8DFC9F0D7C0
:10A9CC00FE052007F0C6A728081822F081CB5F28C7
:10A9DC001C3E60E0CFE0CE181D3E01E0FFF0CC281D
:10A9EC000CF0CBFE2928D7F0D0FE602809CDBD0D88
:10A9FC003E03CD7326C93E1FE0E1E0CCC9F0A6A70B
:10AA0C00202321C6FF353E19E0A6CD600F2101C2DF
:10AA1C007EEE3022FE60CC170F2CF57EEE01772EE9
:10AA2C001332F12D77F0D7FE052028F0C62121C274
:10AA3C00FE06281BFE08301B7EFE723006FE69C81F
:10AA4C003434C936692C2C36573E06EAE0DFC92D62
:10AA5C003680C9F0A7A7C03E0FE0A72123C27EEE27
:10AA6C000177C9F0A6A7C0F0EFA72005F0D83CE00D
:10AA7C00D8CD6F0F111D27F0CBFE292803112927E4
:10AA8C002100C20E02CD76173E19E0A6F0EFA728E2
:10AA9C00052110C236803E02CD73263E21E0E13EF8
:10AAAC0009EAE8DFF0D8FE05C03E11EAE8DFC9F09C
:10AABC00D8FE052007F0C6A728081822F081CB5F26
:10AACC00281C3E60E0CFE0CE181D3E01E0FFF0CC2C
:10AADC00280CF0CBFE2928D7F0D0FE602809CDAE8B
:10AAEC000E3E02CD7326C93E1FE0E1E0CCC9F0A6B4
:10AAFC00A7201C21C6FF353E19E0A6CD600F211101
:10AB0C00C27EEE0822FE68CC170F2C7EEE0177F089
:10AB1C00D8FE052032F0C62101C2FE052825FE060E
:10AB2C002811FE0830217EFE723018FE61C83434C4
:10AB3C003434C92D36002C36612C2C36563E06EAA0
:10AB4C00E0DFC92D3680C9F0A7A7C03E0FE0A721D2
:10AB5C0003C27EEE0177C9F5E5F0D7FE05281AF0A1
:10AB6C00D8FE052814F0CBFE29200E2160C0062447
:10AB7C00113C0F1A22130520FAE1F1C942300D00E5
:10AB8C004238B20042400E0042481C0042580E00AF
:10AB9C0042601D004268B5004270BB0042781D0047
:10ABAC002160C01104000609AF77190520FBC9CD3F
:10ABBC00202821AC55010010CDE427CD952721008C
:10ABCC009811E4540604CDF0272180990606CDF0A7
:10ABDC0027F0CBFE29202221419836BD2C36B22CF1
:10ABEC00362E2C36BE2C362E21019A36B42C36B588
:10ABFC002C36BB2C362E2C36BCF0EFA72003CD8583
:10AC0C0010F0D7A72849FE05201621A598060BF0B1
:10AC1C00CBFE2911F310280311FE10CDD8103E04E1
:10AC2C004FF0CBFE293E9320023E8FE0A021E79906
:10AC3C00CD6A10F0D9A728173EACE0A021F0990EF0
:10AC4C0001CD6A1021A6981109110609CDD810F072
:10AC5C00D8A7283EFE05201621A598060BF0CBFEA2
:10AC6C002911FE10280311F310CDD8103E044FF01B
:10AC7C00CBFE293E8F20023E93E0A0212798CD6A7F
:10AC8C0010F0DAA7280C3EACE0A02130980E01CDD4
:10AC9C006A10F0DBA7280B21A79811ED100606CD42
:10ACAC00D8103ED3E040CD8A17C9F0A0E5112000A2
:10ACBC000602E5223C773CE1190520F6E111030080
:10ACCC00190D20E6C921D7FF11D8FFF0D9A7203ADA
:10ACDC00F0DAA7203CF0DBA720217EFE0428111A15
:10ACEC00FE04C03E0512180A1AFE03C03E031805E6
:10ACFC003605AFE0DBAFE0D9E0DAC97EFE04200612
:10AD0C00E0D9AFE0DBC9E0DA18F87EFE0528E118DF
:10AD1C00DB1AFE0528CD18D4C5E51A22130520FA36
:10AD2C00E111200019C13EB6220520FCC9B0B1B218
:10AD3C00B3B13EB4B5BB2EBC2F2D2E3D0E3EBDB2D5
:10AD4C002EBE2E2F2D2E3D0E3EB5B041B53D1DB560
:10AD5C00BEB13E01E0FFF0A6A7C0CD8A17AFE0EF71
:10AD6C0006270E79CD3F11CDF37FF0D7FE05280ACB
:10AD7C00F0D8FE0528043E01E0D63E16E0E1C9F00D
:10AD8C00CCA72814AFE0CCF0CBFE29F0D02011B822
:10AD9C0028083E02E0CFE0CEE1C979E0CFE0CEC991
:10ADAC00B9C878E0CFE1C9CDB21121E69C111B14D2
:10ADBC000607CD371421E79C1122140607CD371452
:10ADCC0021089D36722C36C421289D36B72C36B8F6
:10ADDC001171272100C20E03CD76173E03CD7326C9
:10ADEC003EDBE0403EBBE0A63E27E0E13E10EAE859
:10ADFC00DFC9CD202821AC55010010CDE42721FF5F
:10AE0C009FCD982721C09D11C4510604CDF0272158
:10AE1C00EC9C1129140607CD371421ED9C1130142C
:10AE2C000607CD3714C9F0A6A7C02110C236002ED4
:10AE3C002036003EFFE0A63E28E0E1C9F0A6A72898
:10AE4C0004CDFA13C93E29E0E12113C236352E2375
:10AE5C0036353EFFE0A63E2FCDD71FC9F0A6A7285A
:10AE6C0004CDFA13C93E02E0E121089D062FCDFF67
:10AE7C001921099DCDFF1921289DCDFF1921299D4F
:10AE8C00CDFF19C9F0A6A7202E3E0AE0A62101C2CB
:10AE9C00357EFE5820212110C236002CC6202236C9
:10AEAC004C2C36402E2036803E03CD73263E03E0DC
:10AEBC00E13E04EAF8DFC9CDFA13C9F0A6A7201DBC
:10AECC003E0AE0A62111C2352E01357EFED0200DA2
:10AEDC003E9CE0C93E82E0CA3E2CE0E1C9F0A7A747
:10AEEC00200B3E06E0A72113C27EEE01773E03CD78
:10AEFC007326C9F0A6A7C03E06E0A6F0CAD6825FAC
:10AF0C00160021F51219E5D1F0C967F0CA6F1ACDF8
:10AF1C00FE19E51120001906B6CDFF19E1233E02FA
:10AF2C00EAE0DF7CE0C97DE0CAFE92C03EFFE0A60D
:10AF3C003E2DE0E1C9B3BC3DBEBBB51DB2BDB51DD8
:10AF4C002EBC3D0E3EF0A6A7C0CD2028CDAD27CD02
:10AF5C0093223E93E0403E05E0E1C9F0A6A7C03E37
:10AF6C002EE0E1C9CDB2111183272100C20E03CD11
:10AF7C007617F0F3EA03C23E03CD7326AFE0F33E3F
:10AF8C00DBE0403EBBE0A63E2FE0E13E10EAE8DF0E
:10AF9C00C9F0A6A7C02110C236002E2036003EA054
:10AFAC00E0A63E30E0E1C9F0A6A72804CDFA13C90B
:10AFBC003E31E0E13E80E0A63E2FCDD71FC9F0A682
:10AFCC00A7202E3E0AE0A62101C2357EFE6A202172
:10AFDC002110C236002CC6102236542C365C2E2082
:10AFEC0036803E03CD73263E32E0E13E04EAF8DFC4
:10AFFC00C9CDFA13C9F0A6A720153E0AE0A6211167
:10B00C00C2352E01357EFEE020053E33E0E1C9F06D
:10B01C00A7A7200B3E06E0A72113C27EEE01773EC8
:10B02C0003CD7326C9CD2028CDAD27CDF37FCD938D
:10B03C00223E93E0403E10E0E1C9F0A7A7C03E0AD3
:10B04C00E0A73E03EAF8DF06022110C27EEE80770D
:10B05C002E200520F73E03CD7326C9C2CACACACA20
:10B06C00CACAC3CB5848484848C8737373737373C0
:10B07C00C97474747474741A7713D511200019D1AF
:10B08C000520F4C93E01E0FFAFE001E002E00FCD86
:10B09C002028CDAD2711D74CCDEB27CD8A17210019
:10B0AC00C211CF260E02CD76171101C2CD8D14F030
:10B0BC00C01E121213FE373E1C28023E1D12CD710B
:10B0CC0026CD17153ED3E0403E0EE0E1C93E01EA25
:10B0DC00E0DFF0C1F5D61C874F060021A814092A21
:10B0EC0012137E1213F112C9703770778037807784
:10B0FC001100C2CD661721C1FF7ECB58C26315CBA0
:10B10C0040C26315CB4820411CCB602026CB682065
:10B11C002DCB702016CB78CA5F15FE1E3009C602E7
:10B12C0077CD8D14CD1715CD7126C9FE1E38F8D6E6
:10B13C000218EDFE1D28F0FE1F28EC3C18E2FE1C48
:10B14C0028E5FE1E28E13D18D7F5F0C5A72803F128
:10B15C0018B6F13E0E185BF0C1D617FE0820023E61
:10B16C00FFEAE8DFC91110C2CD661721C0FF7ECB04
:10B17C00582030CB4020401C1CCB60200ECB6828C4
:10B18C001EFE37281A3E37061C1808FE7728103E7C
:10B19C0077061D77F53E01EAE0DFF112137812CD48
:10B1AC007126C93E02EAE0DFF0C0FE373E102802ED
:10B1BC003E12E0E1AF18E73E0F18F7CD2028113F03
:10B1CC004ECDEB27CDFC18CD8A172100C211DB2602
:10B1DC000E01CD76171101C2F0C2211516CD4E17F6
:10B1EC00CD7126CD9517CDCA183ED3E0403E11E067
:10B1FC00E1F0C7A72004CD1715C93E15E0E1C91130
:10B20C0000C2CD661721C2FF3E0ACB5820EECB40C0
:10B21C0020EA3E08CB4820E47ECB602014CB68208B
:10B22C0026CB702028CB78281AFE053016C60518B8
:10B23C0005FE09280E3C771101C2211516CD4E17BB
:10B24C00CD9517CD7126C9A728F93D18E9FE05380B
:10B25C00F2D60518E14030404040504060407050FC
:10B26C00305040505050605070CD202811A74FCD19
:10B27C00EB27CD8A172100C211E1260E02CD7617DD
:10B28C001101C2F0C321D216CD4E171111C2F0C458
:10B29C00214117CD4E17CD7126CDAF17CDCA183E13
:10B2AC00D3E0403E13E0E1F0C7A72004CD1715C949
:10B2BC003E15E0E1C9E0E1AF12C91100C2CD66173D
:10B2CC0021C3FF3E0ACB5820EC3E14CB4020E63E77
:10B2DC0008CB4820E07ECB602014CB682026CB70B6
:10B2EC002028CB78281AFE053016C6051805FE094D
:10B2FC00280E3C771101C221D216CD4E17CDAF17B7
:10B30C00CD7126C9A728F93D18E9FE0538F2D605F6
:10B31C0018E14018402840384048405850185028F0
:10B32C00503850485058E0E1AF12C91110C2CD66E8
:10B33C001721C4FF3E0ACB5820ECCB4020E83E132B
:10B34C00CB4820E27ECB602014CB682026CB70202B
:10B35C0028CB78281AFE033016C6031805FE0528DC
:10B36C000E3C771111C2214117CD4E17CDAF17CD21
:10B37C007126C9A728F93D18E9FE0338F2D603183F
:10B38C00E140704080409050705080509000F53EED
:10B39C0001EAE0DFF1F5874F0600092A12137E124D
:10B3AC0013F1C62012C9F08147F0A6A7C03E10E0E9
:10B3BC00A61AEE8012C9E506061A22130520FAE138
:10B3CC003E10856F0D20EF3680C9AF2100C006A05E
:10B3DC00220520FCC9CDFC18F0C22154D6111B004B
:10B3EC00A728043D1918F92323E5D1CD0018C9CDA0
:10B3FC00FC18F0C32100D011A200A728043D191895
:10B40C00F9F0C4111B00A728043D1918F92323E5F2
:10B41C00D1CD0018C906037EE6F0200B1C3AE60FCE
:10B42C00200F1C0520F1C97EE6F0CB37121C3AE642
:10B43C000F121C0520F1C906033A121B0520FAC98C
:10B44C007AE0FB7BE0FC0E0321A2C0D506031A9622
:10B45C00381020052D1B0520F5D11313130D20E8F2
:10B46C00185ED1F0FB57F0FC5FD5C521060019E53D
:10B47C00D12B2B2B0D2805CDF71718F821A2C006C0
:10B48C00033A121D0520FAC1D179E0C82112001926
:10B49C00E511060019E5D1E10D28070606CDF917CF
:10B4AC0018F63E600605121B0520FB3E0A127AE0D8
:10B4BC00C97BE0CAAFE09CE0C63E01EAE8DFE0C72A
:10B4CC0011ACC9F0FB67F0FC6F0603E5D5C5CDD513
:10B4DC0017C1D121200019E5D1E1D511030019D1F3
:10B4EC000520E82B2B060311A4C9D50E062AA72884
:10B4FC000512130D20F7D1E521200019E5D1E10546
:10B50C0020E8CD51263E01E0E8C9F0E8A7C821A407
:10B51C009911A4C90E06E506061A221C0520FA1C70
:10B52C002C1C2C0D2811CB4120EDE111200019E52C
:10B53C00D13E30825718DFE1AFE0E8C921A4C91130
:10B54C0020003E600E03060EE5220520FCE1190DDD
:10B55C0020F4C9F0C821E49911E0FF3D2803191823
:10B56C00FAF0C65F160019F0C957F0CA5FF0A6A72B
:10B57C0020123E07E0A6F09CEE01E09C1A28023E49
:10B58C002FCDFE19F08147F0804F3E17CB7020373E
:10B59C00CB71202BCB782058CB79204CCB40206C16
:10B5AC00CB48C2EE19CB58C81ACDFE19CD1715AF22
:10B5BC00E0C7F0C0FE373E1128023E13E0E1C9F0AF
:10B5CC00AA3DE0AAC03E09E0AA0626F0F4A728028C
:10B5DC0006271AB8200A3E2E3C123E01EAE0DFC9CB
:10B5EC00FE2F20F43E0A18F1F0AA3DE0AAC03E0955
:10B5FC00E0AA0626F0F4A7280206271AFE0A200560
:10B60C003E303D18D4FE2F20F97818CD1ACDFE19F6
:10B61C003E02EAE0DFF0C63CFE06288CE0C6131AB8
:10B62C00FE6020033E0A127AE0C97BE0CAC9F0C66C
:10B63C00A7C81ACDFE19F0C63DE0C61B18E947F0A5
:10B64C0041E60320FA70C9CD2028AFEA10C2E09879
:10B65C00E09CE09BE0FBE09F3E2FCDD71FCDF21F7F
:10B66C00CD5126AFE0E3CD8A17F0C011F73F21C3CF
:10B67C00FFFE773E5028083EF121C2FF118F3ED5C8
:10B68C00E0E67EE0A9CDEB27D121009CCDEE271181
:10B69C00392821639C0E0ACD7D1F2698F0E66FF0A9
:10B6AC00A977269C77F0F4A7280723362726983607
:10B6BC00272100C211BF26CDB6262110C211C726E4
:10B6CC00CDB626215199F0C0FE773E252801AFE07A
:10B6DC009EE60F3228023602CDE81AFADEC0A72801
:10B6EC00053E80EA10C2CD0720CD0720CD0720CD26
:10B6FC008326AFE0A0F0C0FE7720253E34E099F021
:10B70C00C421B09877269C77A7281547F0E4A72882
:10B71C0005CD1B1B180A7811C0FF21029ACD681B9E
:10B72C003ED3E040AFE0E1C9F0A95FF0F4A7280AEE
:10B73C003E0A83FE1538023E145F21061B160019C3
:10B74C007EE099E09AC934302C2824201B15100A6D
:10B75C00090807060505040403030221C2991140D8
:10B76C001B0E04060AE51A77E57CC630671A77E1EA
:10B77C002C130520F1E1D511200019D10D20E4C9BD
:10B78C00852F8286832F2F8082852F828482832F20
:10B79C00832F872F2F852F832F868280812F832FB6
:10B7AC0086832F852F852F2F470528031918FAF02C
:10B7BC0004473E80052808FE8020F73E2F18F5FE32
:10B7CC002F2808F004E607F6801802E0A0F57DE6C5
:10B7DC000FFE0B200BF0A0FE2F2805F13E2F1801B9
:10B7EC00F177E5F5F0C5A7200411003019F177E1E8
:10B7FC00237DE60FFE0C20B7AFE0A07CE60FFE0A1F
:10B80C0028061116001918A77DFE2C20F5C9CD0DA0
:10B81C001CF0ABA7C0CD0C05CD4205CD8305CDBB2F
:10B82C0024CD9C20CD3E21CDA125CD4D22CD911FE7
:10B83C00CDB305C9CB57C8FADEC0EE01EADEC0288D
:10B84C00093E80EA10C2CD9626C9AF18F6F080E604
:10B85C000FFE0FCA1B02F0E4A7C0F081CB5F28D407
:10B86C00F0C5A720452140FFF0ABEE01E0AB282A44
:10B87C00CBDE3E01EA7FDF214E99114E9D0604F08E
:10B88C0041E60320FA2A12130520F43E80EA10C286
:10B89C00EA00C2CD8326CD9626C9CB9E3E02EA7F16
:10B8AC00DFFADEC0A728E6AF18E6F0CBFE29C0F021
:10B8BC00ABEE01E0AB28333E01EA7FDFF0D0E0F2E3
:10B8CC00F0CFE0F1CDCB1CC9F0ABA7C8F0CC283938
:10B8DC00AFE0CCF0CBFE2920083E94E0CFE0CEE1E7
:10B8EC00C9AFE0CFF0D0FE94281FF0F2E0D0F0F119
:10B8FC00E0CF3E02EA7FDFAFE0AB21EE98068E0E82
:10B90C0005CDFF192C0D20F9C9E1C921EE980E05C2
:10B91C0011DD1C1ACDFE19132C0D20F7C9190A1EA6
:10B92C001C0E3E80EA00C2EA10C2CD8326CD9626BC
:10B93C00AFE098E09CCD93223E87CDD71F3E46E0EA
:10B94C00A63E0DE0E1C9F081CB472003CB5FC8AF29
:10B95C00E0E3F0C5A73E16200AF0C0FE373E1028E3
:10B96C00023E12E0E1C9F0A6A7C02102C811892845
:10B97C00CD0428F0C3A7282E1140002127C8CD8460
:10B98C001D1100012187C8CD841D11000321E7C8BA
:10B99C00CD841D1100122147C9CD841D21A0C006E4
:10B9AC0003AF220520FC3E80E0A63E80EA00C2EAFE
:10B9BC0010C2CD8326CD9626CDF37F3E25E09E3E4C
:10B9CC000BE0E1C9E521A0C00603AF220520FCF085
:10B9DC00C3470421A0C0CD66010520F7E106031181
:10B9EC00A2C01AE6F0200A1AE60F200B1D0520F261
:10B9FC00C91AE6F0CB37221AE60F221D0520F2C930
:10BA0C00F0A6A7C03E01EAC6C03E05E0A6C9F0A656
:10BA1C00A7C02102C8110F51CD0428CD8A172100CF
:10BA2C00C21135270E0ACD76173E102166C2772E2D
:10BA3C007677210EC211311E060A1A222213D51155
:10BA4C000E0019D10520F3F0C4FE0520023E093C7E
:10BA5C00472100C2111000AF77190520FBF0C4C6B6
:10BA6C000AEAE8DF3E25E09E3E1BE0A63E23E0E12D
:10BA7C00C91C0F1E322018261D282B3E0ACD7326FA
:10BA8C00C9F0A6FE1428F4A7C0210EC2111000069E
:10BA9C000AE53520152C3A777DE6F0F6036F7EEE3D
:10BAAC000177FE502823FE512825E1190520E23E9E
:10BABC000ACD7326FAE9DFA7C0CD8A17F0C4FE05BC
:10BACC003E2628023E05E0E1C92D2D366718DB2DF8
:10BADC002D365D18D5AFEAC6C011C0C01A6F131A47
:10BAEC0067B5CA3A262B7C121B7D1211010021C2AC
:10BAFC00C0D5CD660111C4C021A599CD362AAFE0C1
:10BB0C00A6D121A0C0CD660111A2C021259ACD3AA3
:10BB1C002A3E02EAE0DFC9FAC6C0A7C8FAC5C0FED1
:10BB2C000428B211400001239821ACC0A72823118E
:10BB3C00000101839821B1C0FE01281611000301F8
:10BB4C00E39821B6C0FE0228091100120143992185
:10BB5C00BBC0CDD925C9F081A7C83E02E0E1C9F030
:10BB6C00A6A7C03E04EAE8DFF0C5A7280A3E3FE0DE
:10BB7C00A63E1BE0CC18373E2FCDD71F2143C81152
:10BB8C003E290E07CD7D1F2183C91176290E06CDC6
:10BB9C007D1FF0C0FE37201421A2C07E0658FE2067
:10BBAC00300F04FE15300A04FE1030053E04E0E1AF
:10BBBC00C978E0F33E90E0A63E34E0E1C90608E522
:10BBCC001A22130520FAE1D511200019D10D20ED10
:10BBDC00C9F0C0FE37C0F0E1A7C0F0E3FE05C021FC
:10BBEC00ACC00105007E114000A72017097E110092
:10BBFC0001A7200F097E110003A7200709110012CD
:10BC0C007EA7C83600F0A94704C5D521A0C0CD66D3
:10BC1C0001D1C10520F3C9F53E02E0E3F12102C8D0
:10BC2C000E12112000E5060A220520FCE1190D2058
:10BC3C00F4C921C2CB1116000E023E2F060A2205B2
:10BC4C0020FC190D20F6C92100C236002C36182C08
:10BC5C00363F2CFA13C277E6FC4FF0E4A72005F030
:10BC6C00C5A7281D26C3F0B06F5E237CFEC420033D
:10BC7C002100C37DE0B0F0D3A7282AF680E0D318CA
:10BC8C00242603F00447AF05280A3C3C3C3CFE1C30
:10BC9C0028F418F357F0AE5F252807B2B1E6FCB9CB
:10BCAC0028E17AE0AE7BEA13C2CD9626F09AE099B1
:10BCBC00C9FAC7C0A7280CF081E6B0FE802025AFDA
:10BCCC00EAC7C0F0A7A72029F098A72024F0E3A783
:10BCDC00201F3E03E0A721E5FF341826F080E6B0D4
:10BCEC00FE8028CD21E5FF3600F099A728073DE01E
:10BCFC0099CD8326C9F098FE03C8F0E3A7C0F09A4B
:10BD0C00E0992101C27EE0A0C60877CD8326CD73D1
:10BD1C0025A7C8F0A02101C277CD83263E01E0986B
:10BD2C00EAC7C0F0E5A7281B4FF0C0FE3728371133
:10BD3C00C0C01A6F131A6706000D097C127D1B1206
:10BD4C00AFE0E5FA01C2FE18C0FA02C2FE3FC02104
:10BD5C00FBFF7EFE01200DCDF37F3E01E0E13E02B4
:10BD6C00EAF0DFC934C9AF0D28043C2718F95F1677
:10BD7C000021A0C0CD66013E01EACEC018C2F098E9
:10BD8C00FE02C03E02EAF8DFAFE0A011A3C02142E0
:10BD9C00C806100E0AE52AFE2FCAD8210D20F7E19D
:10BDAC007C12137D1213F0A03CE0A0D511200019D9
:10BDBC00D10520DF3E03E0983DE0A6F0A0A7C847E0
:10BDCC00219EFFF0C0FE772812788627223E008E37
:10BDDC002777301636992B3699180F7EB790283B5B
:10BDEC0038392777E6F0FE902831780E0621ACC062
:10BDFC000600FE01281921B1C00601FE02281021FF
:10BE0C00B6C00602FE03280721BBC006040E073489
:10BE1C0078E0DC79EAE0DFC9E11890AFE09E18CA5F
:10BE2C00F098FE03C0F0A6A7C011A3C0F09CCB47AE
:10BE3C00203C1AA72852D63067131A6FF09CFE06C6
:10BE4C003E8C20023E2F0E0A220D20FC131AA72036
:10BE5C00E5F09C3CE09CFE0728053E0AE0A6C9AF35
:10BE6C00E09C3E0DE0A63E01E0E3AFE098C91A6706
:10BE7C00D6304F131A6F060A7EE56177E123052051
:10BE8C00F7131AA720E818C9CD072018DDF0A6A7CC
:10BE9C00C0F0E3FE01C011A3C01A67131A6FD5E5F9
:10BEAC0001E0FF09D1E5060A2A12130520FAE1E5A3
:10BEBC00D101E0FF097CFEC720EBD1131AA720DAD1
:10BECC002102C83E2F060A220520FCCD93223E02F9
:10BEDC00E0E3C921A3C0AF0609220520FCC9F0E3A9
:10BEEC00FE02C021229A1122CACDAC24C9F0E3FE75
:10BEFC0003C021029A1102CACDAC24C9F0E3FE049E
:10BF0C00C021E29911E2C9CDAC24C9F0E3FE05C011
:10BF1C0021C29911C2C9CDAC24C9F0E3FE06C021DF
:10BF2C00A29911A2C9CDAC24C9F0E3FE07C02182AD
:10BF3C00991182C9CDAC24C9F0E3FE08C0216299E5
:10BF4C001162C9CDAC24F0C5A7F0E12008A7C03E12
:10BF5C0001EAF8DFC9FE1AC0F0D4A728F23E05EAC0
:10BF6C00E0DFC9F0E3FE09C02142991142C9CDAC12
:10BF7C0024C9F0E3FE0AC02122991122C9CDAC24B8
:10BF8C00C9F0E3FE0BC02102991102C9CDAC24C942
:10BF9C00F0E3FE0CC021E29811E2C8CDAC24C9F04C
:10BFAC00E3FE0DC021C29811C2C8CDAC24C9F0E388
:10BFBC00FE0EC021A29811A2C8CDAC24C9F0E3FE9C
:10BFCC000FC02182981182C8CDAC24C9F0E3FE10B9
:10BFDC00C02162981162C8CDAC24CD4B24C9F0E3CA
:10BFEC00FE11C02142981142C8CDAC24216D9CCDCC
:10BFFC003B243E01E0E0C9F0E3FE12C0212298117F
:10C00C0022C8CDAC24216D98CD3B24C9F0E3FE139E
:10C01C00C0EAC7C02102981102C8CDAC24AFE0E33E
:10C02C00F0C5A7F0E12048A7C0214E99119FFF0E43
:10C03C0002F0C0FE372808215099119EFF0E01CD49
:10C04C003C2AF0C0FE372823F09EA7201E3E64E059
:10C05C00A63E02EAE8DFF0C5A72803E0D5C9F0C385
:10C06C00FE093E0520023E22E0E1C9CD0720C9FEB3
:10C07C001AC0F0D4A728B2AFE0D4C9F0E1A7C0F041
:10C08C00C0FE37C011A2C0CD362AC9F0E1A7C0F05E
:10C09C00C0FE37C021A9FF7EFE14C8CD9D24F09FA1
:10C0AC0057E6F0C07AE60FCB3757F09EE6F0CB3769
:10C0BC00B2B8D8C834CD9D24E60F4F21F198712623
:10C0CC009C7178E6F0280DCB374F7DFEF0280521CA
:10C0DC00F09818EA3E08EAE0DFCDE81AC97E47A7D7
:10C0EC00C8AFB73C2705280218F847C9060A1A77C3
:10C0FC002C1C0520F9F0E33CE0E3C92100C27EFED4
:10C10C0080C82E037EE0A0F08147CB482012CB40A4
:10C11C0028377EE60328033518147EF60377180EAD
:10C12C007EE603FE0328033418047EE6FC773E0308
:10C13C00EAE0DFCD8326CD7325A7280DAFEAE0DF3B
:10C14C002103C2F0A077CD83262102C2F08147F0F3
:10C15C00804F7EE0A0CB603E17200CCB61282DF0E9
:10C16C00AA3DE0AAC03E09E0AA7EC60877CD832688
:10C17C003E04EAE0DFCD7325A7C82102C2AFEAE096
:10C18C00DFF0A077CD83263E01E0AAC9CB683E172D
:10C19C00200CCB6928F3F0AA3DE0AAC03E09E0AA26
:10C1AC007ED608773E04EAE0DFCD8326CD7325A743
:10C1BC00C818C72110C006042AE0B22AA72817E025
:10C1CC00B3E5C5CDE3297CC630677EFE2F200BC1BD
:10C1DC00E12C2C0520E2AFE09BC9C1E13E01E09BC4
:10C1EC00C9F098FE01C02110C006042AE0B22AA7AB
:10C1FC00281DE0B3E5C5CDE329E5D1C1E1F041E669
:10C20C000320FA7E127AC630572A122C0520DC3E07
:10C21C0002E0982100C23680C9FAC6C0FE02284648
:10C22C00D57EB728543D227E3C2777E60F020D2A97
:10C23C00CB37E60F280102C5F0C34704E5CD6601F4
:10C24C00E10520F8C12323E521230009D1CD3A2AA9
:10C25C00D1F0C3470421A0C0E5CD6601E10520F86B
:10C26C003E02EAC6C0C911A2C021259ACD3A2A3E87
:10C27C0002EAE0DFAFEAC6C0C9D13E21E0A6AFEAD0
:10C28C00C6C0FAC5C03CEAC5C0FE05C03E04E0E12C
:10C29C00C921ACC0061BAF220520FC21A0C006039F
:10C2AC00220520FCC97EE6F0CB37127EE60F1C126D
:10C2BC00C93E02E08FAFE08E3EC0E08D2100C2CDC2
:10C2CC00892AC93E01E08F3E10E08E3EC0E08D21F0
:10C2DC0000C2CD892AC93E01E08F3E20E08E3EC0CF
:10C2EC00E08D2110C2CD892AC906203E8E11200076
:10C2FC0077190520FBC91AFEFFC8221318F8D900BC
:10C30C00183F00800000FF00808F00800000FF00BD
:10C31C0070371C00000038371C000000403420002F
:10C32C000000401C20000000407420000000406809
:10C33C002100000078682100000060602A80000065
:10C34C0060722A80200068383E8000006060368071
:10C35C000000607236802000683832800000606017
:10C36C002E80000068383C80000060603A8000003D
:10C37C006838308000803F40440000803F204A00F5
:10C38C0000803F30460000807720480000808748BE
:10C39C004C00008087584E000080674D5000008094
:10C3AC00675D520000808F88540000808F98550084
:10C3BC0000005F572C0000808050340000808060AB
:10C3CC00340020006F5758000080805534000080E6
:10C3DC00805B34002021FF9B0100043E2F320B7840
:10C3EC00B120F8C92A12130B78B120F8C9CDC32794
:10C3FC0001A000CDA427213F3211008301000DCDF7
:10C40C00A427C9215F410138011100802A1213129F
:10C41C00130B78B120F6C9CDC32701A00DCDA427ED
:10C42C00C9010010110080CDA427C9210098061263
:10C43C00E50E141A22130D20FAE1D511200019D1A2
:10C44C000520EDC9060AE51AFEFF280E2213052069
:10C45C00F6E1D511200019D118EAE13E02E0E3C95A
:10C46C00F0FFE0A1CB87E0FFF044FE9120FAF04012
:10C47C00E67FE040F0A1E0FFC92F2F11121D2F2FF6
:10C48C002F2F2F2929292F2F2F2F1C1D0A1B1D2F32
:10C49C002F2F29292929292F2F2F2F2F1D182F2FE7
:10C4AC002F2F2F2F29292F2F2F0C18171D12171E46
:10C4BC000E29292929292929292F2F100A160E2F4F
:10C4CC002F2F2F292929292F2F1C121710150E2F2A
:10C4DC002F2F2F2F002F262F04002F2F2F2F2F2FF2
:10C4EC002F2F2F2F2F002F0D181E0B150E2F2F2F28
:10C4FC002F2F002F262F0100002F2F2F2F2F2F2F04
:10C50C002F2F2F002F1D1B1219150E2F2F2F2F2FF2
:10C51C00002F262F0300002F2F2F2F2F2F2F2F2FE1
:10C52C002F002F1D0E1D1B121C2F2F2F2F2F002FF6
:10C53C00262F010200002F2F2F2F2F2F2F2F2F00F0
:10C54C002F0D1B18191C2F2F2F2F2F2F2F2F2F2F65
:10C55C002F2F2F002F2F2F2F2F2F2F2F2F2F2F2914
:10C56C002929292929292929291D11121C2F1C1D8A
:10C57C000A100E2F2F2F2F2F2F2F2F002FFF61621E
:10C58C00626262626263642F2F2F2F2F2F65642FDC
:10C59C00100A160E2F65642FADADADAD2F65642F4F
:10C5AC00181F0E1B2F65642FADADADAD2F656669E1
:10C5BC0069696969696A19150E0A1C0E2F2F2929D8
:10C5CC00292929292F2F2F1D1B222F2F2F2F2F29C0
:10C5DC0029292F2F2F2F2F2F0A100A1217272F2F11
:10C5EC0029292929292F3E20E000F000F000F00035
:10C5FC00F0002FE60FCB37473E10E000F000F000C4
:10C60C00F000F000F000F000F000F000F000F0009E
:10C61C002FE60FB04FF080A9A1E08179E0803E3089
:10C62C00E000C9F0B2D610CB3FCB3FCB3F1100009E
:10C63C005F2100980620190520FCF0B3D608CB3FEB
:10C64C00CB3FCB3F1100005F197CE0B57DE0B4C956
:10C65C00F0B557F0B45F0604CB1ACB1B0520F97B61
:10C66C00D684E6FE0707C608E0B2F0B4E61F17173B
:10C67C0017C608E0B3C9F0E0A7C80E03AFE0E01A94
:10C68C0047CB37E60F2028F0E0A73E0020023E2FD4
:10C69C002278E60F2021F0E0A73E0020093E01B9E8
:10C6AC003E0028023E2F221D0D20D4AFE0E0C9F53C
:10C6BC003E01E0E0F118D9F53E01E0E0F118E73E6B
:10C6CC00C0E0463E283D20FDC97CE0967DE0977E8B
:10C6DC00A7281DFE802817F09667F0976F111000A1
:10C6EC0019F08F3DE08FC818E0AFE09518E9E095A0
:10C6FC0006071186FF2A12130520FAF08921642BF4
:10C70C00075F1600195E23561A6F131A67131AE087
:10C71C0090131AE0915E235623F08CE0947EFEFF7A
:10C72C0028C7FEFD200EF08CEE20E094237E180826
:10C73C00131318E4FEFE28F8E089F087471A4FF02F
:10C74C008BCB772006F0908089180A78F5F090470B
:10C75C00F19099DE08E093F08847131A134FF08B91
:10C76C00CB6F2006F0918089180A78F5F09147F18B
:10C77C009099DE08E092E5F08D67F08E6FF095A74A
:10C78C0028043EFF1802F09322F09222F08922F046
:10C79C009447F08BB047F08AB0227CE08D7DE08E20
:10C7AC00E1C3D82A202C242C282C2C2C302C342CD3
:10C7BC00382C3C2C402C442C482C4C2C502C542CDD
:10C7CC00582C5C2C602C642C682C6C2C702C742CCD
:10C7DC00782C7C2C802C842C882C8C2C902C942CBD
:10C7EC00982C9C2CA02CA42CA82CAC2CB02CB42CAD
:10C7FC00B82CBC2CC02CC42CC82CCC2CC730CC2CAA
:10C80C00D02CD42CD82CDC2CE02CE42CEA30EE30C0
:10C81C00E82CEC2CF230F630F02CF42CF82CFC2C10
:10C82C00002D042DFA30FE30042D082D082D0C2D72
:10C83C00102D142D182D1C2D202D242D282D2C2D94
:10C84C00302D342D382D3C2D402D442D482D4C2D84
:10C85C00502D542D0A310E31123112310231063164
:10C86C00582DEFF0682DEFF07A2DEFF0892DEFF0C9
:10C87C009A2DEFF0AC2DEFF0BD2DEFF0CB2DEFF0AE
:10C88C00DC2DEFF0EB2DEFF0FC2DEFF00B2EEFF09D
:10C89C001C2EEFF02E2EEFF0402EEFF0522EEFF07C
:10C8AC00642EEFF0762EEFF0862EEFF0982EEFF050
:10C8BC00A82EEFF0B92EEFF0CA2EEFF0DB2EEFF032
:10C8CC000B2FEFF01C2FEFF0EC2EEFF0FA2EEFF019
:10C8DC002D2F00E8362F00E83F2F00E8482F00E806
:10C8EC00512F0000552F0000592F00005D2F000024
:10C8FC00612F0000652F0000692F00006D2F0000D4
:10C90C00712F0000752F0000792FF0F8842FF0F8AC
:10C91C008F2FF0F0A32FF0F0B82FF8F8C12FF8F804
:10C92C00CA2FF8F8D12FF8F8D82FF0F8E32FF0F839
:10C93C00EE2FF0F00330F0F01930F8F82230F8F860
:10C94C002B30F8F83230F8F83930F8F84030F8F885
:10C95C004730F8F84E30F8F85530F8F85C30F8F805
:10C96C006730F8F86E30F8F87530F8F87C30F8F875
:10C97C008330F8F88C30F8F89530F8F89E30F8F8E9
:10C98C00A730F8F8B030F8F8B930F8F8C030F8F84B
:10C99C004631F0F05D31F8F8A931FEFEFEFEFEFEE8
:10C9AC00FEFE848484FE84FFA931FEFEFEFEFE841E
:10C9BC00FEFEFE84FEFEFE8484FFA931FEFEFEFE1A
:10C9CC00FEFE84FE848484FEFFA931FEFEFEFE84FE
:10C9DC0084FEFEFE84FEFEFE84FFA931FEFEFEFEFA
:10C9EC00FEFEFEFE818181FEFEFE81FFA931FEFE70
:10C9FC00FEFEFE8181FEFE81FEFEFE81FFA931FE60
:10CA0C00FEFEFE81FEFEFE818181FFA931FEFEFE4F
:10CA1C00FEFE81FEFEFE81FEFE8181FFA931FEFE3F
:10CA2C00FEFEFEFEFEFE8A8B8B8FFFA931FE80FE82
:10CA3C00FEFE88FEFEFE88FEFEFE89FFA931FEFE8C
:10CA4C00FEFEFEFEFEFE8A8B8B8FFFA931FE80FE62
:10CA5C00FEFE88FEFEFE88FEFEFE89FFA931FEFE6C
:10CA6C00FEFEFEFEFEFEFE8383FEFE8383FFA931E7
:10CA7C00FEFEFEFEFEFEFEFEFE8383FEFE8383FFB5
:10CA8C00A931FEFEFEFEFEFEFEFEFE8383FEFE834D
:10CA9C0083FFA931FEFEFEFEFEFEFEFEFE8383FE3C
:10CAAC00FE8383FFA931FEFEFEFEFEFEFEFE8282A9
:10CABC00FEFEFE8282FFA931FEFEFEFEFE82FEFE1F
:10CACC008282FEFE82FFA931FEFEFEFEFEFEFEFE0F
:10CADC008282FEFEFE8282FFA931FEFEFEFEFE82F7
:10CAEC00FEFE8282FEFE82FFA931FEFEFEFEFEFEEF
:10CAFC00FEFEFE8686FE8686FFA931FEFEFEFE86C3
:10CB0C00FEFEFE8686FEFEFE86FFA931FEFEFEFEC2
:10CB1C00FEFEFEFEFE8686FE8686FFA931FEFEFE2A
:10CB2C00FE86FEFEFE8686FEFEFE86FFA931FEFE1A
:10CB3C00FEFEFE85FEFE858585FFA931FEFEFEFE0E
:10CB4C00FE85FEFE8585FEFEFE85FFA931FEFEFEFE
:10CB5C00FEFEFEFEFE858585FEFE85FFA931FEFEEE
:10CB6C00FEFEFE85FEFEFE8585FEFE85FFC9310AB2
:10CB7C00251D22190EFFC9310B251D22190EFFC9C7
:10CB8C00310C251D22190EFFC9312F180F0F2F2F15
:10CB9C00FFC93100FFC93101FFC93102FFC931039F
:10CBAC00FFC93104FFC93105FFC93106FFC931077F
:10CBBC00FFC93108FFC93109FFD9312F012F1120CD
:10CBCC00213031FFD9312F03121322233233FFA925
:10CBDC00312F05FD052F2F15041724252627343555
:10CBEC00362FFFA9310837FD37FD081819141B28FB
:10CBFC00292A2B6070362FFFD931B9FDB9BAFDBA8D
:10CC0C00FFD93182FD8283FD83FFD931090A3A3B7A
:10CC1C00FFD9310B407C6FFFD9312F0F2F1F5F2CA9
:10CC2C002F3FFFD9316C3C4B4C5B5C6B2FFFA93118
:10CC3C002F4DFD4D2F2F5D5E4E5F6D6E2F2F7DFDA9
:10CC4C007D2FFFA9310877FD77FD08187843537ABB
:10CC5C007B502F2F02FD7D2FFFD931B9FDB9BAFDC5
:10CC6C00BAFFD93182FD8283FD83FFD931090A3A9B
:10CC7C003BFFD9310B407C6FFFD931DCDDE0E1FFAC
:10CC8C00D931DEDFE0E1FFD931DEE2E0E4FFD9317A
:10CC9C00DCEEE0E3FFD931E5E6E7E8FFD931FDE66C
:10CCAC00FDE5FDE8FDE7FFD931E9EAEBECFFD93111
:10CCBC00EDEAEBECFFD931F2F4F3BFFFD931F4F22A
:10CCCC00BFF3FFD931C2FDC2C3FDC3FFD931C4FDCF
:10CCDC00C4C5FDC5FFD931DCFDDCEFFDEFFFD9315B
:10CCEC00F0FDF0F1FDF1FFD931DCFDF0F1FDEFFFCE
:10CCFC00D931F0FDDCEFFDF1FFD931BDBEBBBCFF7E
:10CD0C00D931B9BADADBFFCB30E0F0F531C0C1C5AF
:10CD1C00C6CCCD7576A4A5A6A75455565744454602
:10CD2C0047A0A1A2A39C9D9E9FFF1631F8E81C3141
:10CD3C00F0E8253100002B310000313100003A3190
:10CD4C0000009D310000A33100006431D8F87C3123
:10CD5C00E8F88E31F0F82D32636465FF2D32636490
:10CD6C0065666768FF2D32414141FF2D32424242D8
:10CD7C00FF2D32525252626262FF2D32515151617B
:10CD8C006161717171FFA9312F2F2F2F2F2F2F2F31
:10CD9C006364FD64FD636667FD67FD66FFD9312F33
:10CDAC002F6364FFD93100FD0010FD104FFD4F8043
:10CDBC00FD8080FD8081FD8197FD97FFD93198FD25
:10CDCC009899FD9980FD809AFD9A9BFD9BFFD93126
:10CDDC00A8FDA8A9FDA9AAFDAAABFDABFFD93141BD
:10CDEC002F2FFFD931522F62FF00000008001000D6
:10CDFC001808000808081008181000100810101067
:10CE0C001818001808181018180000000800100056
:10CE1C001800200028003000380000000808000826
:10CE2C0008100010081800180820002008280028F6
:10CE3C000830003008000800100808081010001016
:10CE4C0008101010181800180818101818200020B6
:10CE5C000820102018280028082810281830003026
:10CE6C000830103018380038083810381800000016
:10CE7C000800100800080808101000100810107F97
:10CE8C007F7F7F7F7F7F7F7F7F7C7C7879787BFF44
:10CE9C00FFFFFFFFFFFFFFFFFF000000FF0000FF91
:10CEAC00FFFFFFFFFFFFFFFFFF3F3F1F9F1FDF78CD
:10CEBC007B78797C7C7F7F7F7F7F7F7F7F7F7F000C
:10CECC000000FF0000FFFFFFFFFFFFFFFFFFFF1F42
:10CEDC00DF1F9F3F3FFFFFFFFFFFFFFFFFFFFF78BD
:10CEEC007A787A787A787A787A787A787A787A1FFF
:10CEFC005F1F5F1F5F1F5F1F5F1F5F1F5F1F5FFF56
:10CF0C00FFFFFFFFFFFFF8F8F0F2E1F5E3F2E6FFB9
:10CF1C00FFFFFFFFFFFF00000000FFFFFF0000FF0F
:10CF2C00FFFFFFFFFFFF1F1F0F4F87AFC74F67F2BA
:10CF3C00E6F2E6F2E6F2E6F2E6F2E6F2E6F2E64FC8
:10CF4C00674F674F674F674F674F674F674F67F282
:10CF5C00E6F5E3F2E1F8F0FFF8FFFFFFFFFFFF005B
:10CF6C0000FFFF00FF0000FF00FFFFFFFFFFFF4F70
:10CF7C0067AFC74F871F0FFF1FFFFFFFFFFFFF7834
:10CF8C007B78797C7C7F7F7F7F7C7C7879787B1F3A
:10CF9C00DF1F9F3F3FFFFFFFFF3F3F1F9F1FDF0034
:10CFAC000000FF0000FFFFFFFF000000FF0000007B
:10CFBC0000007F00007F7F7F7F7F7F7F7F7F7F7878
:10CFCC007A787A787A787A787A0002007A007A1FFE
:10CFDC005F1F5F1F5F1F5F1F5F0040005F005F00F0
:10CFEC000000FF000000FF00FF000000FF00000039
:10CFFC000000003F3F3F3F303030303332333000A1
:10D00C00000000FFFFFFFF00000000FF02FF2000F8
:10D01C00000000FCFCFCFC0C0C0C0CCC0CCC0C3301
:10D02C00303330333033303330333033323330CC41
:10D03C000CCC4CCC0CCC0CCC0CCC8CCC0CCC0C33FD
:10D04C00303330303030303F3F3F3F00000000FF86
:10D05C0004FF4000000000FFFFFFFF00000000CCB9
:10D06C000CCC4C0C0C0C0CFCFCFCFC000000000070
:10D07C0000FFFFFF00FF02FF20FF00FF04FF00FF87
:10D08C0000FF02FF40FF00FF08FF01FF43FF07FF07
:10D09C0004FF40FF02FF00FF00FFFFFFFF0000FF47
:10D0AC0000FF40FF02FF00FF10FF80FFC2FFE0FE09
:10D0BC0006FE46FE06FE06FE16FE86FE06FE067FF3
:10D0CC00647F607F627F607F607F687F627F60FFCC
:10D0DC0002FF40FF00FF00FF08FF80FF1FF010FF62
:10D0EC0002FF20FF00FF00FF04FF00FFFF0000FF16
:10D0FC0007FF13FF01FF00FF40FF00FFFF080800C0
:10D10C0000FFFFFFFFFF00FF02FF20FFFF0000FFFB
:10D11C00E0FFC8FF80FF00FF02FF00FFFF0808FFD1
:10D12C0000FF02FF40FF00FF02FF00FFF80F08F0B6
:10D13C0010F010F010F050F010F010F010F0100F84
:10D14C00080F0A0F080F080F080F080F090F080027
:10D15C0000007F00007F7F7F7F7C7C7879787B006C
:10D16C000000FF0000FFFFFFFF3F3F1F9F1FDF7FFF
:10D17C007F7F7F7F7F7F7F7F7F0000007F000000AD
:10D18C000000000000AAAA0000000000000000003F
:10D19C000000000F0F1F1F3838333036303430008A
:10D1AC00000000FFFFFFFF0000FF00000000000078
:10D1BC00000000F0F0F8F81C1CCC0C6C0C2C0C349F
:10D1CC003034303430343034303430343034302C3B
:10D1DC000C2C0C2C0C2C0C2C0C2C0C2C0C2C0C347B
:10D1EC00303630333038381F1F0F0F00000000006E
:10D1FC007B0079007C007F007F0000007F00000036
:10D20C00DF009F003F00FF00FF000000FF00000058
:10D21C00000000FF000000FFFFFFFF000000002CDB
:10D22C000C6C0CCC0C1C1CF8F8F0F0000000000886
:10D23C0008FFFFFF02FF00FF20FF00FF02FF0000BE
:10D24C0000FFFFFFFFFF00FF02FF20FFFF0808FFAA
:10D25C0007FF13FF01FF00FF40FF00FFFF0000FF6F
:10D26C00E0FFC8FF80FF00FF02FF00FFFF00000887
:10D27C00080808080808080808080808080808FF2B
:10D28C0000FF02FF00FF20FF02FF00FFFF0808F075
:10D29C0010FF1FF01FF01FF01FF01FFF5FF01000BA
:10D2AC0000FFFF00FF00FF00FF00FFFFFF00000872
:10D2BC0008FFFF00FF00FF00FF00FFFFFF08080F43
:10D2CC0008FFF80FF80FF80FF80FF8FFFA0F08FF28
:10D2DC0007FF43FF01FF00FF00FF80FF1FF010FF5F
:10D2EC00E0FFC2FF80FF00FF22FF00FFF80F0800E5
:10D2FC0000000000003C003C0000000000000000AA
:10D30C00003C004E004E007E004E004E000000001F
:10D31C00007C0066007C00660066007C000000005B
:10D32C00003C0066006000600066003C000000DD10
:10D33C0044FF44FFFF7711FF11FFFFDD44FF44FF63
:10D34C00FF7711FF11FFFFDD44FF44FFFF7711FF53
:10D35C0011FFFFDD44FF44FFFF7711FF11FFFF00BA
:10D36C00007E0018001800180018001800000000BB
:10D37C0000660066003C001800180018000000FF52
:10D38C00FFF789DDA3FF81B7C9FD83D7A9FF81FF13
:10D39C00FFFF81FFBDE7A5E7A5FFBDFF81FFFFFFF5
:10D3AC00FFFF81FF81FF99FF99FF81FF81FFFFFF45
:10D3BC00FF8181BDBDBDBDBDBDBDBD8181FFFFFF79
:10D3CC00FF81FF81FF81FF81FF81FF81FFFFFFFF55
:10D3DC00FFFF81C381DF85DF85FFBDFF81FFFFFF7D
:10D3EC00FF81FFBDFFA5E7A5E7BDFF81FFFFFFFFA5
:10D3FC00FF8181BD83BD83BD83BD8381FFFFFFEDB5
:10D40C0093BFC1F58BDFA1FD83AFD1FB85DFA1FD00
:10D41C0083EF91BBC5EF91BDC3F789DFA1FFFFFF80
:10D42C00FFDBA4FF80B5CAFF80DDA2F788FFFFFFFA
:10D43C00FF57A8FD02DF207B84EE11BB44FFFFFFEA
:10D44C0000FF00FF00FF00FF00FF00FF00FF0000D7
:10D45C00FF00FF00FF00FF00FF00FF00FF00FFFFC9
:10D46C00FFFFFFFFFFFFFFFFFFFFFFFFFFFFFFFFC0
:10D47C00FF7789DF21FB05AF51FD03D729FFFF00A3
:10D48C00003C0066006600660066003C0000000080
:10D49C0000180038001800180018003C00000000AC
:10D4AC00003C004E000E003C0070007E00000000AE
:10D4BC00007C000E003C000E000E007C0000000002
:10D4CC00003C006C004C004E007E000C0000000084
:10D4DC00007C0060007C000E004E003C0000000050
:10D4EC00003C0060007C00660066003C0000000010
:10D4FC00007E0006000C0018003800380000000008
:10D50C00003C004E003C004E004E003C0000000071
:10D51C00003C004E004E003E000E003C000000009F
:10D52C00007C00660066007C00600060000000006B
:10D53C00007E0060007C00600060007E0000000047
:10D54C00007E00600060007C006000600000000055
:10D55C00003C0066006600660066003C00000000AF
:10D56C00003C00660060006E0066003E000000009B
:10D57C000046006E007E005600460046000000008B
:10D58C000046004600460046004E003C00000000ED
:10D59C00003C0060003C000E004E003C000000000F
:10D5AC00003C0018001800180018003C0000000097
:10D5BC0000600060006000600060007E0000000001
:10D5CC000046004600460046002C001800000000F3
:10D5DC00007C00660066007C0068006600000000AD
:10D5EC00004600660076005E004E0046000000001B
:10D5FC00007C004E004E004E004E007C000000FFF0
:10D60C00FFFF00FF00FF00FF10FF80FF02FF000084
:10D61C0000FFFFFFFFFF00FF02FF20FFFF80808065
:10D62C0080808080808080808080808080808080EE
:10D63C0080FFFF00FF00FF00FF00FFFFFF808080E6
:10D64C0080FFFFFF00FF02FF20FF00FF00FF00FF35
:10D65C0000000000000000000000000000000007B7
:10D66C0007181F213E477F5F7F39307B62FBB2FF7B
:10D67C00A0FFC27F547F5C3F2E7F63BFF837FF0152
:10D68C00010101010101010101010101018383017A
:10D69C0001010101010101010101010101FFFFFF74
:10D6AC00FF0101010101010101010101018383FF5E
:10D6BC00FFD987D987D987D987D987D987D987D9E6
:10D6CC0087D987D987D987D987D987D987FFFFD9B0
:10D6DC0087D987D987D987D987D987D987D9870017
:10D6EC003800380038003800380038003800387CF2
:10D6FC00007C007C007C007C007C007F00FF000034
:10D70C0000000008000800080008001C001C0000B5
:10D71C0000000E011D1E062A2A272710130C0D00CF
:10D72C0000C0C0202010D0D010F030C8E808E804A9
:10D73C000703030C0C101035202A203F3F0C0C283B
:10D74C00E8D8C0404020205010B010F0F0C0C0000D
:10D75C00E001713242343555544F4E2127181B00CD
:10D76C00008080404020A0A020E06090F008C8B865
:10D77C00B884848484FCFC929292926C6CEEEE07DA
:10D78C00071F183E207F4F7F5F7070A2A2B0B0B40D
:10D79C00B464643C3C2E2E272710106C7CCFB30352
:10D7AC00030303030207060909161712110E0F08CB
:10D7BC000908080F0F080809090A0A06060E0E03C5
:10D7CC0003030303021F1E21214A554A750A350A19
:10D7DC001508080F0F080809090A0A06060E0E009C
:10D7EC000066006C00780078006C00660000000099
:10D7FC000046002C0018003800640042000000FDB8
:10D80C00FDFDFDFDFDFDFDFDFDFDFDFDFDFDFDF841
:10D81C0000E000C000800080000000000000007FDD
:10D82C00001F000F000700070003000300030000A7
:10D83C000080008000C000E000F800FF00FF000343
:10D84C0000070007000F001F007F00FF00FF00FF14
:10D85C00FFFFFF00FFFFFF00FFFF0000FFFF00FFC7
:10D86C0000FF00FF01FE02FE02FC04FC04FC04FFAE
:10D87C0002FF01FF010101FF010101FF0101010292
:10D88C0002020203030405080911122126434C006D
:10D89C0000010102020404080910132027202F871D
:10D8AC009806390E711EE13CC33CC37887788740DB
:10D8BC004F404F809F809F809F809F809F809FF8CC
:10D8CC0007F00FF00FF00FF00FF00FF00FF807400C
:10D8DC005F404F202F202710110F0F0404070778EB
:10D8EC00877C833CC31EE10FF0FFFFFF00FFFFFFAF
:10D8FC0000FF00FF000000FF000000FF000000021E
:10D90C0000020002000200020002000200020010ED
:10D91C000038007C00FE00FE00FE007C00000002CF
:10D92C00030101020204040D080A080F0F03032867
:10D93C00E8F0D0303008085404AC04FCFC30300063
:10D94C00000303030303020706090908080B0B0075
:10D95C0000C0C0C4C4E86890F0A8F84878F8B800D3
:10D96C000007070707070407040B0B101017170015
:10D97C000080808080E0E090F0A8F84878B8B80883
:10D98C00080F0F08080F0F0909090906060E0EE407
:10D99C00E422222020E0E020202020C0C0E0E0187B
:10D9AC001898989898F8F89C983C3C3C3C7E7E7F64
:10D9BC0000FEFE7E7EFEDA7E5A7E7EFCFCF8F8FED1
:10D9CC000EFEFE7E7EFEDA7E5A7E7EFCFCF8F88031
:10D9DC008083838383C302EF2E97974744242400CC
:10D9EC0000C0C0C0C0C040E060F8F8E42434341774
:10D9FC0014171417141C1F17170F0F1E1E0000F4FA
:10DA0C0024F828E82838F8E8E890907070787803C3
:10DA1C0003030303020F0E1111373771527D4EC0F1
:10DA2C00C0C0C0C040C040A0A01010FFFFCF337FCB
:10DA3C00403F3F08080F0F0909090906060E0EFCA6
:10DA4C00FC20202020E0E020202020C0C0E0E003CB
:10DA5C0003030303020706090933337754734C1885
:10DA6C0018D8D8D8D8F878DC58BCBC3C3C7E7E0999
:10DA7C000E0707080F080F090F0A0E06060E0E00F8
:10DA8C0000030303030302FF7EC93F787F090F04E1
:10DA9C00040707B8BFC0FFFFFF0000000000000034
:10DAAC0000787878787B48605FB6B08484B8B884A6
:10DABC008484848484FAFA92929E9E6767E0E000E4
:10DACC00000000787878787848407EB4B084842A56
:10DADC007B2F2F2F2F2F2F2F2F2F2F7B30313131AB
:10DAEC003131322A7C2F2F2F2F2F2F2F2F2F2F7C9E
:10DAFC00441C0C181B0E452A7D2F2F2F2F2F2F2F38
:10DB0C002F2F2F7D674646464646682A7B2F2F2FA0
:10DB1C002F2F2F2F2F2F2F7B2F2F2F2F2F002F2AF1
:10DB2C007C2F2F2F2F2F2F2F2F2F2F7C433434343C
:10DB3C003434342A7D2F2F2F2F2F2F2F2F2F2F7D43
:10DB4C00303131313131322A7B2F2F2F2F2F2F2F84
:10DB5C002F2F2F7B36150E1F0E15372A7C2F2F2FAC
:10DB6C002F2F2F2F2F2F2F7C362F2F2F2F2F372A62
:10DB7C007D2F2F2F2F2F2F2F2F2F2F7D40424242C3
:10DB8C004242412A7B2F2F2F2F2F2F2F2F2F2F7BCE
:10DB9C00361512170E1C372A7C2F2F2F2F2F2F2FB5
:10DBAC002F2F2F7C362F2F2F2F2F372A7D2F2F2FD4
:10DBBC002F2F2F2F2F2F2F7D333434343434352AFD
:10DBCC007B2F2F2F2F2F2F2F2F2F2F7B2B383939A8
:10DBDC0039393A2A7C2F2F2F2F2F2F2F2F2F2F7C95
:10DBEC002B3B2F2F2F2F3C2A7D2F2F2F2F2F2F2FDB
:10DBFC002F2F2F7D2B3B2F2F2F2F3C2A7B2F2F2F7F
:10DC0C002F2F2F2F2F2F2F7B2B3B2F2F2F2F3C2ABC
:10DC1C007C2F2F2F2F2F2F2F2F2F2F7C2B3B2F2F66
:10DC2C002F2F3C2A7D2F2F2F2F2F2F2F2F2F2F7D54
:10DC3C002B3D3E3E3E3E3F2A7B2F2F2F2F2F2F2F4B
:10DC4C002F2F2F7B303131313131322A7C2F2F2F36
:10DC5C002F2F2F2F2F2F2F7C36150E1F0E15372AF7
:10DC6C007D2F2F2F2F2F2F2F2F2F2F7D362F2F2F15
:10DC7C002F2F372A7B2F2F2F2F2F2F2F2F2F2F7B0D
:10DC8C00404242424242412A7C2F2F2F2F2F2F2FCE
:10DC9C002F2F2F7C36111210112F372A7D2F2F2F5B
:10DCAC002F2F2F2F2F2F2F7D362F2F2F2F2F372A20
:10DCBC007B2F2F2F2F2F2F2F2F2F2F7B33343434BD
:10DCCC003434352A7C2F2F2F2F2F2F2F2F2F2F7CB3
:10DCDC002B8E8E8E8E8E8E2A7D2F2F2F2F2F2F2FC9
:10DCEC002F2F2F7D303131313131322A7B2F2F2F95
:10DCFC002F2F2F2F2F2F2F7B361512170E1C372A55
:10DD0C007C2F2F2F2F2F2F2F2F2F2F7C362F2F02A3
:10DD1C00052F372A7D2F2F2F2F2F2F2F2F2F2F7D92
:10DD2C00333434343434352A7B2F2F2F2F2F2F2F8D
:10DD3C002F2F2F7B2B38393939393A2A7C2F2F2F1B
:10DD4C002F2F2F2F2F2F2F7C2B3B2F2F2F2F3C2A7A
:10DD5C007D2F2F2F2F2F2F2F2F2F2F7D2B3B2F2F23
:10DD6C002F2F3C2A7B2F2F2F2F2F2F2F2F2F2F7B17
:10DD7C002B3B2F2F2F2F3C2A7C2F2F2F2F2F2F2F4A
:10DD8C002F2F2F7C2B3B2F2F2F2F3C2A7D2F2F2FEC
:10DD9C002F2F2F2F2F2F2F7D2B3D3E3E3E3E3F0012
:10DDAC003C666666663C000018381818183C000083
:10DDBC003C4E0E3C707E00007C0E3C0E0E7C000037
:10DDCC003C6C4C4E7E0C00007C607C0E4E3C00008B
:10DDDC003C607C66663C00007E060C1838380000FF
:10DDEC003C4E3C4E4E3C00003C4E4E3E0E3C000029
:10DDFC003C4E4E7E4E4E00007C667C66667C00007F
:10DE0C003C666060663C00007C4E4E4E4E7C0000D2
:10DE1C007E607C60607E00007E60607C60600000E4
:10DE2C003C66606E663E000046467E4646460000F6
:10DE3C003C181818183C00001E0C0C6C6C380000B8
:10DE4C00666C78786C66000060606060607E0000D4
:10DE5C00466E7E56464600004666765E4E4600008E
:10DE6C003C666666663C00007C66667C6060000012
:10DE7C003C62626A643A00007C66667C68660000FC
:10DE8C003C603C0E4E3C00007E1818181818000020
:10DE9C00464646464E3C0000464646462C18000078
:10DEAC004646567E6E460000462C183864420000EA
:10DEBC0066663C18181800007E0E1C38707E000038
:10DECC00000000006060000000003C3C000000000E
:10DEDC0000221408142200000036365F495F417F8F
:10DEEC00413E221C140808FFFFFF81C1BFC1BFC106
:10DEFC00BFC1BF81FFFFFFAAAA0000000000000005
:10DF0C0000000000000000FEFEFEFEFEFEFEFEFE17
:10DF1C00FEFEFEFEFEFEFE7F7F7F7F7F7F7F7F7F8C
:10DF2C007F7F7F7F7F7F7FFF00FF40FF02FF00FF2F
:10DF3C0010FF80FF02FF00F010FF1FFF00FF40FFEB
:10DF4C0000FF02FF40FF000F08FFF8FF00FF02FF79
:10DF5C0000FF40FF02FF0000000000000000000076
:10DF6C0000000000000000000000001818383818ED
:10DF7C0018181818183C3C000000003C3C4E4E4E43
:10DF8C004E3E3E0E0E3C3C000000003C3C4E4E3CD7
:10DF9C003C4E4E4E4E3C3C000038384444BABAA27B
:10DFAC00A2BABA44443838C6C6E6E6E6E6D6D6D6B1
:10DFBC00D6CECECECEC6C6C0C0C0C00000DBDBDD28
:10DFCC00DDD9D9D9D9D9D90000303078783333B6E6
:10DFDC00B6B7B7B6B6B3B3000000000000CDCD6E37
:10DFEC006EECEC0C0CECEC0101010101018F8FD9F2
:10DFFC00D9D9D9D9D9CFCF8080808080809E9EB34B
:10E00C00B3B3B3B3B39E9EFF00FF00FF00EF00FF5E
:10E01C0000FF00FF00FF00FF00FF00FF00E700E72C
:10E02C0000FF00FF00FF0000FFFFFF00FF00FFFFED
:10E03C000000FFFF00FF0000FFFFFF01FF02FEFEDC
:10E04C000204FCFC04FC0400FFFFFF80FF407FFF88
:10E05C0040E03FFF20BF60FF00FF00FF01FE02FE1B
:10E06C0002FC04FC04FC04FF00FF00FF807F40FF67
:10E07C0040FF20FF20BF60FFFFFFFFFFFFFFFFFF00
:10E08C00FFFFFF00000000FF02FF01FF01FF01FF87
:10E09C0001FF01FF01FF017FC0FF80FF80FF80FFB8
:10E0AC0080FF80FF80FF80FE02FE02FF03FC05F86C
:10E0BC0009F112E126C34C7FC07FC0FFC0BF609F37
:10E0CC0070AF5827DC33CEFF00FF01FE02FC04F8D2
:10E0DC0009F013E027E02F879806390E711EE13CFA
:10E0EC00C33CC37887788735CB32CD3AC5798678EF
:10E0FC008778877C837C83FF00FF807FC03FE09F15
:10E10C00704FB8679C37CCC04FC04F809F809F80AA
:10E11C009F809F809F809FF807F00FF00FF00FF00B
:10E12C000FF00FF00FF8077C837E817E813EC13F9C
:10E13C00C01FE01FE01FE033CE1BE609F70DF30D07
:10E14C00F30DF30DF309F7C05FC04FE02FE027F09C
:10E15C0011BF4F0CF407FF78877C833CC31EE10F83
:10E16C00F0FFFFFF00FFFF0FF00FF00EF10EF106B6
:10E17C00F9FFFFC53FFFFF1BE613EE37CC27DC4F43
:10E18C00B8FCF3FCA3E0FFFE02FE02BF431CE5B8A3
:10E19C0049B152A16643CCFF00FF00FF00FF00FF16
:10E1AC0000FF00EF10C738FF00FB04FB04FB04FB6F
:10E1BC0004F10EF10EF10E837C01FE01FE01FE83D3
:10E1CC007CFF00837C837CF10EE01FE01FE01FE0EE
:10E1DC001FE01F807F807FF708EB14F708F708E338
:10E1EC001CE31C639C01FE00006060707078787802
:10E1FC00787070606000000000303070703030302B
:10E20C0030303078780000E0E0F0E0FBE0FCE0FC3F
:10E21C00E1FCE1FCE1FCE100000000FF000000007B
:10E22C00FF00000000000007070F07DF073F073F54
:10E23C00873F873F873F87FCE1FCE1FCE1FCE1FC89
:10E24C00E1FCE1FCE1FCE13F873F873F873F873FF3
:10E25C00873F873F873F87FCE1FCE1FCE1FCE1FC69
:10E26C00E0FFE7FFEFE0FF00000000000000FF0010
:10E27C0000FFFFFFFF00FF3F873F873F873F873F40
:10E28C0007FFE7FFF707FFF800E000C00080008001
:10E29C00000000000000007F001F000F00070007B7
:10E2AC0000030003000300000080008000C000E0B9
:10E2BC0000F800FF00FF000300070007000F001F1D
:10E2CC00007F00FF00FF00010101018181C1C1C17C
:10E2DC00C1E1E1F1F1F9F9FEFEFEFEFEFEFEFEFEED
:10E2EC00FEFEFEFEFEFEFE7E7E7F7F7F7F7F7F7FBB
:10E2FC007F7F7F7F7F7F7F7F7F3F3F9F9F8F8FCFF2
:10E30C00CFE7E7F3F3F7F7E0E0E0E0E0E0E0E0E0B0
:10E31C00E0C0C0C0C08080F0F0F0F0F0F0F0F0F0A1
:10E32C00F0F0F0F0F0F0F000007C7C474741414009
:10E33C0040404040407F400000010101018181C10B
:10E34C00C141416161E1610000FEFE060606060660
:10E35C000606060606FE0600001B1B323259594CF7
:10E36C004C8C8C8686FF830000FFFF01010101812C
:10E37C0081414141413F210000BEBE888888888888
:10E38C008888888080808000008888D8D8A8A88851
:10E39C00888888000000007F407F407F407F407F5E
:10E3AC00407F407F40477FE161E161E161E161E1F4
:10E3BC0061C1C1C1C18181FE06FE06FE06FE06FEDC
:10E3CC0006FE06FE0606FEFF83FF817F407F407F30
:10E3DC00403F203F20101F1F119F91CFC9C7C5E39D
:10E3EC0063F333F91908F880808080808080808006
:10E3FC00808080808080805F7F78786060507050F3
:10E40C00704878447C7E7E0101010101010101010B
:10E41C000101010101010106FE06FE06FE06FE06D3
:10E42C00FE06FE06FEFEFE080F444764677273513B
:10E43C007159794C7C7E7E0CFC06FE03FF01FF01BA
:10E44C00FF00FF80FF7F7F000000000000808080C5
:10E45C0080C0C0C0C0E0E07E7E7F7F7F7F7F7F7FFB
:10E46C007F7F7F7F7F7F7F00000303020202020217
:10E47C00020202020203020000FBFB0A0A12122231
:10E48C002222224242C3420000FDFD0D0D0C0C0C59
:10E49C000C0C0C0C0CFC0C0000FCFC0C0C8C8C4CB8
:10E4AC004C4C4C2C2C3C2C030203020303030302A4
:10E4BC000200000000000083828382030203020337
:10E4CC0002030203020203FC0CFC0CFC0CFC0CFC13
:10E4DC000CFC0CFC0C0CFC1C1C1C1C0C0C0C0C0468
:10E4EC000400000000000002030203020302030206
:10E4FC00030203020303030CFC0CFC0CFC0CFC0CD1
:10E50C00FC0CFC0CFCFCFC030303030303030303E0
:10E51C0003030303030303FCFCFCFCFCFCFCFCFCFE
:10E52C00FCFCFCFCFCFCFCFF00FF00FF00FF00FF00
:10E53C0000FF00FF00FF0000FF00FF00FF00FF00D6
:10E54C00FF00FF00FF00FFFFFFFFFFFFFFFFFFFFCC
:10E55C00FFFFFFFFFFFFFF00000101030307070F91
:10E56C000F1F1F3F3F7F7F0000FFFF838383838349
:10E57C008383838383FF8300007F7F202010100818
:10E58C00080404020201010000F3F3323232323289
:10E59C003232323232F332FF83FF83FF83FF83FF49
:10E5AC0083FF83FF8383FF00000000010103030747
:10E5BC00070F0B1F13233FF3B27372333313130282
:10E5CC000200000000000083FF83FF83FF83FF83B2
:10E5DC00FF83FF83FFFFFF437F233F131F0B0F07B7
:10E5EC000703030101000000000000000000000010
:10E5FC0000101030307070000078789C9C1C1C78D7
:10E60C0078E0E0FCFC0000FF0000000000000000CF
:10E61C00000000000000001B1B1B1B090900000070
:10E62C00000000000000000000000000000000607E
:10E63C00606060202000001B1B1B1B0909000000F0
:10E64C00006060606000002F2F2F2F2F2F2F2F2F97
:10E65C002F2F2F2F2F2F2F2F2F2F2F9B1D162F0AA2
:10E66C00170D2F33010908072F0E15181B109C2F9F
:10E67C001D0E1D1B121C2F15120C0E171C0E0D2F10
:10E68C001D182F2F2F2F2F0B1E15150E1D25191B87
:10E69C0018180F2F2F2F2F2F2F2F2F1C180F1D2037
:10E6AC000A1B0E2F0A170D2F2F2F2F2F2F2F1C1E4B
:10E6BC000B2515120C0E171C0E0D2F1D182F2F2F9E
:10E6CC002F2F2F2F2F1712171D0E170D18242F2F2A
:10E6DC002F2F2F2F2F2F2F2F2F2F2F2F2F2F2F2F3E
:10E6EC002F2F2F2F2F2F2F2F33010908092F0B1E00
:10E6FC0015150E1D25191B18180F2F2F2F2F2F2F07
:10E70C002F1C180F1D200A1B0E242F2F2F2F2F2FDD
:10E71C002F2F33303132312F3435363738392F2FC4
:10E72C002F2F2F2F2F2F2F2F2F2F2F2F2F2F2F2FED
:10E73C002F2F2F2F2F2F2F0A15152F1B1210111DB6
:10E74C001C2F1B0E1C0E1B1F0E0D242F2F2F2F2FBB
:10E75C002F2F2F2F2F2F2F2F2F2F2F2F2F2F2F2FBD
:10E76C002F181B121012170A152F0C18170C0E1934
:10E77C001D9C2F2F0D0E1C1210172F0A170D2F1961
:10E78C001B18101B0A162F0B222F0A150E210E22F6
:10E79C002F190A2311121D17181F9D2F2F2F2F2FE2
:10E7AC002F2F2F2F2F2F2F2F2F2F2F2F2F2F2F8E0E
:10E7BC008E8E8E8E8E8E8E8E8E8E8E8E8E8E8E8E6D
:10E7CC008E8E8E5A5B5B5B5B5B5B5B5B5B5B5B5BF5
:10E7DC005B5B5B5B5B5B5C5D808182839091928118
:10E7EC008283906C6D6E6F7071725E5D84858687AE
:10E7FC00939495858687937374757677782F5E5D81
:10E80C002F88892F96979888892F96797A7B7C7D8B
:10E81C007E2F5E5D2F8A8B2F8E8F6B8A8B2F8E7F38
:10E82C00666768696A2F5E5F6060606060606060E8
:10E83C0060606060606060606060618E3C3C3C3C2D
:10E84C003C3C3C3C3C3C3C3C3C3D3E3C3C3C8E8E55
:10E85C008C8C62638C8C3A8C8C8C8C8C3A42433BC7
:10E86C008C8C8E8E3A8C64658C8C8C8C3B8C8C8CCA
:10E87C008C44458C8C8C8E8E8C8C8C8C8C8C8C8C57
:10E88C008C8C8C8C464748493F408E8E8C8C8C8C63
:10E89C003A8C8C8C8C53548C4A4B4C4D42438E8E00
:10E8AC008C8C8C8C8C8C8C8C545556574E4F505168
:10E8BC0052458E41414141414141414141414141DA
:10E8CC00414141414141412F2F5919150A220E1B3B
:10E8DC002F2F2F9919150A220E1B2F2F2F9A9A9A28
:10E8EC009A9A9A9A2F2F2F9A9A9A9A9A9A9A2F2F93
:10E8FC002F2F2F33303132312F3435363738392FE3
:10E90C002F2F2F2F2F2F2F2F2F2F2F2F2F2F2F2F0B
:10E91C002F2F2F2F2F2F2F4748484848484848481B
:10E92C0048484848484848484848494A2C2C2C2CC8
:10E93C002C2C2C2C2C2C2C2C2C2C2C2C2C2C4B4ACE
:10E94C002C2C2C50515151515151515151522C2C64
:10E95C002C2C4B4A2C2C2C53100A160E2F1D221922
:10E96C000E542C2C2C2C4B4A2C55566D5858585850
:10E97C0058A95858586E56565A2C4B4A2C5B7877D7
:10E98C007E7F9A9B2FAA79777E7F9A9B5C2C4B4A31
:10E99C002C2D4F4F4F4F4F4F4FAC4F4F4F4F4F4F63
:10E9AC002E2C4B4A2C2C2C2C2C2C2C2C2C2C2C2C5C
:10E9BC002C2C2C2C2C2C4B4A2C2C2C2C2C2C2C2C4E
:10E9CC002C2C2C2C2C2C2C2C2C2C4B4A2C2C2C501A
:10E9DC0051515151515151515151522C2C2C4B4A96
:10E9EC002C2C2C53161E1C120C2F1D22190E542CC1
:10E9FC002C2C4B4A2C55566D5858585858A95858C9
:10EA0C0058586E565A2C4B4A2C5B78777E7F9A9BC3
:10EA1C002FAA79777E7F9A9B5C2C4B4A2C71727251
:10EA2C007272727272AB727272727272742C4B4A14
:10EA3C002C5B7A777E7F9A9B2FAA2F9D9C9C2F2FE5
:10EA4C005C2C4B4A2C2D4F4F4F4F4F4F4FAC4F4FD1
:10EA5C004F4F4F4F2E2C4B4A2C2C2C2C2C2C2C2C1F
:10EA6C002C2C2C2C2C2C2C2C2C2C4B4C4D4D4D4D17
:10EA7C004D4D4D4D4D4D4D4D4D4D4D4D4D4D4E47BF
:10EA8C0048484848484848484848484848484848FA
:10EA9C004848494A2F0A251D22190E2F2C2C2C2CA4
:10EAAC002C2C2C2C2C2C4B4A2C2C2C2C2C2C2C2C5D
:10EABC002C2C2C2C2C2C2C2C2C2C4B4A2C2C2C2C4D
:10EACC002C505151515151522C2C2C2C2C2C4B4A3A
:10EADC002C2C2C2C2C53150E1F0E15542C2C2C2C92
:10EAEC002C2C4B4A2C2C2C555657586C586C58596E
:10EAFC00565A2C2C2C2C4B4A2C2C2C5B906F916F37
:10EB0C00926F936F945C2C2C2C2C4B4A2C2C2C71CC
:10EB1C00727372737273727372742C2C2C2C4B4A2A
:10EB2C002C2C2C5B956F966F976F986F995C2C2C97
:10EB3C002C2C4B4A2C2C2C2D4F6B4F6B4F6B4F6B43
:10EB4C004F2E2C2C2C2C4B4A2C2C2C5051515151DF
:10EB5C005151515151522C2C2C2C4B4A2C2C2C53A6
:10EB6C001D1819251C0C181B0E542C2C2C2C4B4A24
:10EB7C005556706D5858585858585858586E5656CF
:10EB8C00565A4B4A5B016F6060606060602F2F606B
:10EB9C0060606060605C4B4A5B026F6060606060EC
:10EBAC00602F2F6060606060605C4B4A5B036F603D
:10EBBC0060606060602F2F6060606060605C4B4ADA
:10EBCC002D4F6B4F4F4F4F4F4F4F4F4F4F4F4F4F4F
:10EBDC004F2E4B4C4D4D4D4D4D4D4D4D4D4D4D4D79
:10EBEC004D4D4D4D4D4D4E47484848484848484876
:10EBFC0048484848484848484848494A2F0B251D2A
:10EC0C0022190E2F2C2C2C2C2C2C2C2C2C2C4B4A33
:10EC1C002C2C2C2C2C2C2C2C2C2C2C2C2C2C2C2C28
:10EC2C002C2C4B4A2C2C505151515151522C2C50B4
:10EC3C0051515151522C4B4A2C2C53150E1F0E1561
:10EC4C00542C2C5311121011542C4B4A5556575806
:10EC5C006C586C5859565A75586C586C6E5A4B4ABD
:10EC6C005B906F916F926F936F945C5B906F916FF1
:10EC7C00925C4B4A717273727372737273727471A9
:10EC8C007273727372744B4A5B956F966F976F9831
:10EC9C006F995C5B936F946F955C4B4A2D4F6B4FE8
:10ECAC006B4F6B4F6B4F2E2D4F6B4F6B4F2E4B4A49
:10ECBC002C2C2C50515151515151515151522C2CF1
:10ECCC002C2C4B4A2C2C2C531D1819251C0C181BA6
:10ECDC000E542C2C2C2C4B4A5556706D5858585899
:10ECEC0058585858586E5656565A4B4A5B016F60D6
:10ECFC0060606060602F2F6060606060605C4B4A99
:10ED0C005B026F6060606060602F2F6060606060AD
:10ED1C00605C4B4A5B036F6060606060602F2F60CB
:10ED2C0060606060605C4B4A2D4F6B4F4F4F4F4F94
:10ED3C004F4F4F4F4F4F4F4F4F2E4B4C4D4D4D4D07
:10ED4C004D4D4D4D4D4D4D4D4D4D4D4D4D4D4ECD66
:10ED5C00CDCDCDCDCDCDCDCDCD8CC9CA8C8C8C8C23
:10ED6C008C8C8C8CCBCC8C8C8C8C8C8CCED7D7D735
:10ED7C00D7D7D7D7D7D7CF2F2F2F2F2F2F2F2F2F07
:10ED8C00D02F2F2F2F2F2F2F2FD1D22F2F2F2F2FA1
:10ED9C002F2F2FD3D47C7C7C7C7C7C2F2FD5D67DC5
:10EDAC007D7D7D2F2F2F2FD82F7B7B7B7B2F2F2FA4
:10EDBC002FD82F7C7C7C7C2F2F2F2FD82F2F2F2FD1
:10EDCC002F2F2F2F2FD82F2F2F2F2F2F2F7C7C7CB7
:10EDDC007C2F2F2F2F2F2F2F2F2F7C7D7D2F2F2F01
:10EDEC002F2F2F2F7D2F2F2FD92F2F2F2F2F7BB75B
:10EDFC00B8D9B72F7C7C7C7C7C7D7D7D7D7D7D7DB9
:10EE0C007D7D7DFF4A4A4A4A4A4A5969696969695E
:10EE1C0069494A4A4A4A4A4A5A5A5A5A5A5A858552
:10EE2C008585858585855A5A3839385A6A6A6A6A59
:10EE3C006A6A6A6A6A6A6A6A6A6A6A6A6A6A6A6A26
:10EE4C000707070707070707070707070707070746
:10EE5C00070707074748484848484848484848482B
:10EE6C0048484848484848494A2C2C2C2C2C2C2CD7
:10EE7C002C2C2C2C2C2C2C2C2C2C2C4B4A2C2C169F
:10EE8C000A1B12182F1F1C24151E1210122C2C4B8F
:10EE9C004A2C2C2C2C2C2C2C2C2C505151515152AA
:10EEAC002C2C2C4B4A2C2C2C2C2C2C2C2C2C53114D
:10EEBC00121011542C2C2C4B4A2C2C5556565A2CC7
:10EECC002C2C75586C586C6E5A2C2C4B4A2C2C5B79
:10EEDC002F2F5C2C2C2C5B906F916F925C2C2C4BFD
:10EEEC004A2C2C5B2F2F5C2C2C2C7172737273722E
:10EEFC00742C2C4B4A2C2C2D4F4F2E2C2C2C5B93E2
:10EF0C006F946F955C2C2C4B4A2C2C160A1B1218E8
:10EF1C002C2C2D4F6B4F6B4F2E2C2C4B4A2C2C2CFE
:10EF2C002C2C2C2C2C2C5051515151522C2C2C4B18
:10EF3C004A2C2C2C2C2C2C2C2C2C53111210115404
:10EF4C002C2C2C4B4A2C2C5556565A2C2C2C755898
:10EF5C006C586C6E5A2C2C4B4A2C2C5B2F2F5C2C27
:10EF6C002C2C5B906F916F925C2C2C4B4A2C2C5B55
:10EF7C002F2F5C2C2C2C717273727372742C2C4B83
:10EF8C004A2C2C2D4F4F2E2C2C2C5B936F946F9561
:10EF9C005C2C2C4B4A2C2C151E1210122C2C2D4F89
:10EFAC006B4F6B4F2E2C2C4B4C4D4D4D4D4D4D4DA9
:10EFBC004D4D4D4D4D4D4D4D4D4D4D4E8EB22F2F0A
:10EFCC002F2F2F2F2F2F2F2FB330313131313132B3
:10EFDC008EB02F2F2F2F2F2F2F2F2F2FB5362F2FC8
:10EFEC002F2F2F378EB02F2F2F2F2F2F2F2F2F2F3D
:10EFFC00B5362F2F2F2F2F378EB02F2F2F2F2F2FA0
:10F00C002F2F2F2FB5404242424242418EB02F2F1C
:10F01C002F2F2F2F2F2F2F2FB536111210112F37D7
:10F02C008EB02F2F2F2F2F2F2F2F2F2FB5362F2F77
:10F03C002F2F2F378EB02F2F2F2F2F2F2F2F2F2FEC
:10F04C00B5333434343434358EB02F2F2F2F2F2F3B
:10F05C002F2F2F2FB52B8E8E8E8E8E8E8EB02F2F18
:10F06C002F2F2F2F2F2F2F2FB53031313131313210
:10F07C008EB02F2F2F2F2F2F2F2F2F2FB53615125E
:10F08C00170E1C378EB02F2F2F2F2F2F2F2F2F2FE8
:10F09C00B5362F2F2F2F2F378EB02F2F2F2F2F2FFF
:10F0AC002F2F2F2FB5333434343434358EB02F2FDB
:10F0BC002F2F2F2F2F2F2F2FB52B38393939393A96
:10F0CC008EB02F2F2F2F2F2F2F2F2F2FB52B3B2FD6
:10F0DC002F2F2F3C8EB02F2F2F2F2F2F2F2F2F2F47
:10F0EC00B52B3B2F2F2F2F3C8EB02F2F2F2F2F2FA9
:10F0FC002F2F2F2FB52B3B2F2F2F2F3C8EB02F2F99
:10F10C002F2F2F2F2F2F2F2FB52B3B2F2F2F2F3C68
:10F11C008EB12F2F2F2F2F2F2F2F2F2FB42B3D3E74
:10F12C003E3E3E3F0707070707078487878C878784
:10F13C008C87878C87878607071E1E1E1E1E792FBD
:10F14C002F8D2F2F8D2F2F8D2F2F880707B4B5BB09
:10F15C002EBC792F2F8D2F2F8D2F2F8D2F2F880792
:10F16C0007BFBFBFBFBF898A8A8E8A8A8E8A8A8E62
:10F17C008A8A8B0706060606060606060606060695
:10F18C000606060606060606161616161616161693
:10F19C00161616161616161616161616070707073F
:10F1AC0007078487878C87878C87878C8787860758
:10F1BC00071E1E1E1E1E792F2F8D2F2F8D2F2F8D6C
:10F1CC002F2F880707BDB22EBE2E792F2F8D2F2FF4
:10F1DC008D2F2F8D2F2F880707BFBFBFBFBF898AE9
:10F1EC008A8E8A8A8E8A8A8E8A8A8B07010101010D
:10F1FC0001010202030301010101020200000000EF
:10F20C00000000000707181F213E477FF2FE121E68
:10F21C00121E121E7E7EFF83FF81FFFF0000000086
:10F22C00000000000707181F213E477F04FC02FE68
:10F23C0002FE07FD07FD1FFFFFFFFFFA00000000A5
:10F24C0000000000000000000707181FFFFF7711E7
:10F25C00FF11FFFFDD44FF44FFFF7711FFFFFFFFAE
:10F26C00FFFFFFFFFFFFFFFFFFFFFFFF0000030398
:10F27C0005040303000018182C241A1A080840402F
:10F28C000707181FA0BF3B3F7C447C4410100202B0
:10F29C00E0E018F805FD8CFC78486C74000007075A
:10F2AC00181F203F303F1F1D3E223E228080808051
:10F2BC00808080800000C0C0E0E0E0E000007C7C4A
:10F2CC00666666667C7C60606060000000003C3CAA
:10F2DC0060603C3C0E0E4E4E3C3C000007071F1875
:10F2EC003E207F4F7F5F7070A2A2B0B00404070471
:10F2FC000404040D040D0404040403025F7F39307C
:10F30C007B62FBB2FFA0FFC27F547F5C0000000059
:10F31C000000030304040808090904045F7F393062
:10F32C007B62FBB2FFA0FFC27F547F5C18F804FC29
:10F33C0002FE02FE07FD07FDFFFFFFFA203F407FA4
:10F34C00407FE0BFE0BFF8FF7F7F7F5FFF11FFFFD3
:10F35C00DD44FF44FFFF7711FF11FFFF00000000A9
:10F36C0000000000000000008080C0400000000091
:10F37C000000040408081C1414140808181F203F6B
:10F38C00407F407FE0BFE0BF7F7F7F5FDD44FF4475
:10F39C00FFFF7711FF11FFFFDD44FF440000000069
:10F3AC000000202010103828282890900000464695
:10F3BC0046467E7E464646464646000000007E7E19
:10F3CC00181818181818181818180000FFFFFFFF45
:10F3DC00FFFFFFFFFFFFFFFF000000EEB4B464640B
:10F3EC003C3C2E2E27277070FC9CF79F00000000E1
:10F3FC000000010101010202020202023F2E7F63A2
:10F40C00FF98F71FF71CF7D7343FACBF030301017C
:10F41C00010100000000060605050707FFAEFF23EB
:10F42C00FF18F79FF79C7757343F6C7F0000000064
:10F43C000000010101010202020202023F2F7F7C47
:10F44C00F79CF31FF01FF0DF303FA0BFFFF4FF3E2F
:10F45C00EF38CFF80FFB0EFA0CFC04FCE020E02098
:10F46C00E020C04080800000000000000000000090
:10F47C000000000001010101020202023F2F3F3C8B
:10F48C00775CF39FF01FF01FF0FF203FFFF4FF3E6F
:10F49C00EF38CFF90EFA0EFA0CFC04FCC040C04059
:10F4AC00C04080800000000000000000F71CF73412
:10F4BC00F7BF6C7F101F505F323FF1FF00004646D4
:10F4CC00464656567E7E6E6E4646000000003C3C1C
:10F4DC0018181818181818183C3C000000000000E8
:10F4EC00000000000000000000000000020201010A
:10F4FC00000000000000000000000000407FC0FF82
:10F50C00203F223F111F727EBFBFFFFF0707060778
:10F51C00060706070707000000000000C0FF00FFF9
:10F52C0000FF02FFFFFF00000000000002020101CB
:10F53C00000000000000000000000000407FC0FF41
:10F54C00203F203F111F727EFFFFFFFF02FE02FED5
:10F55C0004FC04FC88F84E7EFFFFFFFF0000000057
:10F56C008080404000000000000007070000000001
:10F57C00FF00FD02CD3209F608F700FF0000000085
:10F58C00FF00FF00FF00FC03CC3308F77C443F3F37
:10F59C00101F101F121F191F3F3F3E3ECEF28EDA76
:10F5AC0009F909F94EFE98F8FCFC7C7C07071F183A
:10F5BC003E207F4F7F5F7070A2A2B0B00000464625
:10F5CC00666676765E5E4E4E464600000000181863
:10F5DC00181818181818000018180000121E121EFF
:10F5EC00121E121E7E7EBF83FF81FFFF0000E0E033
:10F5FC0018F804FC0CFCF8C82C342E3200004646DB
:10F60C004646464646462C2C181800000000363656
:10F61C005F495F417F413E221C140808FE02FD0534
:10F62C00FD05FF1FFFFCFFFEEF38EF39000400045F
:10F63C00000401050105030706060C0CCAC0C8C06E
:10F64C00CAC08880888708000A0008006F132F132F
:10F65C006F132F112DD12C106C102C10A020A0206A
:10F66C00A020A0A0A0A0E0E06060303008A808189E
:10F67C0008A8084808A8081808A8084800FE00FFB1
:10F68C007FFF7FC17FC17FEB7FC101FF00000000C6
:10F69C000000FF000000FF000000FF0010100B0B2B
:10F6AC00070407040302010100000000B4B4E4E401
:10F6BC00BCBCEE6EE727F010FC9C775F00000000EE
:10F6CC0007071F183F207F407F407F40000000004D
:10F6DC0000008080C040C040C04080800203050410
:10F6EC00070404070407040604050407CEFA0CFCFF
:10F6FC0008F808F808F808F808F888F8003C007EC4
:10F70C00106724C324C324C324C334C3003C006641
:10F71C0000E72CC33CC33CC33C421866000000000D
:10F72C00000020209090B8A8A8A810100A10060875
:10F73C0002040004000400040004000417502860B4
:10F74C002A6028602A60286028676860DE2B2E17E4
:10F75C006E172E176E172E172ED72E179848B050DF
:10F76C00A060A020A020A020A020A02008A80818FD
:10F77C0008A8084808B8083F08BF097F007F00FFA9
:10F78C007EFF7EC17EC17EEB7EC100FF00000000CB
:10F79C00FF00FF00FF00FF00FF00FF0000003838F3
:10F7AC0034243C243F273C273C273F2F373C17145D
:10F7BC00171F1C1FF0FF00FF02FFFFFFBFA0BFA021
:10F7CC00BFB87F7F2F2F7F7FF79CF79CFD05FD0532
:10F7DC00FD1DFFFFF7F4FFFEEF38EF3801010101CB
:10F7EC0001010202020202020101000002020202F5
:10F7FC0001010000000000000000000034C33C4385
:10F80C003C431866186608760836083418261824FF
:10F81C0018240834001800080008000800000F0F16
:10F82C001F103C2070407343674C3F2800008080C1
:10F83C00DC5C3E2232E2B1C1C34B277C00000000ED
:10F84C0000000000E0E0D010D0D0E0205C507C50F4
:10F85C0039307C4CEE82C084604331261F3CBB6245
:10F86C00F1416141C303F704EE089C609010080855
:10F87C0018183C64F2C2E3603920F20000FF00FF6C
:10F88C00FFFFFF00FF00FF0000FF00FFFFFFFF0076
:10F89C00FFFF00FF00FFFFFFFFFFFFFF38380000F6
:10F8AC00000000000000000000000000000000004C
:10F8BC00000000000E0E111111111212F31FF03F77
:10F8CC00F0BF607F101F505F303FF1FFCFFB0CFC8F
:10F8DC0008F808F808F808F808F888F84E7AC9D932
:10F8EC0009F90EFE48F898F8FCFC7C7CA0BF407F20
:10F8FC00E0FF203F111F727EFFFFFFFF003C001C4A
:10F90C00001C0018000800000000000000FF00AB05
:10F91C00005500FF0000000000000000001500185A
:10F92C00001500120015001800150012404040C0D0
:10F93C0040404040404040C0404040400E320E32BB
:10F94C000E320E320F338FB3CEF3EE730000000085
:10F95C0000000000000000008080C040000000009B
:10F96C00808047471F183F207F407F407F40BFA0CB
:10F97C00BFA0BFB87F7F3F3F777CF79CF2E6F2E6F3
:10F98C00F2E6F2E6F2E6F2E6F2E6F2E60000010159
:10F99C00010101010202020202020101F39FF01FA8
:10F9AC00F03FE0BF707F101F505F313F3E221F1FA2
:10F9BC00101F101F121F191F3F3F3E3E121E121E1A
:10F9CC00121E121E7E7EFF83FF81FFFF01010101CB
:10F9DC0001010202020202020101000060E08080CB
:10F9EC0080808080808080808080808007040704F5
:10F9FC000704070407040704070407040B090B0A90
:10FA0C000F0A1712171C141717142F2400007070EC
:10FA1C008F8F989FE0FFF09F78577F4C3B2FD0DF64
:10FA2C00F0FFC0FFC0FFFFFF00000000FFFFFFFF63
:10FA3C00FFFFFFF8F8F0F2E1F5E3F2E6FFFFFF81DC
:10FA4C00C381DF85DF85FFBDFF81FFFFFFFFFFFF68
:10FA5C00FFFFFF1F1F0F4F87AFC74F67FFFFFFFF52
:10FA6C00FFFFFF00000000FFFFFF00004F674F6724
:10FA7C004F674F674F674F674F674F67F2E6F5E386
:10FA8C00F2E1F8F0FFF8FFFFFFFFFFFF0000FFFFC0
:10FA9C0000FF0000FF00FFFFFFFFFFFF4F67AFC736
:10FAAC004F871F0FFF1FFFFFFFFFFFFFFFFFFFFF32
:10FABC00FFFFFF00000000EFE7CF240C240C240C08
:10FACC00240C240C240C240C240C240C240CE7CF24
:10FADC0000EF0000FF00FFFFFFFFFFFF0707181FED
:10FAEC00213E477F5F7F39307B62FBB2E0E018F844
:10FAFC00847CE2FEFAFE9C0CDE46DF4DFFA0FFC2CA
:10FB0C007F547F5C3F2E3F231F180707FF05FF43E1
:10FB1C00FE2AFE3AFC74FCC4F818E0E007071F1834
:10FB2C003E207F4F7F5F7070A2A2B0B0E0E0F8186B
:10FB3C007C04FEF2FEFA0E0E45450D0DB4B4646461
:10FB4C003C3C2E2E272710100C0C03032D2D2626A3
:10FB5C003C3C7474E4E408083030C0C02F242F24DB
:10FB6C002F242F24677CBCA7FFE41B1B0000000084
:10FB7C000101010103030303030207040407070443
:10FB8C000704040406060505050506060704070414
:10FB9C0004070404040407070707060606060606FE
:10FBAC00040407070505030305050E0E0F1F0110BE
:10FBBC0001100110010801070409000F0801F8F1F8
:10FBCC004EC102C78CBD84AD62CF7EFEEC90EF9F20
:10FBDC00FAF7DAE7BDBDB5ADD2EF7F7FF8F818E8DC
:10FBEC003888B808B010E0E0D030F0F01818303099
:10FBFC006060C0C0C0C0FFFF838360620A00080061
:10FC0C00080708000801F8F1F8F108016C102C1035
:10FC1C002CD12C11AC90EF9FEF9FEC9018180C0C82
:10FC2C0006C603C30303FFFFC1C106460004000C54
:10FC3C000210021002100210021002100C4C0C4C9C
:10FC4C0009490B4B0A4A1050125210507E337E3326
:10FC5C00BE93FED37E533E0B7E4B3E0BA0209030CA
:10FC6C009848984898489848984898480000000048
:10FC7C000000000001010101020202020202020264
:10FC8C000202000102020202020202030203020249
:10FC9C0002020203020206060E0A0E0A0B0A0B0AE5
:10FCAC000F0A0A0A06060A0A1A121F1F0000000091
:10FCBC001F1F3F207F477C4C7C4C7C4C000000007D
:10FCCC00E0E0F030F818F898F898F8987F4F7F40FB
:10FCDC007F4F7C4C7C4C7C7C00000000F898F81822
:10FCEC00F898F898F898F8F80000000000007C7C70
:10FCFC004E4E4E4E4E4E4E4E7C7C000000007E7E94
:10FD0C0060607C7C606060607E7E00000000464627
:10FD1C004646464646464E4E3C3C000000003C3CA7
:10FD2C0066666060606066663C3C000000004646AB
:10FD3C006E6E7E7E565646464646000000003C3CA3
:10FD4C004E4E4E4E7E7E4E4E4E4E0000FF0000003C
:10FD5C000000000000000000000000000000000097
:10FD6C00000000000101FF0101FFFFFF0000000087
:10FD7C0000000000F0F0F0B0F0B0F0F00000000077
:10FD8C000707181F203F303F18173F2C7B4F705F21
:10FD9C00909F909F707F111F3E3E3E3E00007C7CEA
:10FDAC00666666667C7C68686666000000003C3CA3
:10FDBC0066666666666666663C3C000000006060CF
:10FDCC0060606060606060607E7E000000003C3CB3
:10FDDC00666660606E6E66663E3E000000EE000079
:10FDEC00FFFFFFFFFFFFFFFFFFFFFFFF0001000210
:10FDFC000002000400080008001000108080C040C1
:10FE0C00C040E02030503050384818280000000026
:10FE1C0000000000000300030002000200000000CC
:10FE2C000000000008F8081808A8084800800080A6
:10FE3C000080008000000000000000000020002076
:10FE4C0000201F2000400040004000401C240C34C7
:10FE5C000C3404FC0E320E320E320E320000000056
:10FE6C000000000000000000000000000000000086
:10FE7C0000000000001F0018001500120000000018
:10FE8C000000000040C040C0404040400002000361
:10FE9C0000020002000200030002000208AF081A70
:10FEAC0008AD084F08A8081808A80848000000006A
:10FEBC00000000000000000000010002004015409E
:10FECC001540154015C015C117431646240C340CAB
:10FEDC003404FC0E320E320E320E320000000000E2
:10FEEC000000000000000000000000000000000006
:10FEFC00002A2001001D01090007010B000320044A
:10FF0C0000202006000A80170006010600040105E7
:10FF1C00001E800B0006801C000A10081104010250
:10FF2C00000401060000100600041005001A8024CD
:10FF3C00001501070020100400051003000D100629
:10FF4C000003100500258015001B1004001380030E
:10FF5C00001C8019001A0106000A20010009200269
:10FF6C0000141003000E8016000A100A1106101659
:10FF7C0000138025001C010600032002000E200344
:10FF8C000004200200032005000D8021001301074E
:10FF9C0000050106000401050006200300052002EF
:10FFAC00001C2003000E8012000C1004000201083B
:10FFBC0000100108001E8019001010030004100529
:10FFCC000024801C00050105001120030012802074
:10FFDC00000A1001110601000004100400041003B3
:10FFEC000002101900041007000A000000000000B5
:04FFFC00004D20088C
:020000040802F0
:100000002106200B000720060064100011061005D1
:10001000002F80160017200500062006001080180B
:10002000003401050001100E11061020000A800A9C
:10003000002B20060006200500052006000A800C83
:10004000000A01070002100B00051004000D801CBF
:1000500000750106000E801F001A0106000010073F
:10006000000510060004100800031008000C800FA3
:10007000000A01070000103D0005801F000000007D
:100080000000000000000000000000000000000070
:100090000000000000000000000000001018000434
:1000A00008000408080004141008101014181400A4
:1000B0000C04180014140804040C00180400080CA4
:1000C0000C18000C0800181014141808AA65C6654E
:1000D000FC6628663467AF66F1655466B265CE6526
:1000E0001467CE65CE65C366F7656066D467DC6766
:1000F0009D67A567E467E467E467AD673F6F4A6F94
:10010000556F606F6B6F766F816F8C6F976FA26F9B
:10011000AD6FB86FC36FCE6FD96FE46FEF6FC9F576
:10012000C5D5E5FA7FDFFE012846FE02287BFA7E70
:10013000DFA7207BF0E4A7280DAFEAE0DFEAE8DFE5
:10014000EAF0DFEAF8DFCDD264CDDD69CDFD69CD1F
:100150003C68CD216ACD446CCD656AAFEAE0DFEA48
:10016000E8DFEAF0DFEAF8DFEA7FDFE1D1C1F1C9D9
:10017000CDC769AFEAE1DFEAF1DFEAF9DF21BFDFEE
:10018000CBBE219FDFCBBE21AFDFCBBE21CFDFCBEC
:10019000BE21E96ECD98693E30EA7EDF217B65CDD8
:1001A0005D6918B7217F6518F6AFEA7EDF188521F3
:1001B0007EDF357EFE2828ECFE2028E0FE1828E4AD
:1001C000FE102097341894B2E383C7B2E3C1C7FA94
:1001D000F1DFFE01C9FAE1DFFE05C9FAE1DFFE0742
:1001E000C9FAE1DFFE08C900B5D040C700B520401C
:1001F000C700B6A180C73E05219B65C33669CD8B7C
:1002000069A7C021E4DF347EFE02281321A065C364
:1002100056693E0321A565C33669CD8B69A7C0AF7A
:10022000EAE1DFE0103E08E0123E80E014219FDFAB
:10023000CBBEC90080E1C1870080E1AC8721E765C2
:10024000C3366921E4DF347EFE042817FE0B28192B
:10025000FE0F280FFE18CA0E66C93E0121F0DF7797
:10026000C3D36521EC65C3566921E765C356694868
:10027000BC426687CD8365C8CD9565C8CD8F65C8FE
:10028000CD8965C83E02212366C3366900B0F1B648
:10029000C700B0F1C4C700B0F1CEC700B0F1DBC7F2
:1002A000CD8F65C83E07214066C33669CD8B69A7EF
:1002B000C021E4DF347EFE012812FE022813FE0373
:1002C0002814FE042815FE05CAD365C92145661801
:1002D0000D214A661808214F661803214066C3564F
:1002E000693E80E300C493838373635343332313D2
:1002F000000023436383A3C3D3E3FFCD8365C8CD4D
:100300009565C8CD8F65C83E06219566C33669CD13
:100310008B69A7C021E4DF4E340600219A66097E6E
:10032000A7CAD3655F21A566097E5706860E127B94
:10033000E20C7AE20C78E2C93B80B28787A2936232
:100340004323008040804080CD8365C8CD9565C83B
:10035000CD8F65C8CD8965C83E0321EC66C336697B
:10036000CD8B69A7C021E4DF4E34060021F1660978
:100370007EA7CAD3655F21F766097E57068718AD49
:10038000CD8F65C83E28214067C33669B78090FF8E
:100390008300D1458000F1548000D56580007066EF
:1003A00080656565645756555454545454474646C1
:1003B000454545444444343434343434343434349A
:1003C000343434343470607070708090A0D0F0E0B9
:1003D000D0C0B0A0908070605040303020202020ED
:1003E0002020202020202010103E30214D67C336D1
:1003F000693E30215167C33669CD8B69A7C021FCA6
:10040000DF7E4FFE24CAE967340600C5215567091F
:100410007EE022C1217967097EE0213E80E023C988
:100420003E20214967C336693E12214567C33669BC
:10043000CD8B69A7C0AFEAF9DF3E08E0213E80E03E
:100440002321CFDFCBBEC9803A2060C621D96ECD33
:100450000D69F004E61F473ED080EAF5DF21FB6717
:10046000C36469F004E60F4721F4DF347E21F5DF31
:10047000FE0E300A34347EE6F0B00E1DE2C9FE1ED8
:10048000CAE26835353518EEFAF0DFFE01CA6B684E
:10049000FE02CA0068FAF1DFFE01CAB668FE02CAAF
:1004A0001768C98080209D8780F820988780FB206E
:1004B000968780F620958721A96ECD0D69215A680F
:1004C0007EEAF6DF3E01EAF5DF215768C364693E44
:1004D00000EAF5DF215F687EEAF6DF215C6818EC50
:1004E0003E01EAF5DF2164687EEAF6DF21616818E3
:1004F000DB3E02EAF5DF2169687EEAF6DF21666805
:1005000018CA21F4DF342AFE0928C4FE1328D1FEBC
:100510001728DEFE2028172AFE00C8FE012805FE47
:10052000022805C93434180235357EE01DC9AFEA0A
:10053000F1DFE01A21BFDFCBBE219FDFCBBE21AFB1
:10054000DFCBBE21CFDFCBBEFAE9DFFE05280521D8
:10055000E96E182A21C96E1825E5EAF1DF21BFDF0F
:10056000CBFEAFEAF4DFEAF5DFEAF6DFE01A219F1F
:10057000DFCBFE21AFDFCBFE21CFDFCBFEE1CD987D
:1005800069C9F51DFA71DF121CF11C121DAF121C96
:100590001C121C127BFEE52809FEF52813FEFD281F
:1005A00016C9C50E1006051813C50E160604180C3C
:1005B000C50E1A06051805C50E2006042AE20C050C
:1005C00020FAC1C91CEA71DF1C3DCB274F06000988
:1005D0004E234669607CC9D56B62342ABE20032D48
:1005E000AF77D1C9C50E302AE20C79FE4020F8C1A0
:1005F000C9AFEAE1DFEAE9DFEAF1DFEAF9DFEA9F22
:10060000DFEAAFDFEABFDFEACFDF3EFFE0253E03F0
:10061000EA78DF3E08E012E017E0213E80E014E0D7
:1006200019E023AFE010E01AC911E0DF1AA7280C87
:10063000219FDFCBFE218064CD7869E91C1AA728B1
:1006400007219064CD7C69E9C911F8DF1AA7280C4D
:1006500021CFDFCBFE21A064CD7869E91C1AA72841
:100660000721A864CD7C69E9C9CDA569C921E8DF66
:100670002AA7C8FEFF28F2774721B064E61FCD7C89
:1006800069CD136BCD3C6AC9FAE9DFA7C821BE6A00
:100690003D28062323232318F72AEA78DF2AEA765F
:1006A000DF2AEA79DF2AEA7ADFAFEA75DFEA77DF65
:1006B000C9FAE9DFA7283D2175DFFA78DFFE0128B6
:1006C00037FE03282F342ABE20332D36002C2C343D
:1006D000FA79DFCB46CA8F6AFA7ADF47FAF1DFA7E9
:1006E0002804CBD0CBF0FAF9DFA72804CBD8CBF87D
:1006F00078E025C93EFF18F9FA79DF18DEFAF9DF4C
:10070000A720F1FAF1DFA720EBC90124EF56010081
:10071000E5000120FD000120DEF703187FF7031834
:10072000F77F0348DF5B0118DBE70100FDF70320DB
:100730007FF70120EDF70120EDF70120EDF7012013
:10074000EDF70120EDF70120EFF70120EFF72A4F39
:100750007E470A121C030A12C92A121C2A12C9CD8A
:10076000C769AFEA75DFEA77DF1180DF06002A127A
:100770001CCD0D6B1190DFCD0D6B11A0DFCD0D6B7E
:1007800011B0DFCD0D6B11C0DFCD0D6B2190DF11EE
:1007900094DFCD026B21A0DF11A4DFCD026B21B06D
:1007A000DF11B4DFCD026B21C0DF11C4DFCD026BDE
:1007B0000110042192DF360179856F0520F8AFEA38
:1007C0009EDFEAAEDFEABEDFC9E5AFE01A6B62CDBD
:1007D0009869E1182ACDB96BCDCE6B5FCDB96BCDE1
:1007E000CE6B57CDB96BCDCE6B4F2C2C732C722C9E
:1007F000712D2D2D2DE52170DF7EE1FE0328CACD60
:10080000B96BC35E6CD52A5F3A57137B227A32D11B
:10081000C9D52A5F3A57131318F12A4F3A470A47A6
:10082000C9E1182CFA70DFFE032010FAB8DFCB7F85
:1008300028097EFE0620043E40E01CE57DC6096FC7
:100840007EA720DD7DC6046FCB7E20D5E1CD676D10
:100850002D2DC3396D2D2D2D2DCDC56B7DC6045F7E
:1008600054CD026BFE00281FFEFF28042CC35C6CD5
:100870002DE5CDC56BCDCE6B5FCDB96BCDCE6B57B6
:10088000E17B227A3218D521E9DF3600CDA569C98E
:1008900021E9DF7EA7C83E01EA70DF2190DF2C2A24
:1008A000A7CA046C35C2D86B2C2CCDCE6BFE00CA07
:1008B000096CFE9DCA896BE6F0FEA0201A78E60F4F
:1008C0004F0600E51181DF1A6F131A67097EE12DCB
:1008D00022CDB96BCDCE6B784F0600CDB96BFA70D7
:1008E000DFFE04CABC6CE57DC6056F5D542C2C7917
:1008F000FE01280F360021026E092A121C7E12E129
:10090000C3D36C3601E11817E511C6DF21946E09D7
:100910002A121C7BFECB20F80E2021C4DF182EE506
:10092000FA70DFFE012821FE0228190E1AFABFDF35
:10093000CB7F2005AFE23E80E20C2C2C2C2C2A5FD2
:10094000160018150E1618050E103E000C2C2C2C37
:100950003AA7204F2A5F2C2A57E52C2C2AA72802D9
:100960001E012C2C36002C7EE1CB7F20137AE20C6A
:100970007BE20C2AE20C7EF680E27DF6056FCB86E8
:10098000E12D3A322D1170DF1AFE0428093C1211B4
:10099000100019C3526C219EDF3421AEDF3421BE1A
:1009A000DF34C90600E5E12C18AC78CB3F6F260098
:1009B000195EC9E57DC6066F7EE60F2818EA71DF6D
:1009C000FA70DF0E13FE01280E0E18FE0228080E24
:1009D0001DFE032802E1C92C2A5F7E57D57DC6047F
:1009E0006F46FA71DFFE011809FE03180021FFFFB0
:1009F000181C11CB6DCD5E6DCB402002CB337BE656
:100A00000FCB5F280626FFF6F0180226006FD119DB
:100A10007DE20C7CE218BE00000000000010000F18
:100A2000000011000FF0011210FFEF011210FFEF94
:100A3000011210FFEF011210FFEF011210FFEF0182
:100A40001210FFEF011210FFEF011210FFEF000F65
:100A50002C009C0006016B01C90123027702C6022B
:100A6000120356039B03DA0316044E048304B504F1
:100A7000E50411053B0563058905AC05CE05ED05CB
:100A80000A06270642065B06720689069E06B2061D
:100A9000C406D606E706F7060607140721072D0742
:100AA000390744074F07590762076B0773077B072E
:100AB00083078A07900797079D07A207A707AC0738
:100AC000B107B607BA07BE07C107C407C807CB07F7
:100AD000CE07D107D407D607D907DB07DD07DF0725
:100AE0000000000000C0A1003A00C0B1002901C010
:100AF00061003A00C0123445679ABCDEFE987AB7AE
:100B0000BEA87654310123445567889ABBA98876DC
:100B100055443322110123456789ABCDEFFEDCBA82
:100B20009876543210A182233445566778899AAB5F
:100B3000BCCD64321011235678999876679ADFFEFF
:100B4000C9854211310204081020400C18300500FC
:100B50000103050A1428500F1E3C03060C183060D0
:100B6000122448081000070E1C3870152A54040877
:100B7000102040801830600409122448901B366C05
:100B80000C18040A142850A01E3C78000E6FF97C43
:100B9000FF7C117D217D00056F487E447E4A7E4C9E
:100BA0007E000E6F3B7633764176637600F96E00F9
:100BB00076FC7502760000000E6F4C714271567122
:100BC0006271000E6FC672B872D4720273000E6F3B
:100BD0000870FA6F0000000000056F9D7E917EA9ED
:100BE0007EB57E000E6F287C247C2A7C2C7C000E37
:100BF0006F0000007A00000000000E6F0000267AEF
:100C00002A7A0000000E6F737A6F7A757A000000FE
:100C10000E6FDF7AE37AE57AE77A000E6F657B6B19
:100C20007B6F7B737B000E6F6C7876787E7886782E
:100C3000002B6F43754B7551750000000E6F8D755D
:100C400095759B7500001670347016704D7093701A
:100C5000FFFFFA6F6270747062708570F470FFFF4E
:100C600008709D740041A2444C564C424C444C3E8A
:100C70004C3C4C444C564C424C444C3E4C3C4C003E
:100C8000444C443E4E484248423A4C443E4C484410
:100C9000423E3C343C424C4800444C443E4E484268
:100CA00048423A52484C524C443A42A844009D644F
:100CB0000041A3263E3C262C343E36343E2C3400E4
:100CC000263E30223A2C1E3630A2343634302C2ABE
:100CD00000A3263E30223A2A2C34342C221400A2BF
:100CE000524E4C48444244484C44484E4C4EA35209
:100CF00042A24448A34C484C5650A2565AA35C5AB0
:100D0000A25652504C504AA84CA752A15658A3562E
:100D1000A2524E524C4E48A756A15A5CA35AA25614
:100D2000545650544C5A544C545A6066546454604F
:100D300054A35CA2605C5A5CA1565AA456A201005E
:100D4000A2343A443A303A343A2C3A2A3A2C3A44C9
:100D50003A303A343A2C3A2A3A2C342C263E38325D
:100D6000382A383238A334422AA2343A423A303A46
:100D70002E3426342E34A830A232382A383238A8FD
:100D800034A3342A241C20242C3034A82600687173
:100D90006871AE71FFFF4271CB71CB711D72FFFFA5
:100DA0004C713A723A727F727F72FFFF5671A37272
:100DB000FFFF62719D840081A352A2484AA34EA204
:100DC0004A48A344A2444AA352A24E4AA748A24A70
:100DD000A34E52A34A444401A201A34EA254A35CD1
:100DE000A25854A752A24AA352A24E4AA348A248CC
:100DF0004AA34E52A34A444401009D500081A43AA4
:100E0000323630A4322CA82AA301A43A323630A3B9
:100E1000323AA4444201009D430081A348A24244C7
:100E200048A1524EA24442A73AA2444A01A24844D1
:100E3000A14242A23A4244A3484AA3443A3A01A2F8
:100E40001EA33CA2444AA14A4AA24844A740A23A4F
:100E500040A14440A23C3A423A424448424A42A15C
:100E6000444A3A01A33A3A01009D300081A4322C51
:100E7000302A2C22A422A33001A4322C302AA32C05
:100E800032A43A3601009DC96E20A2223A223A22AB
:100E90003A223A2C442C442C442C442A422A422202
:100EA0003A223A2C442C442C443032361E011E0186
:100EB0001E2C241A3201321A282801304801480118
:100EC0003A01422C3A2C3AA32C01009DC96E20A273
:100ED000445244524452445242524252425242526A
:100EE000445244524452445242524252A40100A23B
:100EF0000106010601A10606A2010601060106017E
:100F0000060606000B733F7367736773C973FFFFB1
:100F1000B87208733C738E738E734B74FFFFC67286
:100F20001F735373B573B573B573B573B573B57379
:100F3000C074DE74DE74DE74EE74FE74FE740E75BE
:100F40000E751E751E750E752E75FFFFD4723373E8
:100F5000FFFF0273A501009D620080A23AA13A3A08
:100F6000A230303AA13A3AA23030009DE96EA0A2F8
:100F70003AA13A3AA230303AA13A3AA2303000A22D
:100F800006A10606A2060600A501009D320080A269
:100F90003AA13A3AA230303AA13A3AA23030009D12
:100FA000E96EA0A23AA13A3AA230303AA13A3AA266
:100FB0003030009D820080A23A48525052A14848E9
:100FC000A24A4448A14040A2443E40A13A3AA23E2F
:100FD000383A3032383A30323E009D530040A23029
:100FE00040404440A13E40A2443E40A1383AA23E87
:100FF000383AA12E30A2383030282C2C30282C380A
:10100000009DE96EA0A23AA13A3AA230303AA13A44
:101010003AA2303000A83AA23E38A83AA33EA240F5
:10102000A14040A2443E40A14040A2443EA840A36B
:1010300044A248A14848A24A4448A14848A24A4478
:10104000A848A34CA24EA14E4EA24E4E524E4E4C1C
:101050004EA14E4EA24E4E524E4E4C4EA14E4EA260
:101060004E4E4CA14C4CA24C4C4AA14A4AA24A4476
:101070003E40443644A14040A236A340A1363AA2A5
:10108000363044A14040A236A340A1363AA2362EC3
:10109000A536A801A33800A830A23030A830A33666
:1010A000A501A801A33EA240A14040A2443E40A108
:1010B0004040A2443EA836A33AA23EA14044A23EEC
:1010C000444848483A3EA14044A23E444646463A37
:1010D0003EA14044A23E443AA13E40A23A403AA139
:1010E0003E40A23E3E2C3A3E2630A13030A230A3F4
:1010F00030A13034A230282EA12E2EA22EA32EA154
:101100002E32A22E28A526A801A32C00A23AA13A8D
:101110003AA2322C3AA13A3AA238303AA13A3AA24B
:10112000322C3AA13A3AA22C1E00A228A14028A2B1
:101130001E3628A14028A21E3600A228A14028A2BF
:101140001E3628A14028A22C4400A21EA1361EA2B1
:101150001E3628A14028A2284000A21EA1361EA2A9
:101160001E361EA1361EA21E3600A222A13A22A2BF
:10117000223A22A13A22A2223A00A21EA1361EA29F
:101180001E361EA1361EA2A43E00363E44A444577D
:10119000756275FFFF45755E75FFFF4B757C75FFCA
:1011A000FF51759D200081AA01009D700081A2421F
:1011B00032384246343C464A38424A4C3C424C461D
:1011C000343C46402E3440009DE96E21A842A32ABB
:1011D000A842A32AA842A32A00A175AC75FFFF8FDD
:1011E00075A875FFFF9575EE75FFFF9B759D200037
:1011F00081AA01009D700081A24C4250425442508D
:101200004256425442504254424C42504254425040
:101210004256425442504254425A46564654465010
:10122000464E46504654465046503E4C3E4C3E4A32
:101230003E4A3E463E4A3E503E009DE96E21A54C48
:101240004A4642383E424200047600001476237635
:101250009DB20080A2605C605C6062605CA4600023
:101260009D920080A2524E524E5254524EA4529D14
:10127000E96E20A26260626062666260A362016FD2
:1012800076697769770000BF76AA773C780C77EBB0
:1012900077EB77F577EB77EB77FE77F577EB77EB17
:1012A00077FE77F57707781178FE77F577EB775B40
:1012B000775B771A781A781A781A789DC30080A21B
:1012C0003C3E3C3E3850A301A23C3E3C3E3850A33D
:1012D00001A20148014601420146A14246A2424202
:1012E00038A33C01A23E423E423C54A301A23E42EE
:1012F0003E423C54A301A20156015401540150A2A4
:1013000001A15054A2504EA35001009D740080A230
:10131000363836382E3EA301A2363836382E3EA354
:1013200001A2013601360132013636323230A3369F
:1013300001A2383C383C364EA301A2383C383C363A
:101340004EA301A20150014E01460146A201A1484F
:101350004EA24846A34001009DE96E20A24846489F
:10136000463E20A301A2484648463E20A301A22EA5
:101370003C2E242424243C2A3E2A3EA62EA301A14E
:1013800001A2484648462E2EA301A2484648462EB2
:101390002EA301A22A3C2A3C2E3E2E3E2E422E4255
:1013A000A638A301A10100A801A2060BA801A2066C
:1013B0000BA50101009DC50080A1464AA446A201DB
:1013C000A350A84AA301A14246A442A201A34EA150
:1013D0004E50A446A701A14046A440A201A346A1A5
:1013E000464AA442A701A13638A436A201A33CA7CD
:1013F00042A440A201009D840041A14042A440A219
:1014000001A340A842A301A13C40A43CA201A33CEB
:10141000A13C40A440A701A13632A42EA201A340C2
:10142000A13638A432A701A12E32A42EA201A32AEC
:10143000A730A42EA20100A238380138383801386C
:10144000002E2E012E2E2E012E002A2A012A2A2AB3
:10145000012A00A23838013836360136003232010E
:10146000322E2E012E00A2060B0106060B010606E7
:101470000B0106060B0106060B0106060B0106060C
:101480000B0106010B010B009D660081A7585AA3B2
:1014900058A75EA45AA201A75054A358A75AA4580B
:1014A000A201A750A34EA74E5854A34AA75A5EA321
:1014B0005AA754A450A201008E7811798E7896799B
:1014C0000000AD783879AD78BA79D5785E79D5787D
:1014D000DD79FE788479FE7884799DD10080A25CE4
:1014E000A15C5AA25C5C56524E56A252A15250A226
:1014F00052524C4844A14C52009DB20080A252A1CD
:101500005252A252A15252A244A14444A244014CBC
:10151000A14C4CA24CA14C4CA23AA13A3AA23A019D
:10152000009DE96E20A25CA15C5CA25CA15C5CA257
:101530004EA15252A25601A25CA15C5CA25CA15CCD
:101540005CA244A14848A24C0100A206A701A20B3C
:101550000B0B01A206A701A20B0B0B0100A248A1D5
:101560004852A244A14452A242A14252A248A148D8
:1015700052A24CA14C52A244A14452A24844A148B8
:1015800052565A003AA13A3AA23AA13A3AA23AA19C
:101590003A3AA23AA13A3AA23AA13A3AA23AA13A3E
:1015A0003AA236A13636A236010048A14848A248E0
:1015B000A14848A248A14848A248A14848A244A13D
:1015C0004444A244A14444A242A14242A242010096
:1015D000A2010B010B010B010B010B010B010B0B0A
:1015E0000100A248A14852A244A14452A242A142F1
:1015F00052A248A14852A24CA14C52A248A1485222
:10160000A24452A35C003AA13A3AA23AA13A3AA2C1
:101610003AA13A3AA23AA13A3AA23AA13A3AA23ABD
:10162000A13A3AA2013AA34C0048A14848A248A1D5
:101630004848A248A14848A248A14848A244A14419
:1016400044A244A14444A2014CA34400047A0000F3
:101650009DC20040A25CA15C5AA25C5C56524E56F0
:10166000A252A15250A252524C48A14442A244A4B8
:1016700001002C7A00004B7A9DC20080A25CA15C24
:101680005AA25C5C56524E56A252A15250A2524CE3
:101690004452A35CA401009DE96E20A25CA15C5CA5
:1016A000A25CA15C5CA24E525601A25CA15C5CA251
:1016B0005CA15C5CA2524C4401A501777A000096C3
:1016C0007AB47A9DC20080A25CA15C5AA25C5C568E
:1016D000524E56A252A15250A2524C4452A35CA464
:1016E00001009DC20040A24EA14E52A2564EA348F8
:1016F00048A24CA14C4AA24C44344CA34CA5010036
:101700009DE96E20A25CA15C5CA25CA15C5CA24E27
:1017100052A15656A256A25CA15C5CA25CA15C5C84
:10172000A2524CA14444A201A50100E97A0000089C
:101730007B257B4F7B9DC20080A25CA15C5AA25C92
:101740005C56524E56A252A15250A2524C4452A341
:101750005CA401009DB20080A24EA14E52A2564E42
:10176000A34848A24CA14C4AA24C44344CA34CA5DB
:10177000019DE96E20A25CA15C5CA25CA15C5C4E58
:10178000565C564E443E44A25CA15C5CA25CA15CEB
:101790005C524C444C5C01A201A501A20B0B0B0B4B
:1017A000A20B0B0B01A20B0B0B0BA20B0B0B01A53E
:1017B00001777BCE7B0000967BF27BA87B027CBB13
:1017C0007B127C9DD10080A25CA15C5AA25C5C561D
:1017D000524E56A252A15250A252524C4844A14CD1
:1017E0005200A252A701A2444444014CA701A23ACC
:1017F0003A3A0100A25CA701A24E525601A25CA790
:1018000001A244484C0100A206A701A20B0B0B0148
:10181000A206A701A20B0B0B0100A248A14852A2ED
:1018200044A14452A242A14252A248A14852A24C11
:10183000A14C52A248A14852A25C52A35C00013ABA
:10184000013A013A013A013A013A013AA334014816
:1018500001480148014801440144014CA344A2014C
:101860000B010B010B010B010B010BA2010B0B0177
:101870002E7C0000637C977CCB7C9DB30080A652BD
:10188000A150A652A150A652A148A301A64CA14A1C
:10189000A64CA14AA64CA142A301A63EA142A64441
:1018A000A148A64CA150A652A156A652A16A009DDD
:1018B0009300C0A642A140A642A140A642A142A3D5
:1018C00001A63AA138A63AA138A63AA13AA301A6A0
:1018D00038A138A63AA13EA642A144A648A14CA6EA
:1018E00042A1429DE96EA0A648A146A648A146A6EF
:1018F00048A152A301A644A142A644A142A644A1E4
:101900004CA301A648A13AA63EA142A644A148A6DE
:101910004CA150A652A13AA60BA106A60BA106A661
:101920000BA106A301A60BA106A60BA106A60BA15F
:1019300006A301A60BA106A60BA106A60BA106A352
:1019400001A60BA1062E7DFFFF017D297D357D5B64
:101950007D827D5B7DA47DC67DFFFF037D3B7D6C2D
:101960007D937D6C7DB57D077EFFFF137D3E7D41C0
:101970007DFFFF237D9D600081009D200081AA01E5
:1019800000A30150545800A50100A50100A30106C1
:10199000010601A20606A30106A30106010601A293
:1019A00006060101060600A75AA25EA75AA258A77A
:1019B00058A254A758A254009DC96E20A25A62682A
:1019C000705A6268705A64666C5A64666C00A754F8
:1019D000A250A754A250A750A24CA74AA250005808
:1019E0005E646C585E646C5054585E50585E64007F
:1019F000A754A250A754A250A750A24CA74AA2464F
:101A000000585E646C585E646C5054585E50585E6A
:101A10006400A74AA24CA74AA246A746A244A746EA
:101A2000A24AA74CA250A74CA24AA74AA246A74A3C
:101A3000A24CA750A24EA750A252A758A254A75AF0
:101A4000A254A752A250A74CA24AA242383C4AA391
:101A50004201004A52585E4A585E625462686C54B1
:101A600062686C464C545E464C545A50585E645002
:101A70005E646C4A50585E4A585E624E545A624EDA
:101A8000545A6650585E64505E6468A85AA30100B8
:101A90004E7E00005E7E6D7E7D7E9DB10080A70142
:101AA000A15E5EA668A15EA468009D910080A7016A
:101AB000A15454A65EA158A45E9DE96E20A701A181
:101AC0004E4EA658A150A35801A701A10606A60B89
:101AD000A106A00606060606060606A301BB7E288A
:101AE0007FBB7E737FFFFF917EE57E4F7FE57E9615
:101AF0007FFFFF9D7EFB7E617FFB7EAE7FFFFFA9A8
:101B00007E117FFFFFB57E9D820080A254A15454B8
:101B1000544A464AA254A1545454585C58A254A161
:101B2000545458545254A1585C585CA258A1565869
:101B3000009D620080A2014401400144014601442D
:101B4000014401400140009DE96E20A254544A52D4
:101B500054544A58545452544E544A5200A2060BFC
:101B6000060B060B060B060B060B06A10B0B06A2BB
:101B70000BA10600A25EA15E5E5E545054A25EA15F
:101B80005E5E5E626662A25EA15E5CA258A158546F
:101B9000A152545254A252A14E5200A20146014AEF
:101BA0000146014A014601460146014600A246544B
:101BB0005454465454544654525844524A5800A21D
:101BC00062A16262625E5A5EA262A16262625E5A53
:101BD0005EA262A14A4EA252A14A5CA358A154A699
:101BE0006C00A2014A014A014A014A01A14646A2EB
:101BF00046A14646A346A2440100A2425A505A4278
:101C00005A505A4AA15252A252A15252A352A2541D
:101C100001000000000000000000000000000000C3
:101C200000000000000000000000000000000000B4
:101C3000000000000000000000000000C3D364C3E7
:101C4000A569000000000000000000000080000006
:101C5000F0F0FCFCFCFCF3F33C3C3C3C3C3C3C3CEE
:101C6000F0F0F0F00000F3F3000000000000CFCF30
:101C700000000F0F3F3F0F0F00000000C0C00F0F0C
:101C8000000000000000F0F0000000000000F3F38E
:101C9000000000000000C0C0030303030303FFFFB4
:101CA000C0C0C0C0C0C0C3C3000000000000FCFC36
:101CB000F3F3F0F0F0F0F0F03C3CFCFCFCFC3C3CBE
:101CC000F3F3F3F3F3F3F3F3F3F3C3C3C3C3C3C304
:101CD000CFCFCFCFCFCFCFCF3C3C3F3F3C3C0F0F00
:101CE0003C3CFCFC0000FCFCFCFCF0F0F0F0F0F0F4
:101CF000F3F3F3F3F3F3F0F0C3C3C3C3C3C3FFFFC2
:101D0000CFCFCFCFCFCFC3C30F0F0F0F0F0FFCFC21
:101D10003C42B9A5B9A5423C00000000000000000B
:101D200000000000000000000000000000000000B3
:101D300000000000000000000000000000000000A3
:101D40000000000000000000000000000000000093
:101D50000000000000000000000000000000000083
:101D60000000000000000000000000000000000073
:101D70000000000000000000000000000000000063
:101D80000000000000000000000000000000000053
:101D90000000000000000000000000000000000043
:101DA0000000000000000000000000000000000033
:101DB0000000000000000000000000000000000023
:101DC0000000000000000000000000000000000013
:101DD0000000000000000000000000000000000003
:101DE0000102030405060708090A0B0C190000008C
:101DF00000000000000000000000000000000000E3
:101E00000D0E0F10111213141516171809080302DE
:101E1000050407060807000001020408100000007E
:101E20004000480050005800600000000000FF7FA4
:101E300000000080FF9F010000A0FFFD020000FEE7
:101E40009FFE030000FFFFFF04000000CF007EFFA5
:101E5000000000F8FFFFFFFFFFFFFF00803F00FFD3
:101E6000BFFF3F00FFBF7FFF9FFFBFFFFF0000BF1F
:101E700077F3F1FFFFFFFFFFFFFFFFFF0000000010
:101E800000000000000000000000000000800000D2
:101E90000000000000000000FFFFFFFFFFFFFFFF4A
:101EA000FFFFFFFFFFFFFFFFFFFFFFFFFFFFFFFF42
:101EB000FFFFFFFFFFFFFFFFFFFFFFFFFFFFFFFF32
:101EC000FFFFFFFFFFFFFFFFFFFFFFFFFFFF6BAD08
:101ED0009552010057470108B9480108232D302BBE
:101EE0002000686C4C00656667454647003031321B
:101EF0003334353637383941424344454600303172
:101F000032333435363738396162636465660000D0
:081F1000D0E2FD7F010000009A
:081F1800C50100087551000825
:081F2000A10100087F51000837
:101F28000024F4001000000001000000CDDB0008D0
:101F3800E3DB00080BDC00084DDC000875DC00085A
:101F480095DC0008B5DC0008D5DC0008EBDC0008EF
:101F580001DD00083BDD00087BDD0008A3DD00088B
:101F6800C3DD0008E3DD000803DE000819DE000811
:101F78002FDE000857DE000899DE0008C1DE0008E1
:101F8800E1DE000801DF000821DF000837DF000874
:101F98004DDF000887DF0008C7DF0008EFDF000813
:101FA8000FE000082FE000084FE0000865E0000897
:101FB8009BE00008C3E0000833E100085BE100088B
:101FC8007BE100089BE10008BBE10008D1E10008C3
:101FD80007E2000841E20008AFE20008D7E2000883
:101FE800F7E2000817E3000837E300084DE30008AC
:101FF80089E300089FE300080FE400082FE40008C5
:1020080067E400089FE40008D7E40008EDE400084E
:1020180029E5000857E50008C5E50008E5E50008DA
:1020280005E6000825E6000845E600085BE6000826
:1020380083E60008ABE60008D3E60008FBE60008E4
:1020480023E700084BE700088BE70008B3E7000820
:10205800DBE7000803E800082BE8000853E800085D
:102068007BE80008A3E80008E3E800080BE900089B
:1020780033E900085BE9000883E90008ABE90008D8
:10208800D3E90008FBE900083BEA000863EA000816
:102098008BEA0008B3EA0008DBEA000803EB000853
:1020A8002BEB000853EB000893EB0008BBEB000890
:1020B800E3EB00080BEC000833EC00085BEC0008CD
:1020C80083EC0008ABEC0008EBEC000813ED00080B
:1020D8003BED000863ED00088BED0008B3ED000848
:1020E800DBED000803EE000843EE00086BEE000885
:1020F800ADEE0008EFEE000831EF000873EF0008BE
:10210800B5EF0008F7EF00080DF000084FF00008E1
:1021180077F000089FF00008C7F00008EFF000080B
:1021280017F100083FF100087FF10008A7F1000847
:10213800CFF10008F7F100081FF2000847F2000885
:102148006FF2000897F20008D7F20008FFF20008C3
:1021580027F300084FF3000877F300089FF30008FF
:10216800C7F30008EFF300082FF4000857F400083D
:1021780077F4000897F40008B7F40008D7F40008CB
:10218800F7F4000817F500084FF500086FF5000888
:1021980099F50008C3F50008EDF5000817F60008E2
:1021A80041F600086BF60008ABF60008D5F6000803
:1021B800F5F6000815F7000835F7000855F7000888
:1021C80075F7000895F70008CDF70008EDF7000847
:1021D8000DF800082DF800084DF800086DF8000803
:1021E8008DF80008ADF80008E5F8000805F90008C2
:1021F80025F9000845F9000865F9000885F900087F
:10220800A5F90008C5F90008FDF900081DFA00083D
:102218003DFA00085DFA00087DFA00089DFA0008FA
:10222800BDFA0008DDFA00081DFB00083DFB0008A8
:1022380073FB00089BFB0008D1FB0008E7FB0008C4
:102248001DFC000855FC000875FC00088DFC000802
:10225800C3FC0008D9FC0008150301080FFD00089D
:1022680045FD00085BFD00087BFD000893FD0008A4
:10227800CFFD0008F7FD00081503010833FE00082C
:102288006FFE0008A7FE0008BDFE0008D5FE000886
:1022980011FF000827FF00081503010863FF000865
:1022A800150301089FFF0008BFFF0008D7FF0008BB
:1022B800F9FF0008210001081503010815030108AA
:1022C8004D000108850001089B000108B3000108C2
:1022D800C9000108010101081503010815030108D7
:1022E80015030108230101083901010851010108FA
:1022F8007101010899010108C301010815030108CA
:10230800D9010108170201082D0201084502010838
:102318006D020108A5020108C5020108150301089C
:1023280015030108DB020108FD0201088D1F0108E1
:10233800AD1F0108CD1F0108ED1F01080D20010880
:102348002D2001084D20010885200108A52001083D
:10235800C5200108E52001080521010825210108FB
:1023680045210108652101089D210108BD210108B9
:10237800DD210108FD2101081D2201083D22010877
:102388005D2201087D220108B5220108D522010835
:10239800F5220108152301083523010855230108F2
:1023A8007523010895230108CD230108ED230108B1
:1023B8000D2401082D2401084D2401086D2401086D
:1023C8008D240108AD240108E5240108052501082C
:1023D80025250108452501086525010885250108E9
:1023E800A5250108C5250108FD2501081D260108A8
:1023F8003D2601085D2601087D2601089D26010865
:10240800BD260108DD260108152701083527010822
:10241800552701087527010895270108B5270108E0
:10242800D5270108F52701082D2801084D2801089E
:102438006F28010891280108B3280108D528010848
:10244800F7280108192901085329010875290108E5
:1024580097290108B9290108DB290108FD29010884
:102468001F2A0108412A01087B2A01089D2A010820
:10247800BF2A0108E12A0108032B0108252B0108BE
:10248800472B0108692B0108A32B0108C52B01085C
:10249800E72B0108092C01082B2C01084D2C0108F9
:1024A8006F2C0108912C0108CB2C0108ED2C010898
:1024B8000F2D0108312D0108532D0108752D010834
:1024C800972D0108B92D0108F32D0108152E0108D3
:1024D800372E0108592E01087B2E01089D2E010870
:1024E800BF2E0108E12E01081B2F01083D2F01080E
:1024F8005F2F0108812F0108A32F0108C52F0108AC
:10250800E72F010809300108433001086530010848
:1025180087300108A9300108CB300108ED300108E7
:102528000F310108313101086B3101088D31010883
:10253800AF310108D1310108F33101081532010822
:10254800373201085932010893320108B5320108BF
:10255800D7320108F93201081B3301083D3301085D
:102568005F33010881330108BB330108DD330108FB
:10257800FF33010821340108433401086534010898
:1025880087340108A9340108E33401080535010836
:1025980027350108493501086B3501088D350108D3
:1025A800AF350108D13501080B3601082D36010871
:1025B8004F3601087136010893360108B53601080F
:1025C800D7360108F93601083337010855370108AD
:1025D8007737010899370108BB370108DD3701084B
:1025E800FF370108213801085B3801087D380108E8
:1025F8009F380108C1380108E33801080539010886
:10260800273901084939010883390108A539010822
:10261800C7390108E93901080B3A01082D3A0108C0
:102628004F3A0108713A0108AB3A0108CD3A01085E
:10263800EF3A0108113B0108333B0108553B0108FB
:10264800773B0108993B0108D33B0108F53B01089A
:10265800173C0108393C01085B3C01087D3C010836
:102668009F3C0108C13C0108FB3C01081D3D0108D5
:102678003F3D0108613D0108833D0108A53D010872
:10268800C73D0108E93D0108233E0108453E010810
:10269800673E0108893E0108AB3E0108CD3E0108AE
:1026A800EF3E0108113F01084B3F01086D3F01084B
:1026B8008F3F0108B13F0108D33F0108F53F0108EA
:1026C8001740010839400108734001089540010886
:1026D800B7400108D9400108FB4001081D41010825
:1026E8003F410108614101089B410108BD410108C2
:1026F800DF4101080142010823420108454201085F
:102708006742010889420108C3420108E5420108FD
:1027180007430108294301084B4301086D43010899
:102728008F430108B1430108EB4301080A06000280
:102738000000004001000000196501080967010850
:102748000D68010800000000336B0108C569010825
:10275800C36A01080000000000000000000000003B
:10276800196C0108A96B0108896C0108F96C01084A
:1027780009024300020100C03209040000010202FC
:1027880001000524001001052401000104240202AF
:10279800052406000107058203080010090401004A
:1027A800020A000000070501024000000705810237
:1027B80040000081018200005985010881850108D7
:1027C800918501084D860108CD860108F18601082A
:1027D8001587010875870108398701089D87010851
:1027E800C1870108FD8701081201000202020040AA
:1027F8008304405700020102030100000403090496
:102808001A030000000000000000000000000000A3
:102818000000000000000000000000000009002087
:10282800000000005CDD0120C4DD01202CDE012059
:102838000000000000000000000000000000000090
:102848000000000000000000000000000000000080
:102858000000000000000000000000000000000070
:0C28680000000000000000000000000064
:0400000508000B9153
:00000001FF
